truth_case,truth_family,noise_fraction,noise_pct,realization,correct_min_E_joint,wrong_min_E_joint,margin,correct_selected,master_seed,spawn_key,pool_size
MPL-discriminated,MPL,0.01,1.0,0,0.021738335644442303,0.12896783679061602,0.10722950114617372,True,20260911,0,1000
MPL-discriminated,MPL,0.01,1.0,1,0.015753707671971547,0.13041758404620862,0.11466387637423708,True,20260911,0,1000
MPL-discriminated,MPL,0.01,1.0,2,0.022147532963219495,0.12928998496570068,0.10714245200248118,True,20260911,0,1000
MPL-discriminated,MPL,0.01,1.0,3,0.01697571002128326,0.12905754733427652,0.11208183731299326,True,20260911,0,1000
MPL-discriminated,MPL,0.01,1.0,4,0.022220468752655684,0.13039643063932213,0.10817596188666645,True,20260911,0,1000
MPL-discriminated,MPL,0.01,1.0,5,0.018461827179636056,0.12971414363841832,0.11125231645878227,True,20260911,0,1000
MPL-discriminated,MPL,0.01,1.0,6,0.01840493219823668,0.12953449149878307,0.1111295593005464,True,20260911,0,1000
MPL-discriminated,MPL,0.01,1.0,7,0.02632111717632339,0.13074243225955356,0.10442131508323017,True,20260911,0,1000
MPL-discriminated,MPL,0.01,1.0,8,0.016952993309277548,0.12958359688898777,0.11263060357971022,True,20260911,0,1000
MPL-discriminated,MPL,0.01,1.0,9,0.01939788094474233,0.12892996188231898,0.10953208093757665,True,20260911,0,1000
MPL-discriminated,MPL,0.01,1.0,10,0.018798685200079223,0.130535984166511,0.11173729896643177,True,20260911,0,1000
MPL-discriminated,MPL,0.01,1.0,11,0.016071344769631117,0.129237540622673,0.11316619585304188,True,20260911,0,1000
MPL-discriminated,MPL,0.01,1.0,12,0.023521512895857355,0.1313567362773857,0.10783522338152834,True,20260911,0,1000
MPL-discriminated,MPL,0.01,1.0,13,0.019831467275849207,0.12933397683828093,0.10950250956243172,True,20260911,0,1000
MPL-discriminated,MPL,0.01,1.0,14,0.02793979732933194,0.13221366325993555,0.10427386593060362,True,20260911,0,1000
MPL-discriminated,MPL,0.01,1.0,15,0.025369760335416016,0.13124793102545076,0.10587817069003475,True,20260911,0,1000
MPL-discriminated,MPL,0.01,1.0,16,0.015786115236816892,0.1300217408743639,0.11423562563754702,True,20260911,0,1000
MPL-discriminated,MPL,0.01,1.0,17,0.021966519072571956,0.12950755806593153,0.10754103899335958,True,20260911,0,1000
MPL-discriminated,MPL,0.01,1.0,18,0.016285566028826394,0.12982374055181614,0.11353817452298975,True,20260911,0,1000
MPL-discriminated,MPL,0.01,1.0,19,0.014148313530597105,0.12865563337261834,0.11450731984202124,True,20260911,0,1000
MPL-discriminated,MPL,0.01,1.0,20,0.015148695122861922,0.12697735431994522,0.1118286591970833,True,20260911,0,1000
MPL-discriminated,MPL,0.01,1.0,21,0.019070662088780024,0.1305082993888992,0.11143763730011919,True,20260911,0,1000
MPL-discriminated,MPL,0.01,1.0,22,0.017432146319940493,0.12943065603975373,0.11199850971981323,True,20260911,0,1000
MPL-discriminated,MPL,0.01,1.0,23,0.020250610242263493,0.13074866533201673,0.11049805508975324,True,20260911,0,1000
MPL-discriminated,MPL,0.01,1.0,24,0.02354575502032689,0.12960967550128646,0.10606392048095957,True,20260911,0,1000
MPL-discriminated,MPL,0.01,1.0,25,0.022752983405177597,0.13000064170149234,0.10724765829631475,True,20260911,0,1000
MPL-discriminated,MPL,0.01,1.0,26,0.015504455237735212,0.13056035605525593,0.11505590081752072,True,20260911,0,1000
MPL-discriminated,MPL,0.01,1.0,27,0.016579983173616166,0.13037611525061385,0.11379613207699768,True,20260911,0,1000
MPL-discriminated,MPL,0.01,1.0,28,0.01826893529090571,0.12972209643065455,0.11145316113974885,True,20260911,0,1000
MPL-discriminated,MPL,0.01,1.0,29,0.02217555010810253,0.12973452921419049,0.10755897910608796,True,20260911,0,1000
MPL-discriminated,MPL,0.01,1.0,30,0.019916371745734827,0.12911838980222456,0.10920201805648974,True,20260911,0,1000
MPL-discriminated,MPL,0.01,1.0,31,0.02221179075532808,0.12918034226681752,0.10696855151148943,True,20260911,0,1000
MPL-discriminated,MPL,0.01,1.0,32,0.015052070097783688,0.12955745075754524,0.11450538065976155,True,20260911,0,1000
MPL-discriminated,MPL,0.01,1.0,33,0.017732498802359376,0.13026615908081116,0.11253366027845178,True,20260911,0,1000
MPL-discriminated,MPL,0.01,1.0,34,0.014718128656201417,0.1295525215072237,0.11483439285102229,True,20260911,0,1000
MPL-discriminated,MPL,0.01,1.0,35,0.026194035680152456,0.13130864819383753,0.10511461251368508,True,20260911,0,1000
MPL-discriminated,MPL,0.01,1.0,36,0.014520944436340055,0.12895836731587781,0.11443742287953776,True,20260911,0,1000
MPL-discriminated,MPL,0.01,1.0,37,0.021999600883885147,0.1296865001059458,0.10768689922206065,True,20260911,0,1000
MPL-discriminated,MPL,0.01,1.0,38,0.014340502084724102,0.128073967895767,0.11373346581104289,True,20260911,0,1000
MPL-discriminated,MPL,0.01,1.0,39,0.016406605244526716,0.12840498318436247,0.11199837793983575,True,20260911,0,1000
MPL-discriminated,MPL,0.01,1.0,40,0.01741844050445744,0.1292921674661659,0.11187372696170846,True,20260911,0,1000
MPL-discriminated,MPL,0.01,1.0,41,0.022294179461334638,0.13057931739042664,0.108285137929092,True,20260911,0,1000
MPL-discriminated,MPL,0.01,1.0,42,0.01544534787867104,0.12862331274482663,0.1131779648661556,True,20260911,0,1000
MPL-discriminated,MPL,0.01,1.0,43,0.017093700022304145,0.12777198452371122,0.11067828450140707,True,20260911,0,1000
MPL-discriminated,MPL,0.01,1.0,44,0.015061849663184738,0.13021625288041064,0.11515440321722589,True,20260911,0,1000
MPL-discriminated,MPL,0.01,1.0,45,0.020416498614690498,0.12788029931322323,0.10746380069853273,True,20260911,0,1000
MPL-discriminated,MPL,0.01,1.0,46,0.01808593162867315,0.12868179585685643,0.11059586422818328,True,20260911,0,1000
MPL-discriminated,MPL,0.01,1.0,47,0.018021333490815465,0.12834117220843144,0.11031983871761597,True,20260911,0,1000
MPL-discriminated,MPL,0.01,1.0,48,0.019093216886232462,0.12883163656994567,0.10973841968371321,True,20260911,0,1000
MPL-discriminated,MPL,0.01,1.0,49,0.015003017034506317,0.1298951778062046,0.11489216077169828,True,20260911,0,1000
MPL-discriminated,MPL,0.01,1.0,50,0.017393670500667598,0.12958423014910497,0.11219055964843738,True,20260911,0,1000
MPL-discriminated,MPL,0.01,1.0,51,0.017894182346769687,0.13031728722836453,0.11242310488159483,True,20260911,0,1000
MPL-discriminated,MPL,0.01,1.0,52,0.02520433109680175,0.13009747215277126,0.1048931410559695,True,20260911,0,1000
MPL-discriminated,MPL,0.01,1.0,53,0.017010404560501215,0.12922570063863043,0.11221529607812922,True,20260911,0,1000
MPL-discriminated,MPL,0.01,1.0,54,0.02551075147237026,0.1293482976382193,0.10383754616584906,True,20260911,0,1000
MPL-discriminated,MPL,0.01,1.0,55,0.02098683867505663,0.1302311613711701,0.10924432269611348,True,20260911,0,1000
MPL-discriminated,MPL,0.01,1.0,56,0.018350325198341733,0.1304254713481386,0.11207514614979686,True,20260911,0,1000
MPL-discriminated,MPL,0.01,1.0,57,0.02246508253016888,0.13014009248369401,0.10767500995352514,True,20260911,0,1000
MPL-discriminated,MPL,0.01,1.0,58,0.015466236959837626,0.12831554544703608,0.11284930848719846,True,20260911,0,1000
MPL-discriminated,MPL,0.01,1.0,59,0.017250325985992323,0.1285599742200417,0.11130964823404937,True,20260911,0,1000
MPL-discriminated,MPL,0.01,1.0,60,0.016844217856769185,0.12873159787739902,0.11188738002062984,True,20260911,0,1000
MPL-discriminated,MPL,0.01,1.0,61,0.015116794231825768,0.1272467860438776,0.11212999181205183,True,20260911,0,1000
MPL-discriminated,MPL,0.01,1.0,62,0.017644940936767228,0.12886392110165407,0.11121898016488684,True,20260911,0,1000
MPL-discriminated,MPL,0.01,1.0,63,0.017817959327618253,0.12925751268713412,0.11143955335951586,True,20260911,0,1000
MPL-discriminated,MPL,0.01,1.0,64,0.025102048573789008,0.12931474331180198,0.10421269473801298,True,20260911,0,1000
MPL-discriminated,MPL,0.01,1.0,65,0.02006360635328899,0.12841998162103369,0.10835637526774469,True,20260911,0,1000
MPL-discriminated,MPL,0.01,1.0,66,0.02683131708518366,0.12834755628646236,0.1015162392012787,True,20260911,0,1000
MPL-discriminated,MPL,0.01,1.0,67,0.033837759248260206,0.13202196841343228,0.09818420916517206,True,20260911,0,1000
MPL-discriminated,MPL,0.01,1.0,68,0.025807929431073566,0.12988786276681408,0.1040799333357405,True,20260911,0,1000
MPL-discriminated,MPL,0.01,1.0,69,0.01609273684131292,0.12929685528467413,0.11320411844336122,True,20260911,0,1000
MPL-discriminated,MPL,0.01,1.0,70,0.023257125360667378,0.12858419579955754,0.10532707043889017,True,20260911,0,1000
MPL-discriminated,MPL,0.01,1.0,71,0.01987527987587204,0.13049582509249405,0.11062054521662201,True,20260911,0,1000
MPL-discriminated,MPL,0.01,1.0,72,0.025089154640391517,0.13174735214220493,0.1066581975018134,True,20260911,0,1000
MPL-discriminated,MPL,0.01,1.0,73,0.02543377075226478,0.13129180475778518,0.10585803400552041,True,20260911,0,1000
MPL-discriminated,MPL,0.01,1.0,74,0.01950960291569848,0.12980335127147752,0.11029374835577904,True,20260911,0,1000
MPL-discriminated,MPL,0.01,1.0,75,0.02903764420757493,0.13141258362128683,0.1023749394137119,True,20260911,0,1000
MPL-discriminated,MPL,0.01,1.0,76,0.015891211612511273,0.12731843464189652,0.11142722302938524,True,20260911,0,1000
MPL-discriminated,MPL,0.01,1.0,77,0.02813224045174973,0.12932834956230138,0.10119610911055166,True,20260911,0,1000
MPL-discriminated,MPL,0.01,1.0,78,0.018051177692296094,0.12860332487170228,0.11055214717940619,True,20260911,0,1000
MPL-discriminated,MPL,0.01,1.0,79,0.02441201873074183,0.12927314162702144,0.10486112289627961,True,20260911,0,1000
MPL-discriminated,MPL,0.01,1.0,80,0.021280792224034298,0.1303784067589075,0.1090976145348732,True,20260911,0,1000
MPL-discriminated,MPL,0.01,1.0,81,0.025376562309921916,0.1302497018624059,0.10487313955248398,True,20260911,0,1000
MPL-discriminated,MPL,0.01,1.0,82,0.025300669193396994,0.1299593630147834,0.1046586938213864,True,20260911,0,1000
MPL-discriminated,MPL,0.01,1.0,83,0.02305991507452087,0.1313222069134403,0.10826229183891942,True,20260911,0,1000
MPL-discriminated,MPL,0.01,1.0,84,0.017117079152894916,0.12893662467946024,0.11181954552656533,True,20260911,0,1000
MPL-discriminated,MPL,0.01,1.0,85,0.016835918660016855,0.12952625833771172,0.11269033967769487,True,20260911,0,1000
MPL-discriminated,MPL,0.01,1.0,86,0.01503579406362382,0.13032536008745482,0.115289566023831,True,20260911,0,1000
MPL-discriminated,MPL,0.01,1.0,87,0.01771667904873579,0.12924497072542596,0.11152829167669016,True,20260911,0,1000
MPL-discriminated,MPL,0.01,1.0,88,0.018678557925666153,0.12876229258383703,0.11008373465817088,True,20260911,0,1000
MPL-discriminated,MPL,0.01,1.0,89,0.01725230894504443,0.12890904399517433,0.11165673505012991,True,20260911,0,1000
MPL-discriminated,MPL,0.01,1.0,90,0.019186043479615122,0.12937245778595002,0.1101864143063349,True,20260911,0,1000
MPL-discriminated,MPL,0.01,1.0,91,0.02039639402019612,0.12919722232967484,0.10880082830947872,True,20260911,0,1000
MPL-discriminated,MPL,0.01,1.0,92,0.022241496481679664,0.13099921503828674,0.10875771855660707,True,20260911,0,1000
MPL-discriminated,MPL,0.01,1.0,93,0.021460967296577548,0.12909305249013323,0.10763208519355567,True,20260911,0,1000
MPL-discriminated,MPL,0.01,1.0,94,0.031109747951551053,0.13090179826785922,0.09979205031630817,True,20260911,0,1000
MPL-discriminated,MPL,0.01,1.0,95,0.017563449554756135,0.13055620242508612,0.11299275287032998,True,20260911,0,1000
MPL-discriminated,MPL,0.01,1.0,96,0.014943500781047708,0.1280309488197154,0.1130874480386677,True,20260911,0,1000
MPL-discriminated,MPL,0.01,1.0,97,0.02212949883465396,0.1300149109744686,0.10788541213981465,True,20260911,0,1000
MPL-discriminated,MPL,0.01,1.0,98,0.016620655020065028,0.12927669120552876,0.11265603618546373,True,20260911,0,1000
MPL-discriminated,MPL,0.01,1.0,99,0.017523158697469555,0.12910280192927415,0.1115796432318046,True,20260911,0,1000
MPL-discriminated,MPL,0.01,1.0,100,0.025713894109479964,0.13007771455523554,0.10436382044575557,True,20260911,0,1000
MPL-discriminated,MPL,0.01,1.0,101,0.01763220822393595,0.12884230944514372,0.11121010122120777,True,20260911,0,1000
MPL-discriminated,MPL,0.01,1.0,102,0.01906226219478841,0.13046227619245224,0.11140001399766383,True,20260911,0,1000
MPL-discriminated,MPL,0.01,1.0,103,0.02033775363176287,0.12991713666874144,0.10957938303697856,True,20260911,0,1000
MPL-discriminated,MPL,0.01,1.0,104,0.028799031929453416,0.13292660391983846,0.10412757199038504,True,20260911,0,1000
MPL-discriminated,MPL,0.01,1.0,105,0.02819186048609994,0.1319339240034117,0.10374206351731176,True,20260911,0,1000
MPL-discriminated,MPL,0.01,1.0,106,0.01630137682464781,0.12787450877381526,0.11157313194916745,True,20260911,0,1000
MPL-discriminated,MPL,0.01,1.0,107,0.015658399488514423,0.12927553330334113,0.1136171338148267,True,20260911,0,1000
MPL-discriminated,MPL,0.01,1.0,108,0.01953551569790976,0.13003843280626942,0.11050291710835966,True,20260911,0,1000
MPL-discriminated,MPL,0.01,1.0,109,0.015903428902128654,0.12985605306304676,0.11395262416091811,True,20260911,0,1000
MPL-discriminated,MPL,0.01,1.0,110,0.018650285192077787,0.12934981502849063,0.11069952983641285,True,20260911,0,1000
MPL-discriminated,MPL,0.01,1.0,111,0.018381111697602422,0.12947087741935898,0.11108976572175655,True,20260911,0,1000
MPL-discriminated,MPL,0.01,1.0,112,0.02206006038933741,0.12829772014896454,0.10623765975962712,True,20260911,0,1000
MPL-discriminated,MPL,0.01,1.0,113,0.019422000711006006,0.1299356151044789,0.1105136143934729,True,20260911,0,1000
MPL-discriminated,MPL,0.01,1.0,114,0.014974670885693602,0.12742462760972828,0.11244995672403468,True,20260911,0,1000
MPL-discriminated,MPL,0.01,1.0,115,0.01487963628401887,0.12758221797470592,0.11270258169068706,True,20260911,0,1000
MPL-discriminated,MPL,0.01,1.0,116,0.027976675513896578,0.1334403643168126,0.10546368880291604,True,20260911,0,1000
MPL-discriminated,MPL,0.01,1.0,117,0.023733354047457682,0.13121204837024927,0.10747869432279158,True,20260911,0,1000
MPL-discriminated,MPL,0.01,1.0,118,0.023206015003737968,0.12865675938391666,0.1054507443801787,True,20260911,0,1000
MPL-discriminated,MPL,0.01,1.0,119,0.014526035048358841,0.12819042949489087,0.11366439444653204,True,20260911,0,1000
MPL-discriminated,MPL,0.01,1.0,120,0.01376406828788365,0.12871398147316218,0.11494991318527853,True,20260911,0,1000
MPL-discriminated,MPL,0.01,1.0,121,0.022674566303911223,0.1288753284773369,0.10620076217342568,True,20260911,0,1000
MPL-discriminated,MPL,0.01,1.0,122,0.01549043472123105,0.129445843545403,0.11395540882417196,True,20260911,0,1000
MPL-discriminated,MPL,0.01,1.0,123,0.016434846232844646,0.12994484832347256,0.1135100020906279,True,20260911,0,1000
MPL-discriminated,MPL,0.01,1.0,124,0.03404608647935889,0.1324001032520375,0.0983540167726786,True,20260911,0,1000
MPL-discriminated,MPL,0.01,1.0,125,0.019495044979619902,0.12959309659676546,0.11009805161714556,True,20260911,0,1000
MPL-discriminated,MPL,0.01,1.0,126,0.017935402501240254,0.1296950272252826,0.11175962472404233,True,20260911,0,1000
MPL-discriminated,MPL,0.01,1.0,127,0.01375956041349493,0.1286890104996036,0.11492945008610866,True,20260911,0,1000
MPL-discriminated,MPL,0.01,1.0,128,0.0186409460295769,0.12930725577897936,0.11066630974940246,True,20260911,0,1000
MPL-discriminated,MPL,0.01,1.0,129,0.01625281499912816,0.1306568870732427,0.11440407207411453,True,20260911,0,1000
MPL-discriminated,MPL,0.01,1.0,130,0.015296930410142393,0.13055631010111549,0.1152593796909731,True,20260911,0,1000
MPL-discriminated,MPL,0.01,1.0,131,0.022103100586509328,0.1290891929937062,0.10698609240719686,True,20260911,0,1000
MPL-discriminated,MPL,0.01,1.0,132,0.01670287323918457,0.1284141170707923,0.11171124383160774,True,20260911,0,1000
MPL-discriminated,MPL,0.01,1.0,133,0.015997019095437725,0.12868979649275564,0.11269277739731791,True,20260911,0,1000
MPL-discriminated,MPL,0.01,1.0,134,0.018689674140021064,0.1293328303697212,0.11064315622970014,True,20260911,0,1000
MPL-discriminated,MPL,0.01,1.0,135,0.016052250927021706,0.12909523751404337,0.11304298658702167,True,20260911,0,1000
MPL-discriminated,MPL,0.01,1.0,136,0.018861172486132418,0.12894839146650677,0.11008721898037435,True,20260911,0,1000
MPL-discriminated,MPL,0.01,1.0,137,0.01604662007000636,0.1296507428600866,0.11360412279008024,True,20260911,0,1000
MPL-discriminated,MPL,0.01,1.0,138,0.017103571070628935,0.12873897353435954,0.1116354024637306,True,20260911,0,1000
MPL-discriminated,MPL,0.01,1.0,139,0.01483220682496768,0.12966678855727887,0.11483458173231119,True,20260911,0,1000
MPL-discriminated,MPL,0.01,1.0,140,0.014375070374292755,0.12817677766649468,0.11380170729220193,True,20260911,0,1000
MPL-discriminated,MPL,0.01,1.0,141,0.01902995217894862,0.130239574542085,0.11120962236313639,True,20260911,0,1000
MPL-discriminated,MPL,0.01,1.0,142,0.014581991889017657,0.1297687413921453,0.11518674950312766,True,20260911,0,1000
MPL-discriminated,MPL,0.01,1.0,143,0.019942208291366646,0.12961840080760811,0.10967619251624147,True,20260911,0,1000
MPL-discriminated,MPL,0.01,1.0,144,0.014837519797300153,0.12949449437104243,0.11465697457374228,True,20260911,0,1000
MPL-discriminated,MPL,0.01,1.0,145,0.019195483759640683,0.1279511507213187,0.10875566696167803,True,20260911,0,1000
MPL-discriminated,MPL,0.01,1.0,146,0.03398505393953682,0.13405057745018237,0.10006552351064554,True,20260911,0,1000
MPL-discriminated,MPL,0.01,1.0,147,0.015258429969034938,0.13040802893233605,0.11514959896330111,True,20260911,0,1000
MPL-discriminated,MPL,0.01,1.0,148,0.015495075661473805,0.13001282041056456,0.11451774474909075,True,20260911,0,1000
MPL-discriminated,MPL,0.01,1.0,149,0.0169522048507827,0.130275452586848,0.11332324773606531,True,20260911,0,1000
MPL-discriminated,MPL,0.01,1.0,150,0.013625704877352854,0.12904200594444248,0.11541630106708962,True,20260911,0,1000
MPL-discriminated,MPL,0.01,1.0,151,0.018712714330251092,0.12972765505203843,0.11101494072178733,True,20260911,0,1000
MPL-discriminated,MPL,0.01,1.0,152,0.020386328387385216,0.1303025663387504,0.10991623795136518,True,20260911,0,1000
MPL-discriminated,MPL,0.01,1.0,153,0.01356853318809648,0.1292435200260633,0.11567498683796681,True,20260911,0,1000
MPL-discriminated,MPL,0.01,1.0,154,0.018152229469507744,0.1287643435648428,0.11061211409533504,True,20260911,0,1000
MPL-discriminated,MPL,0.01,1.0,155,0.01659629004084631,0.12877961029089385,0.11218332025004754,True,20260911,0,1000
MPL-discriminated,MPL,0.01,1.0,156,0.022196631391082737,0.1303158708055656,0.10811923941448284,True,20260911,0,1000
MPL-discriminated,MPL,0.01,1.0,157,0.01339304539361932,0.12792773915165784,0.11453469375803851,True,20260911,0,1000
MPL-discriminated,MPL,0.01,1.0,158,0.02121744159173847,0.13039011136930861,0.10917266977757015,True,20260911,0,1000
MPL-discriminated,MPL,0.01,1.0,159,0.024812668704445144,0.1310085290617964,0.10619586035735126,True,20260911,0,1000
MPL-discriminated,MPL,0.01,1.0,160,0.017332472432079818,0.12878540389992474,0.11145293146784492,True,20260911,0,1000
MPL-discriminated,MPL,0.01,1.0,161,0.024370544482158366,0.1310379176852985,0.10666737320314013,True,20260911,0,1000
MPL-discriminated,MPL,0.01,1.0,162,0.014570071318886631,0.13052763617093077,0.11595756485204414,True,20260911,0,1000
MPL-discriminated,MPL,0.01,1.0,163,0.01985513722282291,0.12973669237842217,0.10988155515559926,True,20260911,0,1000
MPL-discriminated,MPL,0.01,1.0,164,0.017105155512069006,0.1296819061446206,0.1125767506325516,True,20260911,0,1000
MPL-discriminated,MPL,0.01,1.0,165,0.01567496437657969,0.1287170478334951,0.11304208345691541,True,20260911,0,1000
MPL-discriminated,MPL,0.01,1.0,166,0.02335561928936899,0.13020890375400193,0.10685328446463294,True,20260911,0,1000
MPL-discriminated,MPL,0.01,1.0,167,0.016486820885452013,0.12879556531439446,0.11230874442894244,True,20260911,0,1000
MPL-discriminated,MPL,0.01,1.0,168,0.01587366694418645,0.12841833313454765,0.1125446661903612,True,20260911,0,1000
MPL-discriminated,MPL,0.01,1.0,169,0.019863823108871984,0.12838956872322133,0.10852574561434934,True,20260911,0,1000
MPL-discriminated,MPL,0.01,1.0,170,0.02017092019054739,0.12959956989765783,0.10942864970711044,True,20260911,0,1000
MPL-discriminated,MPL,0.01,1.0,171,0.021628255482744184,0.13043983300980325,0.10881157752705906,True,20260911,0,1000
MPL-discriminated,MPL,0.01,1.0,172,0.023803562329100515,0.13090862686175442,0.1071050645326539,True,20260911,0,1000
MPL-discriminated,MPL,0.01,1.0,173,0.019335365049575448,0.12944979177763777,0.11011442672806232,True,20260911,0,1000
MPL-discriminated,MPL,0.01,1.0,174,0.015866036930020706,0.12894964414813231,0.11308360721811161,True,20260911,0,1000
MPL-discriminated,MPL,0.01,1.0,175,0.027640197037963447,0.13035386443754188,0.10271366739957843,True,20260911,0,1000
MPL-discriminated,MPL,0.01,1.0,176,0.020176685760534892,0.1300888926606508,0.10991220690011591,True,20260911,0,1000
MPL-discriminated,MPL,0.01,1.0,177,0.01549657814982381,0.12907702661677356,0.11358044846694976,True,20260911,0,1000
MPL-discriminated,MPL,0.01,1.0,178,0.022717667521944266,0.13077208902752432,0.10805442150558006,True,20260911,0,1000
MPL-discriminated,MPL,0.01,1.0,179,0.017873052586364277,0.12947830637939442,0.11160525379303014,True,20260911,0,1000
MPL-discriminated,MPL,0.01,1.0,180,0.015995148998247936,0.12951359010800428,0.11351844110975634,True,20260911,0,1000
MPL-discriminated,MPL,0.01,1.0,181,0.017604526643103042,0.12875726638813068,0.11115273974502764,True,20260911,0,1000
MPL-discriminated,MPL,0.01,1.0,182,0.016430388831991168,0.12901345069072928,0.11258306185873812,True,20260911,0,1000
MPL-discriminated,MPL,0.01,1.0,183,0.017454887489566282,0.12825851083967763,0.11080362335011135,True,20260911,0,1000
MPL-discriminated,MPL,0.01,1.0,184,0.020330981099936203,0.1298244483778499,0.1094934672779137,True,20260911,0,1000
MPL-discriminated,MPL,0.01,1.0,185,0.017974051247418885,0.1308145757256247,0.1128405244782058,True,20260911,0,1000
MPL-discriminated,MPL,0.01,1.0,186,0.019227510258812353,0.12905660840061414,0.10982909814180179,True,20260911,0,1000
MPL-discriminated,MPL,0.01,1.0,187,0.016258028574078463,0.12941671709777233,0.11315868852369387,True,20260911,0,1000
MPL-discriminated,MPL,0.01,1.0,188,0.02057655830905299,0.13035943128830643,0.10978287297925345,True,20260911,0,1000
MPL-discriminated,MPL,0.01,1.0,189,0.016570765491379355,0.1302103684832142,0.11363960299183486,True,20260911,0,1000
MPL-discriminated,MPL,0.01,1.0,190,0.01563271378324406,0.12949922808950987,0.1138665143062658,True,20260911,0,1000
MPL-discriminated,MPL,0.01,1.0,191,0.023222488304611322,0.1288569786939586,0.10563449038934727,True,20260911,0,1000
MPL-discriminated,MPL,0.01,1.0,192,0.024167514045193378,0.13259957217776974,0.10843205813257636,True,20260911,0,1000
MPL-discriminated,MPL,0.01,1.0,193,0.032613044336289775,0.13320196322375888,0.1005889188874691,True,20260911,0,1000
MPL-discriminated,MPL,0.01,1.0,194,0.017871551108868657,0.12899442894247926,0.1111228778336106,True,20260911,0,1000
MPL-discriminated,MPL,0.01,1.0,195,0.0271776938558503,0.12995688406643366,0.10277919021058336,True,20260911,0,1000
MPL-discriminated,MPL,0.01,1.0,196,0.018591660368563995,0.1298119874965684,0.11122032712800439,True,20260911,0,1000
MPL-discriminated,MPL,0.01,1.0,197,0.015007205781478569,0.12854468973614183,0.11353748395466326,True,20260911,0,1000
MPL-discriminated,MPL,0.01,1.0,198,0.017934777942324544,0.1297850030687435,0.11185022512641896,True,20260911,0,1000
MPL-discriminated,MPL,0.01,1.0,199,0.017894924793880378,0.12855860926084248,0.11066368446696209,True,20260911,0,1000
MPL-discriminated,MPL,0.01,1.0,200,0.016620474806261783,0.12995025266874924,0.11332977786248746,True,20260911,0,1000
MPL-discriminated,MPL,0.01,1.0,201,0.020441949634050605,0.12927413667490303,0.10883218704085243,True,20260911,0,1000
MPL-discriminated,MPL,0.01,1.0,202,0.016019970933124822,0.12910549506705557,0.11308552413393075,True,20260911,0,1000
MPL-discriminated,MPL,0.01,1.0,203,0.021232376748565106,0.1306143230158757,0.10938194626731058,True,20260911,0,1000
MPL-discriminated,MPL,0.01,1.0,204,0.016722211632538075,0.1285465112525571,0.11182429962001901,True,20260911,0,1000
MPL-discriminated,MPL,0.01,1.0,205,0.018400448625771254,0.12993773303024386,0.11153728440447261,True,20260911,0,1000
MPL-discriminated,MPL,0.01,1.0,206,0.019795741968425585,0.1302534095837294,0.11045766761530383,True,20260911,0,1000
MPL-discriminated,MPL,0.01,1.0,207,0.022029927479496225,0.1309232063422851,0.10889327886278888,True,20260911,0,1000
MPL-discriminated,MPL,0.01,1.0,208,0.015240693083287255,0.1292050641290908,0.11396437104580355,True,20260911,0,1000
MPL-discriminated,MPL,0.01,1.0,209,0.021835951313985916,0.13047640449915165,0.10864045318516574,True,20260911,0,1000
MPL-discriminated,MPL,0.01,1.0,210,0.018891831227175387,0.13031855442299448,0.11142672319581909,True,20260911,0,1000
MPL-discriminated,MPL,0.01,1.0,211,0.018331004500776894,0.1280038813533844,0.1096728768526075,True,20260911,0,1000
MPL-discriminated,MPL,0.01,1.0,212,0.019351395956194683,0.12931718107674536,0.10996578512055068,True,20260911,0,1000
MPL-discriminated,MPL,0.01,1.0,213,0.01505370001232607,0.12844477082697775,0.11339107081465168,True,20260911,0,1000
MPL-discriminated,MPL,0.01,1.0,214,0.018687022710449985,0.1299864188889502,0.11129939617850022,True,20260911,0,1000
MPL-discriminated,MPL,0.01,1.0,215,0.0160565731664375,0.1303392628311082,0.1142826896646707,True,20260911,0,1000
MPL-discriminated,MPL,0.01,1.0,216,0.016164705593117768,0.12902752957144478,0.11286282397832702,True,20260911,0,1000
MPL-discriminated,MPL,0.01,1.0,217,0.015659716413140852,0.1293663271865303,0.11370661077338945,True,20260911,0,1000
MPL-discriminated,MPL,0.01,1.0,218,0.014369768326661907,0.12863089784118825,0.11426112951452634,True,20260911,0,1000
MPL-discriminated,MPL,0.01,1.0,219,0.01347223108391208,0.12893027791960435,0.11545804683569227,True,20260911,0,1000
MPL-discriminated,MPL,0.01,1.0,220,0.0185855947909966,0.12829945848290544,0.10971386369190884,True,20260911,0,1000
MPL-discriminated,MPL,0.01,1.0,221,0.013746508589511677,0.12791745810621857,0.1141709495167069,True,20260911,0,1000
MPL-discriminated,MPL,0.01,1.0,222,0.01599832667161314,0.12882097901183234,0.11282265234021921,True,20260911,0,1000
MPL-discriminated,MPL,0.01,1.0,223,0.02057429224530942,0.13132900680379306,0.11075471455848364,True,20260911,0,1000
MPL-discriminated,MPL,0.01,1.0,224,0.021458028127368894,0.13030179239689998,0.10884376426953109,True,20260911,0,1000
MPL-discriminated,MPL,0.01,1.0,225,0.02036436620962776,0.1293829913610023,0.10901862515137453,True,20260911,0,1000
MPL-discriminated,MPL,0.01,1.0,226,0.013976608905484626,0.12972637565848905,0.11574976675300441,True,20260911,0,1000
MPL-discriminated,MPL,0.01,1.0,227,0.016000855357557176,0.12957870203950758,0.11357784668195041,True,20260911,0,1000
MPL-discriminated,MPL,0.01,1.0,228,0.022159888200157553,0.13118980299537603,0.10902991479521848,True,20260911,0,1000
MPL-discriminated,MPL,0.01,1.0,229,0.01886327526674193,0.12929627528039891,0.11043300001365698,True,20260911,0,1000
MPL-discriminated,MPL,0.01,1.0,230,0.022004978177514116,0.1287854964857816,0.10678051830826749,True,20260911,0,1000
MPL-discriminated,MPL,0.01,1.0,231,0.022093862281766383,0.12995744935593379,0.1078635870741674,True,20260911,0,1000
MPL-discriminated,MPL,0.01,1.0,232,0.015808153371018378,0.12930951035657548,0.1135013569855571,True,20260911,0,1000
MPL-discriminated,MPL,0.01,1.0,233,0.018330562728550673,0.12851610705388242,0.11018554432533174,True,20260911,0,1000
MPL-discriminated,MPL,0.01,1.0,234,0.024684363192112285,0.13160500089955376,0.10692063770744148,True,20260911,0,1000
MPL-discriminated,MPL,0.01,1.0,235,0.01458280363272774,0.12850815814740596,0.11392535451467822,True,20260911,0,1000
MPL-discriminated,MPL,0.01,1.0,236,0.03147174711939509,0.13103690786568112,0.09956516074628602,True,20260911,0,1000
MPL-discriminated,MPL,0.01,1.0,237,0.01469305866905539,0.1288449507974644,0.11415189212840902,True,20260911,0,1000
MPL-discriminated,MPL,0.01,1.0,238,0.01857574275646687,0.1293451681194915,0.11076942536302464,True,20260911,0,1000
MPL-discriminated,MPL,0.01,1.0,239,0.021782804391773998,0.1307672920884388,0.1089844876966648,True,20260911,0,1000
MPL-discriminated,MPL,0.01,1.0,240,0.022124505028160053,0.12936320723658462,0.10723870220842457,True,20260911,0,1000
MPL-discriminated,MPL,0.01,1.0,241,0.01668199534016203,0.12895863248633854,0.11227663714617651,True,20260911,0,1000
MPL-discriminated,MPL,0.01,1.0,242,0.028362434020331485,0.13123896070658433,0.10287652668625286,True,20260911,0,1000
MPL-discriminated,MPL,0.01,1.0,243,0.016976803007776573,0.1296866308029195,0.11270982779514294,True,20260911,0,1000
MPL-discriminated,MPL,0.01,1.0,244,0.022556451142016588,0.13102590816310478,0.10846945702108819,True,20260911,0,1000
MPL-discriminated,MPL,0.01,1.0,245,0.017063129265775277,0.12967228552557075,0.11260915625979548,True,20260911,0,1000
MPL-discriminated,MPL,0.01,1.0,246,0.014168302634841777,0.1284577142133326,0.11428941157849082,True,20260911,0,1000
MPL-discriminated,MPL,0.01,1.0,247,0.02553694409418263,0.1289747496354249,0.10343780554124228,True,20260911,0,1000
MPL-discriminated,MPL,0.01,1.0,248,0.015252648750096513,0.1283994868173422,0.11314683806724568,True,20260911,0,1000
MPL-discriminated,MPL,0.01,1.0,249,0.019540904217616745,0.12942565739594403,0.10988475317832729,True,20260911,0,1000
MPL-discriminated,MPL,0.01,1.0,250,0.017891549172404493,0.13010497869400478,0.1122134295216003,True,20260911,0,1000
MPL-discriminated,MPL,0.01,1.0,251,0.01716077252232022,0.129128407521952,0.11196763499963179,True,20260911,0,1000
MPL-discriminated,MPL,0.01,1.0,252,0.018545823140097128,0.13031673869795532,0.11177091555785819,True,20260911,0,1000
MPL-discriminated,MPL,0.01,1.0,253,0.03853385426708647,0.13249613246401185,0.09396227819692538,True,20260911,0,1000
MPL-discriminated,MPL,0.01,1.0,254,0.015253675154977595,0.12904428885417474,0.11379061369919714,True,20260911,0,1000
MPL-discriminated,MPL,0.01,1.0,255,0.014476729458694793,0.12816255981541225,0.11368583035671745,True,20260911,0,1000
MPL-discriminated,MPL,0.01,1.0,256,0.019336128425671735,0.1293155291506361,0.10997940072496437,True,20260911,0,1000
MPL-discriminated,MPL,0.01,1.0,257,0.023213059265031633,0.13076693243001475,0.10755387316498312,True,20260911,0,1000
MPL-discriminated,MPL,0.01,1.0,258,0.02125725773659259,0.1293487934147653,0.1080915356781727,True,20260911,0,1000
MPL-discriminated,MPL,0.01,1.0,259,0.020298998656510175,0.1294827636763423,0.10918376501983211,True,20260911,0,1000
MPL-discriminated,MPL,0.01,1.0,260,0.014049102388021567,0.1292993908997105,0.11525028851168892,True,20260911,0,1000
MPL-discriminated,MPL,0.01,1.0,261,0.015942113551525618,0.13001287329476793,0.11407075974324232,True,20260911,0,1000
MPL-discriminated,MPL,0.01,1.0,262,0.014223268722642722,0.1309837596857989,0.11676049096315617,True,20260911,0,1000
MPL-discriminated,MPL,0.01,1.0,263,0.01986923562182347,0.1294553374263168,0.10958610180449332,True,20260911,0,1000
MPL-discriminated,MPL,0.01,1.0,264,0.015040262836999134,0.12978194603199866,0.11474168319499953,True,20260911,0,1000
MPL-discriminated,MPL,0.01,1.0,265,0.01836984237114523,0.12888648803808217,0.11051664566693695,True,20260911,0,1000
MPL-discriminated,MPL,0.01,1.0,266,0.020715119544148477,0.12891122680824055,0.10819610726409207,True,20260911,0,1000
MPL-discriminated,MPL,0.01,1.0,267,0.02263318093759602,0.13117668003420582,0.1085434990966098,True,20260911,0,1000
MPL-discriminated,MPL,0.01,1.0,268,0.031178281648596734,0.13157891101250963,0.10040062936391289,True,20260911,0,1000
MPL-discriminated,MPL,0.01,1.0,269,0.01911801536736733,0.1293203477624093,0.11020233239504197,True,20260911,0,1000
MPL-discriminated,MPL,0.01,1.0,270,0.023335096878486828,0.12977190036737393,0.10643680348888711,True,20260911,0,1000
MPL-discriminated,MPL,0.01,1.0,271,0.01802280801084148,0.12877376560540735,0.11075095759456587,True,20260911,0,1000
MPL-discriminated,MPL,0.01,1.0,272,0.017600699839371663,0.1289224350575554,0.11132173521818374,True,20260911,0,1000
MPL-discriminated,MPL,0.01,1.0,273,0.015627445389268784,0.12989406787733015,0.11426662248806137,True,20260911,0,1000
MPL-discriminated,MPL,0.01,1.0,274,0.022725292024149798,0.12830660032293836,0.10558130829878856,True,20260911,0,1000
MPL-discriminated,MPL,0.01,1.0,275,0.01973983127030509,0.12968586965810172,0.10994603838779662,True,20260911,0,1000
MPL-discriminated,MPL,0.01,1.0,276,0.020116635753141307,0.12908815980839225,0.10897152405525094,True,20260911,0,1000
MPL-discriminated,MPL,0.01,1.0,277,0.01808012179105523,0.13003597366476546,0.11195585187371024,True,20260911,0,1000
MPL-discriminated,MPL,0.01,1.0,278,0.014577494900951478,0.12818431361042132,0.11360681870946984,True,20260911,0,1000
MPL-discriminated,MPL,0.01,1.0,279,0.014694884306546984,0.12883208354407083,0.11413719923752384,True,20260911,0,1000
MPL-discriminated,MPL,0.01,1.0,280,0.018894049508928038,0.12922902436642816,0.11033497485750013,True,20260911,0,1000
MPL-discriminated,MPL,0.01,1.0,281,0.022771951856920845,0.12938866153087422,0.10661670967395337,True,20260911,0,1000
MPL-discriminated,MPL,0.01,1.0,282,0.019601480926036415,0.1300239637987375,0.1104224828727011,True,20260911,0,1000
MPL-discriminated,MPL,0.01,1.0,283,0.03402971170591069,0.13207872662319264,0.09804901491728196,True,20260911,0,1000
MPL-discriminated,MPL,0.01,1.0,284,0.022216012324049232,0.12969842503054715,0.10748241270649792,True,20260911,0,1000
MPL-discriminated,MPL,0.01,1.0,285,0.014746179291007612,0.1293592562623847,0.1146130769713771,True,20260911,0,1000
MPL-discriminated,MPL,0.01,1.0,286,0.023154204026506787,0.1310120908838649,0.10785788685735812,True,20260911,0,1000
MPL-discriminated,MPL,0.01,1.0,287,0.015015481402091633,0.12858600806430462,0.11357052666221298,True,20260911,0,1000
MPL-discriminated,MPL,0.01,1.0,288,0.015561104328937009,0.1288038963414143,0.11324279201247728,True,20260911,0,1000
MPL-discriminated,MPL,0.01,1.0,289,0.023873863259395983,0.13013721368441122,0.10626335042501524,True,20260911,0,1000
MPL-discriminated,MPL,0.01,1.0,290,0.02515010730950405,0.13125234038549566,0.1061022330759916,True,20260911,0,1000
MPL-discriminated,MPL,0.01,1.0,291,0.025714835492361216,0.1302520956998018,0.1045372602074406,True,20260911,0,1000
MPL-discriminated,MPL,0.01,1.0,292,0.01711010878647014,0.1279174247525553,0.11080731596608516,True,20260911,0,1000
MPL-discriminated,MPL,0.01,1.0,293,0.016234342296464813,0.12905537014036508,0.11282102784390027,True,20260911,0,1000
MPL-discriminated,MPL,0.01,1.0,294,0.014659206865939798,0.12873623619147614,0.11407702932553634,True,20260911,0,1000
MPL-discriminated,MPL,0.01,1.0,295,0.016795881813822872,0.12936261292863652,0.11256673111481365,True,20260911,0,1000
MPL-discriminated,MPL,0.01,1.0,296,0.017053704083029194,0.12964189933939382,0.11258819525636463,True,20260911,0,1000
MPL-discriminated,MPL,0.01,1.0,297,0.019561053395424566,0.1296609636083688,0.11009991021294423,True,20260911,0,1000
MPL-discriminated,MPL,0.01,1.0,298,0.016256362429109106,0.1286138146245113,0.11235745219540219,True,20260911,0,1000
MPL-discriminated,MPL,0.01,1.0,299,0.020641701178734928,0.1284751762431258,0.10783347506439087,True,20260911,0,1000
MPL-discriminated,MPL,0.01,1.0,300,0.02088246211220004,0.12929209365767672,0.10840963154547667,True,20260911,0,1000
MPL-discriminated,MPL,0.01,1.0,301,0.022589955071575234,0.13058763657194394,0.1079976815003687,True,20260911,0,1000
MPL-discriminated,MPL,0.01,1.0,302,0.015215697598723179,0.12863995046117718,0.113424252862454,True,20260911,0,1000
MPL-discriminated,MPL,0.01,1.0,303,0.020421128438782223,0.12907759960747553,0.10865647116869331,True,20260911,0,1000
MPL-discriminated,MPL,0.01,1.0,304,0.017481224892398783,0.12733267642915033,0.10985145153675155,True,20260911,0,1000
MPL-discriminated,MPL,0.01,1.0,305,0.016087935728150413,0.12860143748550018,0.11251350175734977,True,20260911,0,1000
MPL-discriminated,MPL,0.01,1.0,306,0.018443119433909715,0.12814451790003767,0.10970139846612795,True,20260911,0,1000
MPL-discriminated,MPL,0.01,1.0,307,0.017065442887966322,0.12995866298938022,0.1128932201014139,True,20260911,0,1000
MPL-discriminated,MPL,0.01,1.0,308,0.016343391149044477,0.12785208966742628,0.1115086985183818,True,20260911,0,1000
MPL-discriminated,MPL,0.01,1.0,309,0.017022947607256703,0.12867008845170264,0.11164714084444594,True,20260911,0,1000
MPL-discriminated,MPL,0.01,1.0,310,0.022113771634437084,0.13151084074065073,0.10939706910621363,True,20260911,0,1000
MPL-discriminated,MPL,0.01,1.0,311,0.024870415015207148,0.1312863391488475,0.10641592413364034,True,20260911,0,1000
MPL-discriminated,MPL,0.01,1.0,312,0.018521847835861017,0.12895608210018975,0.11043423426432873,True,20260911,0,1000
MPL-discriminated,MPL,0.01,1.0,313,0.015206894368582009,0.1291168467700085,0.1139099524014265,True,20260911,0,1000
MPL-discriminated,MPL,0.01,1.0,314,0.017490705139132423,0.13036579803904114,0.11287509289990871,True,20260911,0,1000
MPL-discriminated,MPL,0.01,1.0,315,0.017778813544351284,0.12971657458624153,0.11193776104189024,True,20260911,0,1000
MPL-discriminated,MPL,0.01,1.0,316,0.020814151229983143,0.1299651447595567,0.10915099352957355,True,20260911,0,1000
MPL-discriminated,MPL,0.01,1.0,317,0.03043830990229289,0.13283498323958493,0.10239667333729204,True,20260911,0,1000
MPL-discriminated,MPL,0.01,1.0,318,0.014846324767563372,0.12761540398014976,0.11276907921258639,True,20260911,0,1000
MPL-discriminated,MPL,0.01,1.0,319,0.018745903519006606,0.13063523136486657,0.11188932784585996,True,20260911,0,1000
MPL-discriminated,MPL,0.01,1.0,320,0.023889426833923654,0.13006759207598872,0.10617816524206507,True,20260911,0,1000
MPL-discriminated,MPL,0.01,1.0,321,0.015750241812391486,0.12942664000709242,0.11367639819470093,True,20260911,0,1000
MPL-discriminated,MPL,0.01,1.0,322,0.025878492011589628,0.1310563250248857,0.10517783301329608,True,20260911,0,1000
MPL-discriminated,MPL,0.01,1.0,323,0.014311041107162548,0.1283072924524791,0.11399625134531655,True,20260911,0,1000
MPL-discriminated,MPL,0.01,1.0,324,0.028748794807495887,0.13119774176354956,0.10244894695605368,True,20260911,0,1000
MPL-discriminated,MPL,0.01,1.0,325,0.015393938160555851,0.12937616054816678,0.11398222238761092,True,20260911,0,1000
MPL-discriminated,MPL,0.01,1.0,326,0.01973199743652225,0.12946155967319206,0.10972956223666981,True,20260911,0,1000
MPL-discriminated,MPL,0.01,1.0,327,0.017473199834870667,0.12893454678181765,0.11146134694694698,True,20260911,0,1000
MPL-discriminated,MPL,0.01,1.0,328,0.01816383012276121,0.12974473043457538,0.11158090031181417,True,20260911,0,1000
MPL-discriminated,MPL,0.01,1.0,329,0.016624093497650847,0.1289257283840879,0.11230163488643705,True,20260911,0,1000
MPL-discriminated,MPL,0.01,1.0,330,0.017889332240576823,0.12823798037867293,0.11034864813809611,True,20260911,0,1000
MPL-discriminated,MPL,0.01,1.0,331,0.016600213507722925,0.12836102591723922,0.1117608124095163,True,20260911,0,1000
MPL-discriminated,MPL,0.01,1.0,332,0.01664585140229677,0.12999985629908772,0.11335400489679096,True,20260911,0,1000
MPL-discriminated,MPL,0.01,1.0,333,0.020075462702676204,0.12930076621671693,0.10922530351404072,True,20260911,0,1000
MPL-discriminated,MPL,0.01,1.0,334,0.023054196638532375,0.129162693437617,0.10610849679908461,True,20260911,0,1000
MPL-discriminated,MPL,0.01,1.0,335,0.01616601253761857,0.1293510399865763,0.11318502744895773,True,20260911,0,1000
MPL-discriminated,MPL,0.01,1.0,336,0.015479773691046783,0.13063662893675299,0.11515685524570621,True,20260911,0,1000
MPL-discriminated,MPL,0.01,1.0,337,0.022450977119003332,0.1320344102765925,0.10958343315758916,True,20260911,0,1000
MPL-discriminated,MPL,0.01,1.0,338,0.01852999556129151,0.12865614398233793,0.11012614842104643,True,20260911,0,1000
MPL-discriminated,MPL,0.01,1.0,339,0.015164403831330974,0.1297306689280653,0.11456626509673434,True,20260911,0,1000
MPL-discriminated,MPL,0.01,1.0,340,0.017030837584655553,0.1286106940792559,0.11157985649460035,True,20260911,0,1000
MPL-discriminated,MPL,0.01,1.0,341,0.01769736154889423,0.12949985628465632,0.11180249473576209,True,20260911,0,1000
MPL-discriminated,MPL,0.01,1.0,342,0.01827425634310248,0.1288432294713466,0.11056897312824412,True,20260911,0,1000
MPL-discriminated,MPL,0.01,1.0,343,0.015347590406733117,0.12932724793168465,0.11397965752495154,True,20260911,0,1000
MPL-discriminated,MPL,0.01,1.0,344,0.019320109665110222,0.1314894442394757,0.11216933457436548,True,20260911,0,1000
MPL-discriminated,MPL,0.01,1.0,345,0.014513596267082254,0.1296078781227411,0.11509428185565886,True,20260911,0,1000
MPL-discriminated,MPL,0.01,1.0,346,0.014806551381543532,0.1288712903401486,0.11406473895860507,True,20260911,0,1000
MPL-discriminated,MPL,0.01,1.0,347,0.014070324505068205,0.1286055067550526,0.11453518224998441,True,20260911,0,1000
MPL-discriminated,MPL,0.01,1.0,348,0.021166739964393607,0.12922426797697498,0.10805752801258137,True,20260911,0,1000
MPL-discriminated,MPL,0.01,1.0,349,0.035457837800926005,0.1322398770398001,0.0967820392388741,True,20260911,0,1000
MPL-discriminated,MPL,0.01,1.0,350,0.017204829206617173,0.1287366139135381,0.11153178470692093,True,20260911,0,1000
MPL-discriminated,MPL,0.01,1.0,351,0.017611547879654632,0.12882522785724995,0.11121367997759532,True,20260911,0,1000
MPL-discriminated,MPL,0.01,1.0,352,0.017750697519547807,0.13033726491505296,0.11258656739550515,True,20260911,0,1000
MPL-discriminated,MPL,0.01,1.0,353,0.024904591405177638,0.13118337469851182,0.10627878329333418,True,20260911,0,1000
MPL-discriminated,MPL,0.01,1.0,354,0.014294817884432973,0.12821566779870172,0.11392084991426875,True,20260911,0,1000
MPL-discriminated,MPL,0.01,1.0,355,0.025352874639944466,0.1306986692191243,0.10534579457917982,True,20260911,0,1000
MPL-discriminated,MPL,0.01,1.0,356,0.01689226607745095,0.12963127069912303,0.11273900462167208,True,20260911,0,1000
MPL-discriminated,MPL,0.01,1.0,357,0.01838037944203232,0.1278984831207858,0.10951810367875349,True,20260911,0,1000
MPL-discriminated,MPL,0.01,1.0,358,0.02317736636027627,0.13031642326857162,0.10713905690829535,True,20260911,0,1000
MPL-discriminated,MPL,0.01,1.0,359,0.02380285224428613,0.1310852459904413,0.10728239374615517,True,20260911,0,1000
MPL-discriminated,MPL,0.01,1.0,360,0.017396240561190907,0.12944726989196767,0.11205102933077676,True,20260911,0,1000
MPL-discriminated,MPL,0.01,1.0,361,0.01539655915573772,0.1282094230954642,0.11281286393972649,True,20260911,0,1000
MPL-discriminated,MPL,0.01,1.0,362,0.02009195328895927,0.13010291359834564,0.11001096030938637,True,20260911,0,1000
MPL-discriminated,MPL,0.01,1.0,363,0.01605511213089943,0.1288402163661344,0.11278510423523498,True,20260911,0,1000
MPL-discriminated,MPL,0.01,1.0,364,0.016374335097805393,0.1296185029444284,0.113244167846623,True,20260911,0,1000
MPL-discriminated,MPL,0.01,1.0,365,0.015551762364498758,0.13014447640449434,0.11459271403999557,True,20260911,0,1000
MPL-discriminated,MPL,0.01,1.0,366,0.032561400228352126,0.13394174503485998,0.10138034480650784,True,20260911,0,1000
MPL-discriminated,MPL,0.01,1.0,367,0.01637363190480555,0.12820728660655015,0.1118336547017446,True,20260911,0,1000
MPL-discriminated,MPL,0.01,1.0,368,0.016170778804862108,0.12891439411444539,0.11274361530958328,True,20260911,0,1000
MPL-discriminated,MPL,0.01,1.0,369,0.01604743991221679,0.129979451692245,0.11393201178002822,True,20260911,0,1000
MPL-discriminated,MPL,0.01,1.0,370,0.018513426845378832,0.12960559333552332,0.11109216649014449,True,20260911,0,1000
MPL-discriminated,MPL,0.01,1.0,371,0.014664873478414674,0.13002787681863748,0.1153630033402228,True,20260911,0,1000
MPL-discriminated,MPL,0.01,1.0,372,0.020793476251441276,0.12909708842031384,0.10830361216887256,True,20260911,0,1000
MPL-discriminated,MPL,0.01,1.0,373,0.014661443734192783,0.1296655567727704,0.1150041130385776,True,20260911,0,1000
MPL-discriminated,MPL,0.01,1.0,374,0.01635427761730617,0.1300271454905592,0.11367286787325302,True,20260911,0,1000
MPL-discriminated,MPL,0.01,1.0,375,0.022403609002496765,0.12873995447778086,0.10633634547528409,True,20260911,0,1000
MPL-discriminated,MPL,0.01,1.0,376,0.018952406925882896,0.1300307891202391,0.1110783821943562,True,20260911,0,1000
MPL-discriminated,MPL,0.01,1.0,377,0.017190234816515913,0.12961931909403776,0.11242908427752185,True,20260911,0,1000
MPL-discriminated,MPL,0.01,1.0,378,0.01637141484809719,0.13014364290806182,0.11377222805996463,True,20260911,0,1000
MPL-discriminated,MPL,0.01,1.0,379,0.015594491538277865,0.12878937779211813,0.11319488625384026,True,20260911,0,1000
MPL-discriminated,MPL,0.01,1.0,380,0.01683125698836391,0.1307244284077481,0.11389317141938418,True,20260911,0,1000
MPL-discriminated,MPL,0.01,1.0,381,0.021300451320024064,0.13001743466040938,0.10871698334038532,True,20260911,0,1000
MPL-discriminated,MPL,0.01,1.0,382,0.02373539890931853,0.13007350055051511,0.10633810164119659,True,20260911,0,1000
MPL-discriminated,MPL,0.01,1.0,383,0.01960658028670054,0.13006955237132972,0.11046297208462919,True,20260911,0,1000
MPL-discriminated,MPL,0.01,1.0,384,0.019908861156969937,0.12971846662545358,0.10980960546848365,True,20260911,0,1000
MPL-discriminated,MPL,0.01,1.0,385,0.01806298626479724,0.129784113610753,0.11172112734595577,True,20260911,0,1000
MPL-discriminated,MPL,0.01,1.0,386,0.015524098021641855,0.12966381972296898,0.11413972170132712,True,20260911,0,1000
MPL-discriminated,MPL,0.01,1.0,387,0.020749869162463772,0.12952717612956555,0.10877730696710178,True,20260911,0,1000
MPL-discriminated,MPL,0.01,1.0,388,0.018173177674010776,0.12931076128362085,0.11113758360961007,True,20260911,0,1000
MPL-discriminated,MPL,0.01,1.0,389,0.025481794642153277,0.1305711450465525,0.10508935040439923,True,20260911,0,1000
MPL-discriminated,MPL,0.01,1.0,390,0.022198485424294825,0.1299128281182597,0.10771434269396486,True,20260911,0,1000
MPL-discriminated,MPL,0.01,1.0,391,0.022794874380368396,0.12963267039413864,0.10683779601377025,True,20260911,0,1000
MPL-discriminated,MPL,0.01,1.0,392,0.017973750249799473,0.12980945128881807,0.1118357010390186,True,20260911,0,1000
MPL-discriminated,MPL,0.01,1.0,393,0.015948926123831014,0.12950585924807984,0.11355693312424882,True,20260911,0,1000
MPL-discriminated,MPL,0.01,1.0,394,0.01802917234540624,0.13094438875113693,0.11291521640573068,True,20260911,0,1000
MPL-discriminated,MPL,0.01,1.0,395,0.021840508119770827,0.13046287471155607,0.10862236659178524,True,20260911,0,1000
MPL-discriminated,MPL,0.01,1.0,396,0.016458395777170568,0.13011638948228002,0.11365799370510946,True,20260911,0,1000
MPL-discriminated,MPL,0.01,1.0,397,0.024705632821010605,0.1316290388986973,0.10692340607768669,True,20260911,0,1000
MPL-discriminated,MPL,0.01,1.0,398,0.013118109736220504,0.12855269282919884,0.11543458309297834,True,20260911,0,1000
MPL-discriminated,MPL,0.01,1.0,399,0.018569800299259275,0.12940713922950672,0.11083733893024744,True,20260911,0,1000
MPL-discriminated,MPL,0.01,1.0,400,0.02050932422295777,0.12891768388693173,0.10840835966397395,True,20260911,0,1000
MPL-discriminated,MPL,0.01,1.0,401,0.017385022090683242,0.12746921968798058,0.11008419759729735,True,20260911,0,1000
MPL-discriminated,MPL,0.01,1.0,402,0.01478392400980229,0.1298552695131333,0.11507134550333102,True,20260911,0,1000
MPL-discriminated,MPL,0.01,1.0,403,0.014930977432076487,0.12904677295574862,0.11411579552367214,True,20260911,0,1000
MPL-discriminated,MPL,0.01,1.0,404,0.017260005607777806,0.1299375860085308,0.112677580400753,True,20260911,0,1000
MPL-discriminated,MPL,0.01,1.0,405,0.030254936097228274,0.13244980239696652,0.10219486629973824,True,20260911,0,1000
MPL-discriminated,MPL,0.01,1.0,406,0.030522056661635155,0.1290962391863587,0.09857418252472355,True,20260911,0,1000
MPL-discriminated,MPL,0.01,1.0,407,0.014498621048901797,0.12893206518312092,0.11443344413421912,True,20260911,0,1000
MPL-discriminated,MPL,0.01,1.0,408,0.017495218271571137,0.12905590954111276,0.11156069126954163,True,20260911,0,1000
MPL-discriminated,MPL,0.01,1.0,409,0.015457207064429511,0.1288115566033592,0.11335434953892967,True,20260911,0,1000
MPL-discriminated,MPL,0.01,1.0,410,0.016061853497826573,0.12906572665266572,0.11300387315483915,True,20260911,0,1000
MPL-discriminated,MPL,0.01,1.0,411,0.015684649537272864,0.1290066726500627,0.11332202311278983,True,20260911,0,1000
MPL-discriminated,MPL,0.01,1.0,412,0.015932003142470272,0.12970609479506728,0.11377409165259701,True,20260911,0,1000
MPL-discriminated,MPL,0.01,1.0,413,0.015783145873694948,0.12826513625208788,0.11248199037839293,True,20260911,0,1000
MPL-discriminated,MPL,0.01,1.0,414,0.015076610534570703,0.12904378629986346,0.11396717576529276,True,20260911,0,1000
MPL-discriminated,MPL,0.01,1.0,415,0.028529081762578744,0.13147072764577183,0.10294164588319309,True,20260911,0,1000
MPL-discriminated,MPL,0.01,1.0,416,0.014686756109488209,0.12879218871924694,0.11410543260975874,True,20260911,0,1000
MPL-discriminated,MPL,0.01,1.0,417,0.02026464017072501,0.1294849317869189,0.10922029161619387,True,20260911,0,1000
MPL-discriminated,MPL,0.01,1.0,418,0.013981739000332075,0.1286504401666887,0.11466870116635662,True,20260911,0,1000
MPL-discriminated,MPL,0.01,1.0,419,0.016484765378424214,0.13031661253710208,0.11383184715867786,True,20260911,0,1000
MPL-discriminated,MPL,0.01,1.0,420,0.014753775654354295,0.12938991068152167,0.11463613502716738,True,20260911,0,1000
MPL-discriminated,MPL,0.01,1.0,421,0.017975657091201268,0.12887222122541628,0.110896564134215,True,20260911,0,1000
MPL-discriminated,MPL,0.01,1.0,422,0.027878445218350867,0.13033379738681344,0.10245535216846258,True,20260911,0,1000
MPL-discriminated,MPL,0.01,1.0,423,0.015588348843776923,0.12843437413010422,0.1128460252863273,True,20260911,0,1000
MPL-discriminated,MPL,0.01,1.0,424,0.029053783144156395,0.13071839041612848,0.10166460727197209,True,20260911,0,1000
MPL-discriminated,MPL,0.01,1.0,425,0.016044150987134697,0.12965355265310918,0.11360940166597448,True,20260911,0,1000
MPL-discriminated,MPL,0.01,1.0,426,0.019125201346202193,0.12844203702398868,0.1093168356777865,True,20260911,0,1000
MPL-discriminated,MPL,0.01,1.0,427,0.02047595104058554,0.12982842505850103,0.1093524740179155,True,20260911,0,1000
MPL-discriminated,MPL,0.01,1.0,428,0.014264531057354845,0.12924210471693318,0.11497757365957834,True,20260911,0,1000
MPL-discriminated,MPL,0.01,1.0,429,0.022567421978702575,0.1294765175481818,0.10690909556947922,True,20260911,0,1000
MPL-discriminated,MPL,0.01,1.0,430,0.02417774601822947,0.13131297461028574,0.10713522859205626,True,20260911,0,1000
MPL-discriminated,MPL,0.01,1.0,431,0.03186798266541529,0.13267564488855402,0.10080766222313872,True,20260911,0,1000
MPL-discriminated,MPL,0.01,1.0,432,0.024091544382281466,0.13004995439620318,0.10595841001392171,True,20260911,0,1000
MPL-discriminated,MPL,0.01,1.0,433,0.014827745509675973,0.12997609918209965,0.11514835367242368,True,20260911,0,1000
MPL-discriminated,MPL,0.01,1.0,434,0.016531913178615337,0.12889042057416247,0.11235850739554713,True,20260911,0,1000
MPL-discriminated,MPL,0.01,1.0,435,0.01500337744494457,0.12802971495436782,0.11302633750942326,True,20260911,0,1000
MPL-discriminated,MPL,0.01,1.0,436,0.023781170938743157,0.1299793734904436,0.10619820255170045,True,20260911,0,1000
MPL-discriminated,MPL,0.01,1.0,437,0.015136644018787799,0.12856109201357172,0.11342444799478392,True,20260911,0,1000
MPL-discriminated,MPL,0.01,1.0,438,0.017409014154584013,0.12919984506227,0.11179083090768599,True,20260911,0,1000
MPL-discriminated,MPL,0.01,1.0,439,0.0194609437523494,0.12890193570827738,0.10944099195592798,True,20260911,0,1000
MPL-discriminated,MPL,0.01,1.0,440,0.014763623167921392,0.1279016841011402,0.1131380609332188,True,20260911,0,1000
MPL-discriminated,MPL,0.01,1.0,441,0.018161948631975518,0.13108424516799538,0.11292229653601987,True,20260911,0,1000
MPL-discriminated,MPL,0.01,1.0,442,0.02259947744314799,0.1295564162053452,0.1069569387621972,True,20260911,0,1000
MPL-discriminated,MPL,0.01,1.0,443,0.018487236208468278,0.12909667055652013,0.11060943434805186,True,20260911,0,1000
MPL-discriminated,MPL,0.01,1.0,444,0.024691051526111982,0.1336199490288365,0.10892889750272453,True,20260911,0,1000
MPL-discriminated,MPL,0.01,1.0,445,0.017858454679806658,0.12946901518376042,0.11161056050395377,True,20260911,0,1000
MPL-discriminated,MPL,0.01,1.0,446,0.014229658669355664,0.1286666770168971,0.11443701834754144,True,20260911,0,1000
MPL-discriminated,MPL,0.01,1.0,447,0.015154354476503179,0.12937064723041466,0.11421629275391149,True,20260911,0,1000
MPL-discriminated,MPL,0.01,1.0,448,0.01640727703364342,0.129991351101063,0.11358407406741958,True,20260911,0,1000
MPL-discriminated,MPL,0.01,1.0,449,0.024637527216479316,0.12965400828046855,0.10501648106398924,True,20260911,0,1000
MPL-discriminated,MPL,0.01,1.0,450,0.025109110289959095,0.13136704520870876,0.10625793491874966,True,20260911,0,1000
MPL-discriminated,MPL,0.01,1.0,451,0.01968146450831462,0.12881046227720583,0.1091289977688912,True,20260911,0,1000
MPL-discriminated,MPL,0.01,1.0,452,0.02343976421429248,0.13112175607484938,0.10768199186055691,True,20260911,0,1000
MPL-discriminated,MPL,0.01,1.0,453,0.015314925187912961,0.12897136157746253,0.11365643638954957,True,20260911,0,1000
MPL-discriminated,MPL,0.01,1.0,454,0.018431908777657095,0.1288893589312823,0.11045745015362521,True,20260911,0,1000
MPL-discriminated,MPL,0.01,1.0,455,0.013682672570191791,0.12854457301569203,0.11486190044550024,True,20260911,0,1000
MPL-discriminated,MPL,0.01,1.0,456,0.02560608708478546,0.13090602983539218,0.10529994275060672,True,20260911,0,1000
MPL-discriminated,MPL,0.01,1.0,457,0.02328384744960183,0.13091494790816777,0.10763110045856594,True,20260911,0,1000
MPL-discriminated,MPL,0.01,1.0,458,0.02625561390778118,0.13039358296113843,0.10413796905335725,True,20260911,0,1000
MPL-discriminated,MPL,0.01,1.0,459,0.015398994417982592,0.13099045694924577,0.11559146253126318,True,20260911,0,1000
MPL-discriminated,MPL,0.01,1.0,460,0.019649448871514232,0.1300664906581937,0.11041704178667947,True,20260911,0,1000
MPL-discriminated,MPL,0.01,1.0,461,0.02262126134108444,0.131109877034982,0.10848861569389756,True,20260911,0,1000
MPL-discriminated,MPL,0.01,1.0,462,0.01786663536329278,0.1284862438761714,0.11061960851287864,True,20260911,0,1000
MPL-discriminated,MPL,0.01,1.0,463,0.03190243932889206,0.13264216908542392,0.10073972975653187,True,20260911,0,1000
MPL-discriminated,MPL,0.01,1.0,464,0.03026755154675418,0.13250421275937949,0.10223666121262531,True,20260911,0,1000
MPL-discriminated,MPL,0.01,1.0,465,0.02039097894404623,0.12949130903983713,0.1091003300957909,True,20260911,0,1000
MPL-discriminated,MPL,0.01,1.0,466,0.01970317483862972,0.1284824768943937,0.10877930205576399,True,20260911,0,1000
MPL-discriminated,MPL,0.01,1.0,467,0.017355538225222792,0.12913275236248126,0.11177721413725847,True,20260911,0,1000
MPL-discriminated,MPL,0.01,1.0,468,0.01849248173125312,0.1293957997202372,0.11090331798898409,True,20260911,0,1000
MPL-discriminated,MPL,0.01,1.0,469,0.02825094620036156,0.13240636322315544,0.10415541702279388,True,20260911,0,1000
MPL-discriminated,MPL,0.01,1.0,470,0.01731901998928882,0.1282963218403614,0.11097730185107259,True,20260911,0,1000
MPL-discriminated,MPL,0.01,1.0,471,0.019525580033395294,0.1299400858111698,0.11041450577777451,True,20260911,0,1000
MPL-discriminated,MPL,0.01,1.0,472,0.01506040599096855,0.12752021672592828,0.11245981073495973,True,20260911,0,1000
MPL-discriminated,MPL,0.01,1.0,473,0.016854047402645924,0.12906882571752223,0.1122147783148763,True,20260911,0,1000
MPL-discriminated,MPL,0.01,1.0,474,0.022968856574153335,0.12972259024637076,0.10675373367221742,True,20260911,0,1000
MPL-discriminated,MPL,0.01,1.0,475,0.02350425889488972,0.1290419468827222,0.10553768798783247,True,20260911,0,1000
MPL-discriminated,MPL,0.01,1.0,476,0.01759090662622003,0.1272920970282833,0.10970119040206328,True,20260911,0,1000
MPL-discriminated,MPL,0.01,1.0,477,0.018162505923194967,0.1297969270897414,0.11163442116654643,True,20260911,0,1000
MPL-discriminated,MPL,0.01,1.0,478,0.014340265053153547,0.12958745383653558,0.11524718878338204,True,20260911,0,1000
MPL-discriminated,MPL,0.01,1.0,479,0.016170299014669532,0.12891316885969772,0.1127428698450282,True,20260911,0,1000
MPL-discriminated,MPL,0.01,1.0,480,0.016794148596532155,0.13012838824601047,0.11333423964947832,True,20260911,0,1000
MPL-discriminated,MPL,0.01,1.0,481,0.017212297754514806,0.12967795306373367,0.11246565530921887,True,20260911,0,1000
MPL-discriminated,MPL,0.01,1.0,482,0.014782442653059655,0.1281652989322719,0.11338285627921225,True,20260911,0,1000
MPL-discriminated,MPL,0.01,1.0,483,0.01684273702909107,0.12872178714073906,0.11187905011164799,True,20260911,0,1000
MPL-discriminated,MPL,0.01,1.0,484,0.021675368106160255,0.1293238324856517,0.10764846437949147,True,20260911,0,1000
MPL-discriminated,MPL,0.01,1.0,485,0.016089116483064995,0.12810795125301808,0.11201883476995309,True,20260911,0,1000
MPL-discriminated,MPL,0.01,1.0,486,0.029981373513477134,0.1326474140056861,0.10266604049220898,True,20260911,0,1000
MPL-discriminated,MPL,0.01,1.0,487,0.016225808676747604,0.129251406256825,0.11302559758007738,True,20260911,0,1000
MPL-discriminated,MPL,0.01,1.0,488,0.021808352002983485,0.12933294225057285,0.10752459024758937,True,20260911,0,1000
MPL-discriminated,MPL,0.01,1.0,489,0.0279770969277791,0.13135307020656553,0.10337597327878643,True,20260911,0,1000
MPL-discriminated,MPL,0.01,1.0,490,0.022005235749402784,0.1308139410978293,0.1088087053484265,True,20260911,0,1000
MPL-discriminated,MPL,0.01,1.0,491,0.01741635029409223,0.1284052041583857,0.11098885386429345,True,20260911,0,1000
MPL-discriminated,MPL,0.01,1.0,492,0.014026232522604754,0.12915220433361446,0.11512597181100971,True,20260911,0,1000
MPL-discriminated,MPL,0.01,1.0,493,0.025594429136108012,0.12890497842098506,0.10331054928487704,True,20260911,0,1000
MPL-discriminated,MPL,0.01,1.0,494,0.019270167037506968,0.12816286415807837,0.1088926971205714,True,20260911,0,1000
MPL-discriminated,MPL,0.01,1.0,495,0.01693322979548896,0.12785358531890317,0.11092035552341421,True,20260911,0,1000
MPL-discriminated,MPL,0.01,1.0,496,0.02715451199388908,0.13032223534872747,0.1031677233548384,True,20260911,0,1000
MPL-discriminated,MPL,0.01,1.0,497,0.02069548816993778,0.13089054573022701,0.11019505756028923,True,20260911,0,1000
MPL-discriminated,MPL,0.01,1.0,498,0.01923295211888443,0.12882367630817035,0.10959072418928592,True,20260911,0,1000
MPL-discriminated,MPL,0.01,1.0,499,0.017710430939893253,0.1293363084077243,0.11162587746783106,True,20260911,0,1000
MPL-discriminated,MPL,0.01,1.0,500,0.01787962690743018,0.1282766874687871,0.11039706056135691,True,20260911,0,1000
MPL-discriminated,MPL,0.01,1.0,501,0.01697955958306392,0.12789532335581755,0.11091576377275363,True,20260911,0,1000
MPL-discriminated,MPL,0.01,1.0,502,0.01898294066305874,0.12949718273003016,0.11051424206697143,True,20260911,0,1000
MPL-discriminated,MPL,0.01,1.0,503,0.02224950365119029,0.12928676906331513,0.10703726541212484,True,20260911,0,1000
MPL-discriminated,MPL,0.01,1.0,504,0.015311435575017658,0.12882627804513244,0.11351484247011479,True,20260911,0,1000
MPL-discriminated,MPL,0.01,1.0,505,0.017725581275114963,0.12871507016712294,0.11098948889200798,True,20260911,0,1000
MPL-discriminated,MPL,0.01,1.0,506,0.019529148429687622,0.12834765608085083,0.10881850765116322,True,20260911,0,1000
MPL-discriminated,MPL,0.01,1.0,507,0.0219911460316547,0.1300425860298331,0.1080514399981784,True,20260911,0,1000
MPL-discriminated,MPL,0.01,1.0,508,0.028022926852594075,0.13127448711687142,0.10325156026427734,True,20260911,0,1000
MPL-discriminated,MPL,0.01,1.0,509,0.02279587933597649,0.13090676508256865,0.10811088574659217,True,20260911,0,1000
MPL-discriminated,MPL,0.01,1.0,510,0.029192288633900814,0.13154673803440253,0.10235444940050172,True,20260911,0,1000
MPL-discriminated,MPL,0.01,1.0,511,0.01879057142212974,0.12939154803379013,0.11060097661166039,True,20260911,0,1000
MPL-discriminated,MPL,0.01,1.0,512,0.017352453229090584,0.12863664133578676,0.11128418810669617,True,20260911,0,1000
MPL-discriminated,MPL,0.01,1.0,513,0.018173632590323657,0.12916309103042714,0.11098945844010348,True,20260911,0,1000
MPL-discriminated,MPL,0.01,1.0,514,0.02022433946570643,0.12976613013027605,0.10954179066456962,True,20260911,0,1000
MPL-discriminated,MPL,0.01,1.0,515,0.020833600138986583,0.13112859272752486,0.11029499258853828,True,20260911,0,1000
MPL-discriminated,MPL,0.01,1.0,516,0.023502305570995318,0.12951766772098786,0.10601536214999253,True,20260911,0,1000
MPL-discriminated,MPL,0.01,1.0,517,0.014121433399094054,0.12972600996387312,0.11560457656477907,True,20260911,0,1000
MPL-discriminated,MPL,0.01,1.0,518,0.024930367222507417,0.1302835095094528,0.1053531422869454,True,20260911,0,1000
MPL-discriminated,MPL,0.01,1.0,519,0.023921114380928067,0.13213423974857533,0.10821312536764727,True,20260911,0,1000
MPL-discriminated,MPL,0.01,1.0,520,0.01649912431324138,0.12880024007619686,0.11230111576295548,True,20260911,0,1000
MPL-discriminated,MPL,0.01,1.0,521,0.017634400296786343,0.12929784244228953,0.1116634421455032,True,20260911,0,1000
MPL-discriminated,MPL,0.01,1.0,522,0.018016843540291306,0.12827775945081737,0.11026091591052607,True,20260911,0,1000
MPL-discriminated,MPL,0.01,1.0,523,0.015114358802141624,0.12820495750585248,0.11309059870371085,True,20260911,0,1000
MPL-discriminated,MPL,0.01,1.0,524,0.020055562664231027,0.1303745453015497,0.11031898263731868,True,20260911,0,1000
MPL-discriminated,MPL,0.01,1.0,525,0.02670386186294201,0.13147559673086529,0.10477173486792328,True,20260911,0,1000
MPL-discriminated,MPL,0.01,1.0,526,0.020261972503821595,0.12893794394507915,0.10867597144125755,True,20260911,0,1000
MPL-discriminated,MPL,0.01,1.0,527,0.014963510806006304,0.1290399289126051,0.1140764181065988,True,20260911,0,1000
MPL-discriminated,MPL,0.01,1.0,528,0.015478330393884467,0.12782655094179068,0.11234822054790622,True,20260911,0,1000
MPL-discriminated,MPL,0.01,1.0,529,0.024758875195720644,0.13068022861605555,0.1059213534203349,True,20260911,0,1000
MPL-discriminated,MPL,0.01,1.0,530,0.020661395264175788,0.1298734666032299,0.10921207133905411,True,20260911,0,1000
MPL-discriminated,MPL,0.01,1.0,531,0.014102628202164645,0.12933866718779655,0.1152360389856319,True,20260911,0,1000
MPL-discriminated,MPL,0.01,1.0,532,0.016921552460023057,0.1270679010542559,0.11014634859423283,True,20260911,0,1000
MPL-discriminated,MPL,0.01,1.0,533,0.019439757634252857,0.1298299288697639,0.11039017123551105,True,20260911,0,1000
MPL-discriminated,MPL,0.01,1.0,534,0.02418621093498665,0.13119429852278736,0.1070080875878007,True,20260911,0,1000
MPL-discriminated,MPL,0.01,1.0,535,0.01851313272672542,0.12936727828021852,0.1108541455534931,True,20260911,0,1000
MPL-discriminated,MPL,0.01,1.0,536,0.016305263607912252,0.1285957103849401,0.11229044677702786,True,20260911,0,1000
MPL-discriminated,MPL,0.01,1.0,537,0.023347253271196255,0.1295238440335405,0.10617659076234424,True,20260911,0,1000
MPL-discriminated,MPL,0.01,1.0,538,0.020978423154344037,0.12915172648509599,0.10817330333075195,True,20260911,0,1000
MPL-discriminated,MPL,0.01,1.0,539,0.015766114713650418,0.1294786382796059,0.11371252356595549,True,20260911,0,1000
MPL-discriminated,MPL,0.01,1.0,540,0.021106176125184874,0.13043274719012732,0.10932657106494245,True,20260911,0,1000
MPL-discriminated,MPL,0.01,1.0,541,0.017500456695647496,0.12826861403296852,0.11076815733732102,True,20260911,0,1000
MPL-discriminated,MPL,0.01,1.0,542,0.017401883170326145,0.1290732125608471,0.11167132939052096,True,20260911,0,1000
MPL-discriminated,MPL,0.01,1.0,543,0.015354702000963274,0.12859379905521984,0.11323909705425657,True,20260911,0,1000
MPL-discriminated,MPL,0.01,1.0,544,0.030658807752015987,0.132862615693273,0.10220380794125702,True,20260911,0,1000
MPL-discriminated,MPL,0.01,1.0,545,0.015965967988445292,0.1284363818483797,0.11247041385993439,True,20260911,0,1000
MPL-discriminated,MPL,0.01,1.0,546,0.016279152164888826,0.1290178032776693,0.11273865111278046,True,20260911,0,1000
MPL-discriminated,MPL,0.01,1.0,547,0.014732915807325532,0.12810280842696753,0.113369892619642,True,20260911,0,1000
MPL-discriminated,MPL,0.01,1.0,548,0.01885593833407271,0.1310138240237517,0.112157885689679,True,20260911,0,1000
MPL-discriminated,MPL,0.01,1.0,549,0.02822651493209227,0.1328360033122894,0.10460948838019712,True,20260911,0,1000
MPL-discriminated,MPL,0.01,1.0,550,0.02484507377537106,0.12936238266772718,0.10451730889235611,True,20260911,0,1000
MPL-discriminated,MPL,0.01,1.0,551,0.021611177924144742,0.1326125164000383,0.11100133847589355,True,20260911,0,1000
MPL-discriminated,MPL,0.01,1.0,552,0.015304122811630967,0.12832471857842143,0.11302059576679047,True,20260911,0,1000
MPL-discriminated,MPL,0.01,1.0,553,0.016727415426756622,0.12879860006423305,0.11207118463747642,True,20260911,0,1000
MPL-discriminated,MPL,0.01,1.0,554,0.02012365030707299,0.13071396237106941,0.11059031206399643,True,20260911,0,1000
MPL-discriminated,MPL,0.01,1.0,555,0.014402217189066143,0.12820110393890363,0.11379888674983749,True,20260911,0,1000
MPL-discriminated,MPL,0.01,1.0,556,0.015193721328170429,0.1289224410004867,0.11372871967231626,True,20260911,0,1000
MPL-discriminated,MPL,0.01,1.0,557,0.03443345068417743,0.13197548252083405,0.09754203183665662,True,20260911,0,1000
MPL-discriminated,MPL,0.01,1.0,558,0.01688949474970375,0.12809089805543347,0.11120140330572972,True,20260911,0,1000
MPL-discriminated,MPL,0.01,1.0,559,0.02130618832454028,0.12946446448606283,0.10815827616152254,True,20260911,0,1000
MPL-discriminated,MPL,0.01,1.0,560,0.019618714452159323,0.13081012182324778,0.11119140737108846,True,20260911,0,1000
MPL-discriminated,MPL,0.01,1.0,561,0.016771371571818523,0.129332105767634,0.11256073419581547,True,20260911,0,1000
MPL-discriminated,MPL,0.01,1.0,562,0.026385548328036055,0.13141063827422284,0.10502508994618678,True,20260911,0,1000
MPL-discriminated,MPL,0.01,1.0,563,0.017125276539713408,0.1277512055083375,0.11062592896862408,True,20260911,0,1000
MPL-discriminated,MPL,0.01,1.0,564,0.021172876019752658,0.12924122432006313,0.10806834830031048,True,20260911,0,1000
MPL-discriminated,MPL,0.01,1.0,565,0.016395676603452067,0.1292200422430008,0.11282436563954873,True,20260911,0,1000
MPL-discriminated,MPL,0.01,1.0,566,0.01796496468573988,0.13061670928541638,0.1126517445996765,True,20260911,0,1000
MPL-discriminated,MPL,0.01,1.0,567,0.01764276542603073,0.12896472224855487,0.11132195682252415,True,20260911,0,1000
MPL-discriminated,MPL,0.01,1.0,568,0.01931017035496243,0.12843355534953432,0.10912338499457189,True,20260911,0,1000
MPL-discriminated,MPL,0.01,1.0,569,0.016759992318325794,0.12897108194202875,0.11221108962370295,True,20260911,0,1000
MPL-discriminated,MPL,0.01,1.0,570,0.02692423692788108,0.130207869539597,0.10328363261171593,True,20260911,0,1000
MPL-discriminated,MPL,0.01,1.0,571,0.014897404137653615,0.12883861885502998,0.11394121471737637,True,20260911,0,1000
MPL-discriminated,MPL,0.01,1.0,572,0.021818234333844555,0.13100830835152863,0.10919007401768407,True,20260911,0,1000
MPL-discriminated,MPL,0.01,1.0,573,0.01948897951096019,0.12928498379714037,0.10979600428618018,True,20260911,0,1000
MPL-discriminated,MPL,0.01,1.0,574,0.016209287615767478,0.1294002405082821,0.11319095289251463,True,20260911,0,1000
MPL-discriminated,MPL,0.01,1.0,575,0.015413990838481044,0.127500367737286,0.11208637689880496,True,20260911,0,1000
MPL-discriminated,MPL,0.01,1.0,576,0.016010320822015544,0.1289114786663145,0.11290115784429895,True,20260911,0,1000
MPL-discriminated,MPL,0.01,1.0,577,0.02605282976357344,0.13018186737458107,0.10412903761100763,True,20260911,0,1000
MPL-discriminated,MPL,0.01,1.0,578,0.01819119733394653,0.1301204085158357,0.11192921118188917,True,20260911,0,1000
MPL-discriminated,MPL,0.01,1.0,579,0.024299503150483535,0.12970186830654648,0.10540236515606294,True,20260911,0,1000
MPL-discriminated,MPL,0.01,1.0,580,0.026866876256150606,0.13078786364136522,0.1039209873852146,True,20260911,0,1000
MPL-discriminated,MPL,0.01,1.0,581,0.016192949611791484,0.12787055064986522,0.11167760103807373,True,20260911,0,1000
MPL-discriminated,MPL,0.01,1.0,582,0.024695904718014066,0.12952689870398668,0.1048309939859726,True,20260911,0,1000
MPL-discriminated,MPL,0.01,1.0,583,0.031372212416349056,0.13181368615255065,0.1004414737362016,True,20260911,0,1000
MPL-discriminated,MPL,0.01,1.0,584,0.015838219511750594,0.1283023687409047,0.1124641492291541,True,20260911,0,1000
MPL-discriminated,MPL,0.01,1.0,585,0.026188103707391875,0.13112571195878267,0.1049376082513908,True,20260911,0,1000
MPL-discriminated,MPL,0.01,1.0,586,0.022234200792221475,0.13004901659049842,0.10781481579827694,True,20260911,0,1000
MPL-discriminated,MPL,0.01,1.0,587,0.016741472155354594,0.12876236113294803,0.11202088897759344,True,20260911,0,1000
MPL-discriminated,MPL,0.01,1.0,588,0.021782356292138882,0.12988734115119638,0.10810498485905749,True,20260911,0,1000
MPL-discriminated,MPL,0.01,1.0,589,0.014977804029021935,0.12830067716853058,0.11332287313950865,True,20260911,0,1000
MPL-discriminated,MPL,0.01,1.0,590,0.015464873185389794,0.1299385404897253,0.11447366730433552,True,20260911,0,1000
MPL-discriminated,MPL,0.01,1.0,591,0.016059307280076048,0.12858551479861272,0.11252620751853668,True,20260911,0,1000
MPL-discriminated,MPL,0.01,1.0,592,0.023567680479334496,0.12996362124024824,0.10639594076091374,True,20260911,0,1000
MPL-discriminated,MPL,0.01,1.0,593,0.02294305667338769,0.13190146313516554,0.10895840646177785,True,20260911,0,1000
MPL-discriminated,MPL,0.01,1.0,594,0.01822063437823863,0.12852663016214563,0.110305995783907,True,20260911,0,1000
MPL-discriminated,MPL,0.01,1.0,595,0.015749588787297687,0.12777635873961068,0.112026769952313,True,20260911,0,1000
MPL-discriminated,MPL,0.01,1.0,596,0.020892170790692315,0.12993824440702761,0.1090460736163353,True,20260911,0,1000
MPL-discriminated,MPL,0.01,1.0,597,0.01610765078164353,0.12806728010153232,0.11195962931988879,True,20260911,0,1000
MPL-discriminated,MPL,0.01,1.0,598,0.030691834366961147,0.1317448322869496,0.10105299791998847,True,20260911,0,1000
MPL-discriminated,MPL,0.01,1.0,599,0.016709748637624866,0.1282197299149698,0.11150998127734493,True,20260911,0,1000
MPL-discriminated,MPL,0.01,1.0,600,0.01641378061676233,0.12882942875319645,0.11241564813643412,True,20260911,0,1000
MPL-discriminated,MPL,0.01,1.0,601,0.0224441050732211,0.12995004150646175,0.10750593643324065,True,20260911,0,1000
MPL-discriminated,MPL,0.01,1.0,602,0.015196225226834038,0.12831770981200671,0.11312148458517268,True,20260911,0,1000
MPL-discriminated,MPL,0.01,1.0,603,0.013745030392200727,0.13009716885409747,0.11635213846189675,True,20260911,0,1000
MPL-discriminated,MPL,0.01,1.0,604,0.01573921135758514,0.12821381422823308,0.11247460287064794,True,20260911,0,1000
MPL-discriminated,MPL,0.01,1.0,605,0.030786914723772565,0.13128020718272249,0.10049329245894992,True,20260911,0,1000
MPL-discriminated,MPL,0.01,1.0,606,0.019945290145914122,0.12985419918744992,0.1099089090415358,True,20260911,0,1000
MPL-discriminated,MPL,0.01,1.0,607,0.016764193273423413,0.12793815431469732,0.11117396104127392,True,20260911,0,1000
MPL-discriminated,MPL,0.01,1.0,608,0.014437120462593676,0.1283323730179133,0.11389525255531963,True,20260911,0,1000
MPL-discriminated,MPL,0.01,1.0,609,0.014432464673584338,0.13052827058388686,0.11609580591030252,True,20260911,0,1000
MPL-discriminated,MPL,0.01,1.0,610,0.021551960888393906,0.12952670591605808,0.10797474502766417,True,20260911,0,1000
MPL-discriminated,MPL,0.01,1.0,611,0.021573390222372396,0.12893632933333568,0.10736293911096328,True,20260911,0,1000
MPL-discriminated,MPL,0.01,1.0,612,0.018354707664005803,0.1299817768457749,0.11162706918176908,True,20260911,0,1000
MPL-discriminated,MPL,0.01,1.0,613,0.016247515233036906,0.12990572945703496,0.11365821422399805,True,20260911,0,1000
MPL-discriminated,MPL,0.01,1.0,614,0.02136226539551108,0.1298403599402757,0.10847809454476462,True,20260911,0,1000
MPL-discriminated,MPL,0.01,1.0,615,0.02565695933943197,0.13115858538789874,0.10550162604846677,True,20260911,0,1000
MPL-discriminated,MPL,0.01,1.0,616,0.016412766103046508,0.12866662803446752,0.112253861931421,True,20260911,0,1000
MPL-discriminated,MPL,0.01,1.0,617,0.017030108580148293,0.12884163138557878,0.11181152280543048,True,20260911,0,1000
MPL-discriminated,MPL,0.01,1.0,618,0.01489644028269752,0.13053432173552193,0.11563788145282441,True,20260911,0,1000
MPL-discriminated,MPL,0.01,1.0,619,0.01644429438409328,0.12973326762908363,0.11328897324499035,True,20260911,0,1000
MPL-discriminated,MPL,0.01,1.0,620,0.02610667356709493,0.13081548092146458,0.10470880735436966,True,20260911,0,1000
MPL-discriminated,MPL,0.01,1.0,621,0.018716720872233382,0.12986992359799504,0.11115320272576165,True,20260911,0,1000
MPL-discriminated,MPL,0.01,1.0,622,0.019082254460384983,0.12840867562140051,0.10932642116101553,True,20260911,0,1000
MPL-discriminated,MPL,0.01,1.0,623,0.015640952228427332,0.12951509115263313,0.1138741389242058,True,20260911,0,1000
MPL-discriminated,MPL,0.01,1.0,624,0.015742078396372428,0.13006589770169355,0.11432381930532112,True,20260911,0,1000
MPL-discriminated,MPL,0.01,1.0,625,0.019021020568582136,0.1314823504157084,0.11246132984712627,True,20260911,0,1000
MPL-discriminated,MPL,0.01,1.0,626,0.018750871362428104,0.12893305675481537,0.11018218539238726,True,20260911,0,1000
MPL-discriminated,MPL,0.01,1.0,627,0.017745880252384126,0.129715618305648,0.11196973805326388,True,20260911,0,1000
MPL-discriminated,MPL,0.01,1.0,628,0.025014531277046545,0.13064652554986894,0.1056319942728224,True,20260911,0,1000
MPL-discriminated,MPL,0.01,1.0,629,0.021591613656074836,0.12985012566595838,0.10825851200988354,True,20260911,0,1000
MPL-discriminated,MPL,0.01,1.0,630,0.01765675813254001,0.1295114020498859,0.1118546439173459,True,20260911,0,1000
MPL-discriminated,MPL,0.01,1.0,631,0.020194058357722113,0.1290290965932769,0.10883503823555479,True,20260911,0,1000
MPL-discriminated,MPL,0.01,1.0,632,0.02042497151857953,0.12976318781314358,0.10933821629456406,True,20260911,0,1000
MPL-discriminated,MPL,0.01,1.0,633,0.016590621979662518,0.13030702558328033,0.11371640360361782,True,20260911,0,1000
MPL-discriminated,MPL,0.01,1.0,634,0.020292934775662422,0.12853752757915152,0.1082445928034891,True,20260911,0,1000
MPL-discriminated,MPL,0.01,1.0,635,0.01670264214727503,0.12861968323757256,0.11191704109029753,True,20260911,0,1000
MPL-discriminated,MPL,0.01,1.0,636,0.015402785489954851,0.12847358585549104,0.11307080036553618,True,20260911,0,1000
MPL-discriminated,MPL,0.01,1.0,637,0.016132148062361136,0.13067415653537395,0.11454200847301282,True,20260911,0,1000
MPL-discriminated,MPL,0.01,1.0,638,0.01755446145388578,0.12893690974984007,0.11138244829595428,True,20260911,0,1000
MPL-discriminated,MPL,0.01,1.0,639,0.02476896420191316,0.13095986315296385,0.10619089895105069,True,20260911,0,1000
MPL-discriminated,MPL,0.01,1.0,640,0.02679599306893173,0.1312523603264079,0.10445636725747619,True,20260911,0,1000
MPL-discriminated,MPL,0.01,1.0,641,0.015582566901990202,0.1296399058458992,0.11405733894390901,True,20260911,0,1000
MPL-discriminated,MPL,0.01,1.0,642,0.020316586615429975,0.13001033383638375,0.10969374722095376,True,20260911,0,1000
MPL-discriminated,MPL,0.01,1.0,643,0.013678984956881163,0.12910419433019585,0.11542520937331469,True,20260911,0,1000
MPL-discriminated,MPL,0.01,1.0,644,0.01707830248200871,0.12998019659941054,0.11290189411740183,True,20260911,0,1000
MPL-discriminated,MPL,0.01,1.0,645,0.018462459253881715,0.12860647535478387,0.11014401610090216,True,20260911,0,1000
MPL-discriminated,MPL,0.01,1.0,646,0.014060720960651679,0.13037253473630012,0.11631181377564843,True,20260911,0,1000
MPL-discriminated,MPL,0.01,1.0,647,0.020348234835274776,0.1303671540556713,0.11001891922039654,True,20260911,0,1000
MPL-discriminated,MPL,0.01,1.0,648,0.021211811821839004,0.12991797743168151,0.1087061656098425,True,20260911,0,1000
MPL-discriminated,MPL,0.01,1.0,649,0.01936890585189213,0.1287894566589883,0.10942055080709617,True,20260911,0,1000
MPL-discriminated,MPL,0.01,1.0,650,0.023218787437364077,0.13038320122875052,0.10716441379138644,True,20260911,0,1000
MPL-discriminated,MPL,0.01,1.0,651,0.02352023464003361,0.1293341206242597,0.10581388598422609,True,20260911,0,1000
MPL-discriminated,MPL,0.01,1.0,652,0.023564298389923244,0.1304674525837124,0.10690315419378915,True,20260911,0,1000
MPL-discriminated,MPL,0.01,1.0,653,0.02221599902972487,0.13060236462307478,0.10838636559334991,True,20260911,0,1000
MPL-discriminated,MPL,0.01,1.0,654,0.01638722747829221,0.12919558269668835,0.11280835521839613,True,20260911,0,1000
MPL-discriminated,MPL,0.01,1.0,655,0.015475618393014395,0.1295364965983835,0.11406087820536912,True,20260911,0,1000
MPL-discriminated,MPL,0.01,1.0,656,0.020802975232004393,0.13089370931700606,0.11009073408500167,True,20260911,0,1000
MPL-discriminated,MPL,0.01,1.0,657,0.020001222062023278,0.12948602920404334,0.10948480714202007,True,20260911,0,1000
MPL-discriminated,MPL,0.01,1.0,658,0.02665998905915566,0.13001163163961318,0.10335164258045752,True,20260911,0,1000
MPL-discriminated,MPL,0.01,1.0,659,0.026906237789978398,0.1296707439505605,0.1027645061605821,True,20260911,0,1000
MPL-discriminated,MPL,0.01,1.0,660,0.01989705092667025,0.1293331737639165,0.10943612283724626,True,20260911,0,1000
MPL-discriminated,MPL,0.01,1.0,661,0.017813581335733304,0.1298756990526335,0.1120621177169002,True,20260911,0,1000
MPL-discriminated,MPL,0.01,1.0,662,0.019143099973161885,0.12890563361150512,0.10976253363834323,True,20260911,0,1000
MPL-discriminated,MPL,0.01,1.0,663,0.03126475143462214,0.1320388550404078,0.10077410360578566,True,20260911,0,1000
MPL-discriminated,MPL,0.01,1.0,664,0.01735090422462545,0.1289245104420921,0.11157360621746665,True,20260911,0,1000
MPL-discriminated,MPL,0.01,1.0,665,0.023862693577917177,0.13159187750503185,0.10772918392711467,True,20260911,0,1000
MPL-discriminated,MPL,0.01,1.0,666,0.017532863991854913,0.12855409121716474,0.11102122722530983,True,20260911,0,1000
MPL-discriminated,MPL,0.01,1.0,667,0.01643932697022607,0.13052567584668417,0.1140863488764581,True,20260911,0,1000
MPL-discriminated,MPL,0.01,1.0,668,0.018178755955319,0.12898879546236214,0.11081003950704314,True,20260911,0,1000
MPL-discriminated,MPL,0.01,1.0,669,0.021836897901965028,0.13024345288333272,0.1084065549813677,True,20260911,0,1000
MPL-discriminated,MPL,0.01,1.0,670,0.014062987382856738,0.12858228385844428,0.11451929647558753,True,20260911,0,1000
MPL-discriminated,MPL,0.01,1.0,671,0.028075393499977078,0.1297795804925503,0.10170418699257323,True,20260911,0,1000
MPL-discriminated,MPL,0.01,1.0,672,0.019346594934021695,0.13003160568338748,0.11068501074936579,True,20260911,0,1000
MPL-discriminated,MPL,0.01,1.0,673,0.01809542006395254,0.1295770787439602,0.11148165868000767,True,20260911,0,1000
MPL-discriminated,MPL,0.01,1.0,674,0.0224546295526319,0.12941168795695948,0.10695705840432758,True,20260911,0,1000
MPL-discriminated,MPL,0.01,1.0,675,0.014442584467481558,0.12921685290258125,0.11477426843509969,True,20260911,0,1000
MPL-discriminated,MPL,0.01,1.0,676,0.014526447067107318,0.12869699858527317,0.11417055151816585,True,20260911,0,1000
MPL-discriminated,MPL,0.01,1.0,677,0.015241660227367717,0.12877518152813108,0.11353352130076337,True,20260911,0,1000
MPL-discriminated,MPL,0.01,1.0,678,0.019913601808713384,0.1303461092709902,0.11043250746227681,True,20260911,0,1000
MPL-discriminated,MPL,0.01,1.0,679,0.014707772215205979,0.12893310307057412,0.11422533085536815,True,20260911,0,1000
MPL-discriminated,MPL,0.01,1.0,680,0.016613235078183217,0.12899361539650858,0.11238038031832537,True,20260911,0,1000
MPL-discriminated,MPL,0.01,1.0,681,0.02170004425049813,0.12820188014650993,0.10650183589601181,True,20260911,0,1000
MPL-discriminated,MPL,0.01,1.0,682,0.01835389521382813,0.12879524993035527,0.11044135471652713,True,20260911,0,1000
MPL-discriminated,MPL,0.01,1.0,683,0.023165905391235055,0.1293309269617046,0.10616502157046953,True,20260911,0,1000
MPL-discriminated,MPL,0.01,1.0,684,0.01694223856028582,0.129324940361671,0.11238270180138518,True,20260911,0,1000
MPL-discriminated,MPL,0.01,1.0,685,0.020342222660161592,0.1286339695021222,0.1082917468419606,True,20260911,0,1000
MPL-discriminated,MPL,0.01,1.0,686,0.014225481459539406,0.1294886803833567,0.1152631989238173,True,20260911,0,1000
MPL-discriminated,MPL,0.01,1.0,687,0.014891239807763895,0.12921080478619118,0.11431956497842728,True,20260911,0,1000
MPL-discriminated,MPL,0.01,1.0,688,0.015370026496951933,0.12934975987033673,0.1139797333733848,True,20260911,0,1000
MPL-discriminated,MPL,0.01,1.0,689,0.018748117101688135,0.1301373955011602,0.11138927839947207,True,20260911,0,1000
MPL-discriminated,MPL,0.01,1.0,690,0.02317513888598342,0.13137330024393,0.10819816135794659,True,20260911,0,1000
MPL-discriminated,MPL,0.01,1.0,691,0.0213821005557315,0.13142038692055308,0.11003828636482157,True,20260911,0,1000
MPL-discriminated,MPL,0.01,1.0,692,0.019138128224675574,0.13028090518554838,0.11114277696087281,True,20260911,0,1000
MPL-discriminated,MPL,0.01,1.0,693,0.024179637365017888,0.13219550135943722,0.10801586399441934,True,20260911,0,1000
MPL-discriminated,MPL,0.01,1.0,694,0.02019283336579709,0.12949130945673917,0.10929847609094208,True,20260911,0,1000
MPL-discriminated,MPL,0.01,1.0,695,0.014704177119220847,0.13014236733238166,0.11543819021316082,True,20260911,0,1000
MPL-discriminated,MPL,0.01,1.0,696,0.01603610986617612,0.1309098542329409,0.11487374436676479,True,20260911,0,1000
MPL-discriminated,MPL,0.01,1.0,697,0.02127602416503147,0.12835385348388456,0.1070778293188531,True,20260911,0,1000
MPL-discriminated,MPL,0.01,1.0,698,0.02380481645673721,0.13056569419250527,0.10676087773576806,True,20260911,0,1000
MPL-discriminated,MPL,0.01,1.0,699,0.0200285198160973,0.13002417703101318,0.10999565721491589,True,20260911,0,1000
MPL-discriminated,MPL,0.01,1.0,700,0.018840775154024613,0.1298104733865857,0.11096969823256107,True,20260911,0,1000
MPL-discriminated,MPL,0.01,1.0,701,0.02655047141607632,0.13165571655595965,0.10510524513988333,True,20260911,0,1000
MPL-discriminated,MPL,0.01,1.0,702,0.015882359353713096,0.12875380769618985,0.11287144834247675,True,20260911,0,1000
MPL-discriminated,MPL,0.01,1.0,703,0.03445337469298937,0.13198167095540672,0.09752829626241735,True,20260911,0,1000
MPL-discriminated,MPL,0.01,1.0,704,0.017627686748670515,0.1289639246007743,0.11133623785210378,True,20260911,0,1000
MPL-discriminated,MPL,0.01,1.0,705,0.013587523448525344,0.12907788334380357,0.11549035989527823,True,20260911,0,1000
MPL-discriminated,MPL,0.01,1.0,706,0.019119795216379593,0.13046124049270086,0.11134144527632127,True,20260911,0,1000
MPL-discriminated,MPL,0.01,1.0,707,0.01983638684453678,0.13136314736109525,0.11152676051655847,True,20260911,0,1000
MPL-discriminated,MPL,0.01,1.0,708,0.019991488411515188,0.1295011139772863,0.10950962556577112,True,20260911,0,1000
MPL-discriminated,MPL,0.01,1.0,709,0.016805414141050988,0.1295923794712594,0.1127869653302084,True,20260911,0,1000
MPL-discriminated,MPL,0.01,1.0,710,0.019150164328641854,0.12956569675500568,0.11041553242636382,True,20260911,0,1000
MPL-discriminated,MPL,0.01,1.0,711,0.021736786201855013,0.12913277708801343,0.10739599088615842,True,20260911,0,1000
MPL-discriminated,MPL,0.01,1.0,712,0.01660630349835137,0.12912239897869124,0.11251609548033986,True,20260911,0,1000
MPL-discriminated,MPL,0.01,1.0,713,0.017280150828689358,0.1288425215404483,0.11156237071175895,True,20260911,0,1000
MPL-discriminated,MPL,0.01,1.0,714,0.014879438295896458,0.12964423840708034,0.11476480011118388,True,20260911,0,1000
MPL-discriminated,MPL,0.01,1.0,715,0.019177985788197408,0.13005458423425392,0.11087659844605652,True,20260911,0,1000
MPL-discriminated,MPL,0.01,1.0,716,0.018340766835041877,0.1304311173424524,0.11209035050741054,True,20260911,0,1000
MPL-discriminated,MPL,0.01,1.0,717,0.020733647324955338,0.13110510258935695,0.11037145526440162,True,20260911,0,1000
MPL-discriminated,MPL,0.01,1.0,718,0.023225677784328113,0.12966078783710416,0.10643511005277605,True,20260911,0,1000
MPL-discriminated,MPL,0.01,1.0,719,0.015240412695274763,0.12914289858791636,0.1139024858926416,True,20260911,0,1000
MPL-discriminated,MPL,0.01,1.0,720,0.015009430016632517,0.12846314768774034,0.11345371767110782,True,20260911,0,1000
MPL-discriminated,MPL,0.01,1.0,721,0.023496736550606214,0.13077508353627057,0.10727834698566435,True,20260911,0,1000
MPL-discriminated,MPL,0.01,1.0,722,0.015549757178705492,0.1287205642014429,0.11317080702273741,True,20260911,0,1000
MPL-discriminated,MPL,0.01,1.0,723,0.02773959117740108,0.13047445011117884,0.10273485893377776,True,20260911,0,1000
MPL-discriminated,MPL,0.01,1.0,724,0.019457795530508408,0.12965738874484148,0.11019959321433306,True,20260911,0,1000
MPL-discriminated,MPL,0.01,1.0,725,0.0164017048317327,0.12835790564573746,0.11195620081400476,True,20260911,0,1000
MPL-discriminated,MPL,0.01,1.0,726,0.018937152415665688,0.1299754051245063,0.11103825270884063,True,20260911,0,1000
MPL-discriminated,MPL,0.01,1.0,727,0.02221403618978966,0.12923487525878122,0.10702083906899156,True,20260911,0,1000
MPL-discriminated,MPL,0.01,1.0,728,0.01711149721746453,0.129654469883483,0.11254297266601848,True,20260911,0,1000
MPL-discriminated,MPL,0.01,1.0,729,0.015200475706701437,0.12945858217179387,0.11425810646509243,True,20260911,0,1000
MPL-discriminated,MPL,0.01,1.0,730,0.022893351378888538,0.1303608772814479,0.10746752590255937,True,20260911,0,1000
MPL-discriminated,MPL,0.01,1.0,731,0.015073044879145625,0.12889239729465926,0.11381935241551364,True,20260911,0,1000
MPL-discriminated,MPL,0.01,1.0,732,0.024014700945052255,0.1307847756106452,0.10677007466559293,True,20260911,0,1000
MPL-discriminated,MPL,0.01,1.0,733,0.02249906018587039,0.13020325139420172,0.10770419120833133,True,20260911,0,1000
MPL-discriminated,MPL,0.01,1.0,734,0.015227512814285514,0.1294631028034081,0.11423558998912257,True,20260911,0,1000
MPL-discriminated,MPL,0.01,1.0,735,0.0185605247730224,0.1290700611897009,0.1105095364166785,True,20260911,0,1000
MPL-discriminated,MPL,0.01,1.0,736,0.019826903879972806,0.12952118403748852,0.10969428015751571,True,20260911,0,1000
MPL-discriminated,MPL,0.01,1.0,737,0.017474220214788196,0.13032697386315353,0.11285275364836533,True,20260911,0,1000
MPL-discriminated,MPL,0.01,1.0,738,0.029990638532620482,0.13240552185581214,0.10241488332319165,True,20260911,0,1000
MPL-discriminated,MPL,0.01,1.0,739,0.014787079504099979,0.12927664064540517,0.1144895611413052,True,20260911,0,1000
MPL-discriminated,MPL,0.01,1.0,740,0.01801301254472047,0.1300974467681614,0.11208443422344093,True,20260911,0,1000
MPL-discriminated,MPL,0.01,1.0,741,0.016901780123356986,0.12881466884300602,0.11191288871964904,True,20260911,0,1000
MPL-discriminated,MPL,0.01,1.0,742,0.017808656979833058,0.1283728709638901,0.11056421398405705,True,20260911,0,1000
MPL-discriminated,MPL,0.01,1.0,743,0.017989916011688332,0.1290056936053597,0.11101577759367137,True,20260911,0,1000
MPL-discriminated,MPL,0.01,1.0,744,0.015163877575087267,0.12888116814484854,0.11371729056976128,True,20260911,0,1000
MPL-discriminated,MPL,0.01,1.0,745,0.019212347322406745,0.13122036339882112,0.11200801607641438,True,20260911,0,1000
MPL-discriminated,MPL,0.01,1.0,746,0.019526834684408197,0.13007076709631987,0.11054393241191168,True,20260911,0,1000
MPL-discriminated,MPL,0.01,1.0,747,0.017384903795479693,0.12934286897288141,0.11195796517740172,True,20260911,0,1000
MPL-discriminated,MPL,0.01,1.0,748,0.016135700098142178,0.13000913153953858,0.1138734314413964,True,20260911,0,1000
MPL-discriminated,MPL,0.01,1.0,749,0.021192378437419095,0.13015687301609236,0.10896449457867326,True,20260911,0,1000
MPL-discriminated,MPL,0.01,1.0,750,0.021336632302690433,0.1285818929854545,0.10724526068276406,True,20260911,0,1000
MPL-discriminated,MPL,0.01,1.0,751,0.020606922941803895,0.12945429504514241,0.10884737210333852,True,20260911,0,1000
MPL-discriminated,MPL,0.01,1.0,752,0.016530141628150623,0.12901200835196136,0.11248186672381073,True,20260911,0,1000
MPL-discriminated,MPL,0.01,1.0,753,0.0205481699431095,0.1306620259839472,0.11011385604083769,True,20260911,0,1000
MPL-discriminated,MPL,0.01,1.0,754,0.018856467002076462,0.1294338866354258,0.11057741963334933,True,20260911,0,1000
MPL-discriminated,MPL,0.01,1.0,755,0.014916848638461187,0.13030391139431943,0.11538706275585825,True,20260911,0,1000
MPL-discriminated,MPL,0.01,1.0,756,0.016835221929137726,0.128364450014345,0.11152922808520727,True,20260911,0,1000
MPL-discriminated,MPL,0.01,1.0,757,0.033113351552319814,0.13187471606177248,0.09876136450945266,True,20260911,0,1000
MPL-discriminated,MPL,0.01,1.0,758,0.02522626074382521,0.13249149705516694,0.10726523631134173,True,20260911,0,1000
MPL-discriminated,MPL,0.01,1.0,759,0.01793112214198797,0.129577078492252,0.11164595635026403,True,20260911,0,1000
MPL-discriminated,MPL,0.01,1.0,760,0.023040597799856656,0.12977485194485391,0.10673425414499726,True,20260911,0,1000
MPL-discriminated,MPL,0.01,1.0,761,0.02314530438945019,0.1298669327624216,0.1067216283729714,True,20260911,0,1000
MPL-discriminated,MPL,0.01,1.0,762,0.021988952379262204,0.12950460408030448,0.10751565170104227,True,20260911,0,1000
MPL-discriminated,MPL,0.01,1.0,763,0.016567944282936304,0.1292967349537921,0.1127287906708558,True,20260911,0,1000
MPL-discriminated,MPL,0.01,1.0,764,0.018839558003095676,0.12980796832680727,0.1109684103237116,True,20260911,0,1000
MPL-discriminated,MPL,0.01,1.0,765,0.020166577364833065,0.13071504508370235,0.11054846771886928,True,20260911,0,1000
MPL-discriminated,MPL,0.01,1.0,766,0.01938918739868938,0.128611507244652,0.10922231984596263,True,20260911,0,1000
MPL-discriminated,MPL,0.01,1.0,767,0.01659923299497976,0.12972097209891337,0.11312173910393361,True,20260911,0,1000
MPL-discriminated,MPL,0.01,1.0,768,0.013698516987613603,0.12989766841192518,0.11619915142431159,True,20260911,0,1000
MPL-discriminated,MPL,0.01,1.0,769,0.018995923739988933,0.12986944137672177,0.11087351763673284,True,20260911,0,1000
MPL-discriminated,MPL,0.01,1.0,770,0.026492710974312984,0.1309636244927408,0.10447091351842781,True,20260911,0,1000
MPL-discriminated,MPL,0.01,1.0,771,0.015120922580344653,0.12914957793719897,0.11402865535685432,True,20260911,0,1000
MPL-discriminated,MPL,0.01,1.0,772,0.0166192068958339,0.12897415447235577,0.11235494757652187,True,20260911,0,1000
MPL-discriminated,MPL,0.01,1.0,773,0.019357253160291094,0.13000678826646195,0.11064953510617086,True,20260911,0,1000
MPL-discriminated,MPL,0.01,1.0,774,0.02912796242546521,0.1314587256559582,0.10233076323049299,True,20260911,0,1000
MPL-discriminated,MPL,0.01,1.0,775,0.02167306023588047,0.12927330536327303,0.10760024512739255,True,20260911,0,1000
MPL-discriminated,MPL,0.01,1.0,776,0.014092800752781368,0.12942689916153058,0.11533409840874921,True,20260911,0,1000
MPL-discriminated,MPL,0.01,1.0,777,0.019630531108581917,0.12933095959468907,0.10970042848610716,True,20260911,0,1000
MPL-discriminated,MPL,0.01,1.0,778,0.014900737059342991,0.13027503864306625,0.11537430158372326,True,20260911,0,1000
MPL-discriminated,MPL,0.01,1.0,779,0.02380553781237459,0.1294304532335685,0.10562491542119391,True,20260911,0,1000
MPL-discriminated,MPL,0.01,1.0,780,0.02904645124151687,0.13154474359036594,0.10249829234884908,True,20260911,0,1000
MPL-discriminated,MPL,0.01,1.0,781,0.014029559622922592,0.1290455345204259,0.11501597489750329,True,20260911,0,1000
MPL-discriminated,MPL,0.01,1.0,782,0.026776145224589553,0.12913228185296502,0.10235613662837546,True,20260911,0,1000
MPL-discriminated,MPL,0.01,1.0,783,0.020308257854489017,0.1308807016053886,0.11057244375089957,True,20260911,0,1000
MPL-discriminated,MPL,0.01,1.0,784,0.017408171789646997,0.12867681585744317,0.11126864406779617,True,20260911,0,1000
MPL-discriminated,MPL,0.01,1.0,785,0.01730320139047754,0.12896806898215674,0.11166486759167919,True,20260911,0,1000
MPL-discriminated,MPL,0.01,1.0,786,0.018474340118933015,0.12923010275779162,0.11075576263885861,True,20260911,0,1000
MPL-discriminated,MPL,0.01,1.0,787,0.015107176901722641,0.12857962204215886,0.11347244514043622,True,20260911,0,1000
MPL-discriminated,MPL,0.01,1.0,788,0.01703912672871343,0.1289666778515654,0.11192755112285196,True,20260911,0,1000
MPL-discriminated,MPL,0.01,1.0,789,0.019441468018219166,0.12802930792073133,0.10858783990251217,True,20260911,0,1000
MPL-discriminated,MPL,0.01,1.0,790,0.017955757461706526,0.1284607235861988,0.11050496612449229,True,20260911,0,1000
MPL-discriminated,MPL,0.01,1.0,791,0.028684196164453207,0.13112782854136978,0.10244363237691657,True,20260911,0,1000
MPL-discriminated,MPL,0.01,1.0,792,0.014926486565766202,0.1293402973022011,0.11441381073643489,True,20260911,0,1000
MPL-discriminated,MPL,0.01,1.0,793,0.03591639895785372,0.13412655715326688,0.09821015819541315,True,20260911,0,1000
MPL-discriminated,MPL,0.01,1.0,794,0.021987388420138837,0.12940178589552045,0.10741439747538162,True,20260911,0,1000
MPL-discriminated,MPL,0.01,1.0,795,0.03007272823773783,0.1314719084268681,0.10139918018913027,True,20260911,0,1000
MPL-discriminated,MPL,0.01,1.0,796,0.015884882480552278,0.12984979841532365,0.11396491593477137,True,20260911,0,1000
MPL-discriminated,MPL,0.01,1.0,797,0.020338026586859483,0.13047375729788036,0.11013573071102087,True,20260911,0,1000
MPL-discriminated,MPL,0.01,1.0,798,0.01619583334548384,0.12913912378446057,0.11294329043897673,True,20260911,0,1000
MPL-discriminated,MPL,0.01,1.0,799,0.015293621871590802,0.12957531959799673,0.11428169772640592,True,20260911,0,1000
MPL-discriminated,MPL,0.01,1.0,800,0.014359343062742076,0.12981673152334844,0.11545738846060637,True,20260911,0,1000
MPL-discriminated,MPL,0.01,1.0,801,0.023527674488898562,0.13039455113633372,0.10686687664743516,True,20260911,0,1000
MPL-discriminated,MPL,0.01,1.0,802,0.021422585748025535,0.13111412045677684,0.1096915347087513,True,20260911,0,1000
MPL-discriminated,MPL,0.01,1.0,803,0.03700118648769849,0.13174498096970588,0.0947437944820074,True,20260911,0,1000
MPL-discriminated,MPL,0.01,1.0,804,0.016500446857182594,0.1281396552150414,0.1116392083578588,True,20260911,0,1000
MPL-discriminated,MPL,0.01,1.0,805,0.016262621755843715,0.13002959299582936,0.11376697123998565,True,20260911,0,1000
MPL-discriminated,MPL,0.01,1.0,806,0.017886083364059197,0.1299080549431711,0.1120219715791119,True,20260911,0,1000
MPL-discriminated,MPL,0.01,1.0,807,0.019521905385699225,0.1298862324858889,0.11036432710018967,True,20260911,0,1000
MPL-discriminated,MPL,0.01,1.0,808,0.01734058030891694,0.1289632145243522,0.11162263421543525,True,20260911,0,1000
MPL-discriminated,MPL,0.01,1.0,809,0.020573171493812437,0.12974524053028821,0.10917206903647578,True,20260911,0,1000
MPL-discriminated,MPL,0.01,1.0,810,0.01632720696023783,0.12922432741673961,0.11289712045650178,True,20260911,0,1000
MPL-discriminated,MPL,0.01,1.0,811,0.016614851183507275,0.1288655164624774,0.11225066527897012,True,20260911,0,1000
MPL-discriminated,MPL,0.01,1.0,812,0.023147947494987133,0.13094702108632286,0.10779907359133573,True,20260911,0,1000
MPL-discriminated,MPL,0.01,1.0,813,0.01893990798183588,0.13036000291400646,0.11142009493217057,True,20260911,0,1000
MPL-discriminated,MPL,0.01,1.0,814,0.027678120776653485,0.13150750767977448,0.10382938690312099,True,20260911,0,1000
MPL-discriminated,MPL,0.01,1.0,815,0.02733080869191295,0.12956617938983594,0.10223537069792299,True,20260911,0,1000
MPL-discriminated,MPL,0.01,1.0,816,0.0274150110825082,0.13081465936168785,0.10339964827917965,True,20260911,0,1000
MPL-discriminated,MPL,0.01,1.0,817,0.019612950983657604,0.12885621390041668,0.10924326291675908,True,20260911,0,1000
MPL-discriminated,MPL,0.01,1.0,818,0.03272170782557557,0.1329708078936788,0.10024910006810323,True,20260911,0,1000
MPL-discriminated,MPL,0.01,1.0,819,0.016849329842715352,0.12904231352505036,0.112192983682335,True,20260911,0,1000
MPL-discriminated,MPL,0.01,1.0,820,0.027178185529203928,0.1328205535499802,0.10564236802077628,True,20260911,0,1000
MPL-discriminated,MPL,0.01,1.0,821,0.0222337574087443,0.12964893440929842,0.10741517700055413,True,20260911,0,1000
MPL-discriminated,MPL,0.01,1.0,822,0.020197715912226286,0.130611397822148,0.11041368190992172,True,20260911,0,1000
MPL-discriminated,MPL,0.01,1.0,823,0.022411236982756967,0.12775204798839113,0.10534081100563417,True,20260911,0,1000
MPL-discriminated,MPL,0.01,1.0,824,0.023837794569249882,0.13017737251763536,0.10633957794838549,True,20260911,0,1000
MPL-discriminated,MPL,0.01,1.0,825,0.018505421482867768,0.12927288820022356,0.1107674667173558,True,20260911,0,1000
MPL-discriminated,MPL,0.01,1.0,826,0.02204662127538998,0.1290812735351138,0.10703465225972383,True,20260911,0,1000
MPL-discriminated,MPL,0.01,1.0,827,0.019622799156594765,0.1298258540651891,0.11020305490859433,True,20260911,0,1000
MPL-discriminated,MPL,0.01,1.0,828,0.016367600701551195,0.12766898149796985,0.11130138079641866,True,20260911,0,1000
MPL-discriminated,MPL,0.01,1.0,829,0.014607943780134278,0.12898997494908274,0.11438203116894846,True,20260911,0,1000
MPL-discriminated,MPL,0.01,1.0,830,0.022492176973976305,0.12985551150547195,0.10736333453149564,True,20260911,0,1000
MPL-discriminated,MPL,0.01,1.0,831,0.01538783024312947,0.12774888185811076,0.11236105161498129,True,20260911,0,1000
MPL-discriminated,MPL,0.01,1.0,832,0.0263144865911552,0.13108665737729985,0.10477217078614465,True,20260911,0,1000
MPL-discriminated,MPL,0.01,1.0,833,0.015534507898597418,0.1278778751822918,0.11234336728369437,True,20260911,0,1000
MPL-discriminated,MPL,0.01,1.0,834,0.01967930389710986,0.1304877120564474,0.11080840815933754,True,20260911,0,1000
MPL-discriminated,MPL,0.01,1.0,835,0.014945129026751958,0.1277100269951451,0.11276489796839315,True,20260911,0,1000
MPL-discriminated,MPL,0.01,1.0,836,0.022107802824358116,0.12933558028121983,0.10722777745686171,True,20260911,0,1000
MPL-discriminated,MPL,0.01,1.0,837,0.01989640262646533,0.12930626526208994,0.1094098626356246,True,20260911,0,1000
MPL-discriminated,MPL,0.01,1.0,838,0.020643522570862202,0.13092857868119293,0.11028505611033072,True,20260911,0,1000
MPL-discriminated,MPL,0.01,1.0,839,0.019653760250072976,0.12940991594228626,0.10975615569221328,True,20260911,0,1000
MPL-discriminated,MPL,0.01,1.0,840,0.024287192634782472,0.1308956677025361,0.10660847506775363,True,20260911,0,1000
MPL-discriminated,MPL,0.01,1.0,841,0.01853883694001922,0.13114029653835343,0.11260145959833422,True,20260911,0,1000
MPL-discriminated,MPL,0.01,1.0,842,0.016617320387979875,0.13070563285718623,0.11408831246920635,True,20260911,0,1000
MPL-discriminated,MPL,0.01,1.0,843,0.022480741513914406,0.13042822160529913,0.10794748009138472,True,20260911,0,1000
MPL-discriminated,MPL,0.01,1.0,844,0.017343753410915392,0.12959091507377826,0.11224716166286287,True,20260911,0,1000
MPL-discriminated,MPL,0.01,1.0,845,0.0197707221055699,0.12914558335500634,0.10937486124943643,True,20260911,0,1000
MPL-discriminated,MPL,0.01,1.0,846,0.026328010196642902,0.1306041427277745,0.1042761325311316,True,20260911,0,1000
MPL-discriminated,MPL,0.01,1.0,847,0.017731725287635794,0.12945531343813366,0.11172358815049786,True,20260911,0,1000
MPL-discriminated,MPL,0.01,1.0,848,0.01643676269885719,0.13064535602027885,0.11420859332142166,True,20260911,0,1000
MPL-discriminated,MPL,0.01,1.0,849,0.033044883702517076,0.13318465172466637,0.1001397680221493,True,20260911,0,1000
MPL-discriminated,MPL,0.01,1.0,850,0.02652410851400935,0.13221342873930045,0.1056893202252911,True,20260911,0,1000
MPL-discriminated,MPL,0.01,1.0,851,0.015374436760264436,0.12973125592384166,0.11435681916357722,True,20260911,0,1000
MPL-discriminated,MPL,0.01,1.0,852,0.017485533075036357,0.12914851150090348,0.11166297842586712,True,20260911,0,1000
MPL-discriminated,MPL,0.01,1.0,853,0.028304371660373445,0.13107088069296846,0.10276650903259502,True,20260911,0,1000
MPL-discriminated,MPL,0.01,1.0,854,0.01555989420663738,0.13054417243046199,0.11498427822382461,True,20260911,0,1000
MPL-discriminated,MPL,0.01,1.0,855,0.015135886597227166,0.1289111367424822,0.11377525014525502,True,20260911,0,1000
MPL-discriminated,MPL,0.01,1.0,856,0.02228537117692414,0.1310473181892165,0.10876194701229236,True,20260911,0,1000
MPL-discriminated,MPL,0.01,1.0,857,0.01836091912689433,0.12897246161907114,0.1106115424921768,True,20260911,0,1000
MPL-discriminated,MPL,0.01,1.0,858,0.014337321507971039,0.1291148548540012,0.11477753334603016,True,20260911,0,1000
MPL-discriminated,MPL,0.01,1.0,859,0.014985923923509656,0.12905217142332084,0.11406624749981119,True,20260911,0,1000
MPL-discriminated,MPL,0.01,1.0,860,0.01904524641676687,0.12948522833135306,0.11043998191458619,True,20260911,0,1000
MPL-discriminated,MPL,0.01,1.0,861,0.01957666148406795,0.13023371129447964,0.11065704981041169,True,20260911,0,1000
MPL-discriminated,MPL,0.01,1.0,862,0.022538468614233104,0.130626415828344,0.1080879472141109,True,20260911,0,1000
MPL-discriminated,MPL,0.01,1.0,863,0.023159675505664043,0.12992821888859868,0.10676854338293464,True,20260911,0,1000
MPL-discriminated,MPL,0.01,1.0,864,0.01667397433577777,0.12959790334393922,0.11292392900816145,True,20260911,0,1000
MPL-discriminated,MPL,0.01,1.0,865,0.022132124884732624,0.1302675446401062,0.10813541975537358,True,20260911,0,1000
MPL-discriminated,MPL,0.01,1.0,866,0.018191953943426865,0.12999163965591062,0.11179968571248376,True,20260911,0,1000
MPL-discriminated,MPL,0.01,1.0,867,0.014347184903894215,0.12776302876203782,0.1134158438581436,True,20260911,0,1000
MPL-discriminated,MPL,0.01,1.0,868,0.016933126591015875,0.1292257398597861,0.11229261326877024,True,20260911,0,1000
MPL-discriminated,MPL,0.01,1.0,869,0.014825195635921494,0.12921132623854154,0.11438613060262004,True,20260911,0,1000
MPL-discriminated,MPL,0.01,1.0,870,0.015405074629773932,0.12903114479844546,0.11362607016867153,True,20260911,0,1000
MPL-discriminated,MPL,0.01,1.0,871,0.023353416117186544,0.13000135931490722,0.10664794319772068,True,20260911,0,1000
MPL-discriminated,MPL,0.01,1.0,872,0.017320677733361305,0.13014562122600035,0.11282494349263904,True,20260911,0,1000
MPL-discriminated,MPL,0.01,1.0,873,0.015019962140093905,0.12874210048993934,0.11372213834984543,True,20260911,0,1000
MPL-discriminated,MPL,0.01,1.0,874,0.01781363740426889,0.1293598826129874,0.1115462452087185,True,20260911,0,1000
MPL-discriminated,MPL,0.01,1.0,875,0.01753724943679961,0.1290771086110082,0.1115398591742086,True,20260911,0,1000
MPL-discriminated,MPL,0.01,1.0,876,0.016535995906491074,0.12869091846757144,0.11215492256108037,True,20260911,0,1000
MPL-discriminated,MPL,0.01,1.0,877,0.0138724336954434,0.1293913985127938,0.1155189648173504,True,20260911,0,1000
MPL-discriminated,MPL,0.01,1.0,878,0.02405613787480934,0.1306971525978495,0.10664101472304016,True,20260911,0,1000
MPL-discriminated,MPL,0.01,1.0,879,0.020521651532392483,0.13013548554805676,0.10961383401566428,True,20260911,0,1000
MPL-discriminated,MPL,0.01,1.0,880,0.01983570401586572,0.12972878119040335,0.10989307717453763,True,20260911,0,1000
MPL-discriminated,MPL,0.01,1.0,881,0.01691543493513983,0.1283764843278394,0.11146104939269957,True,20260911,0,1000
MPL-discriminated,MPL,0.01,1.0,882,0.02176496312476327,0.12961915078004707,0.1078541876552838,True,20260911,0,1000
MPL-discriminated,MPL,0.01,1.0,883,0.030406829356760208,0.13088046169376033,0.10047363233700013,True,20260911,0,1000
MPL-discriminated,MPL,0.01,1.0,884,0.019977597889169463,0.12890334557240804,0.10892574768323858,True,20260911,0,1000
MPL-discriminated,MPL,0.01,1.0,885,0.018237096639664288,0.1284577937650557,0.11022069712539141,True,20260911,0,1000
MPL-discriminated,MPL,0.01,1.0,886,0.01499723024969294,0.12800900081413752,0.11301177056444459,True,20260911,0,1000
MPL-discriminated,MPL,0.01,1.0,887,0.016470108755782965,0.12883430987745975,0.11236420112167679,True,20260911,0,1000
MPL-discriminated,MPL,0.01,1.0,888,0.021951179720516474,0.12993979278756573,0.10798861306704927,True,20260911,0,1000
MPL-discriminated,MPL,0.01,1.0,889,0.03221678679687991,0.13229179587662845,0.10007500907974855,True,20260911,0,1000
MPL-discriminated,MPL,0.01,1.0,890,0.02406722241479037,0.13103674233552737,0.106969519920737,True,20260911,0,1000
MPL-discriminated,MPL,0.01,1.0,891,0.027095505687188545,0.13004706524685883,0.10295155955967028,True,20260911,0,1000
MPL-discriminated,MPL,0.01,1.0,892,0.020442519595249977,0.1289190000054221,0.10847648041017213,True,20260911,0,1000
MPL-discriminated,MPL,0.01,1.0,893,0.019154704513749257,0.12997931217369724,0.11082460765994798,True,20260911,0,1000
MPL-discriminated,MPL,0.01,1.0,894,0.032175591736197724,0.13276047438223407,0.10058488264603635,True,20260911,0,1000
MPL-discriminated,MPL,0.01,1.0,895,0.01666302701272157,0.12884237078195473,0.11217934376923316,True,20260911,0,1000
MPL-discriminated,MPL,0.01,1.0,896,0.017325178703649385,0.12861508562249852,0.11128990691884913,True,20260911,0,1000
MPL-discriminated,MPL,0.01,1.0,897,0.01837126072050941,0.13093815253168248,0.11256689181117308,True,20260911,0,1000
MPL-discriminated,MPL,0.01,1.0,898,0.01526563326056888,0.12952117973733146,0.11425554647676259,True,20260911,0,1000
MPL-discriminated,MPL,0.01,1.0,899,0.018070412085995455,0.12861733721846413,0.11054692513246868,True,20260911,0,1000
MPL-discriminated,MPL,0.01,1.0,900,0.018638617055214583,0.1285601742187359,0.10992155716352131,True,20260911,0,1000
MPL-discriminated,MPL,0.01,1.0,901,0.014884951059005466,0.13027207778469957,0.11538712672569411,True,20260911,0,1000
MPL-discriminated,MPL,0.01,1.0,902,0.02433473411606293,0.1288929775520811,0.10455824343601816,True,20260911,0,1000
MPL-discriminated,MPL,0.01,1.0,903,0.018042709465822274,0.12970738994314898,0.11166468047732671,True,20260911,0,1000
MPL-discriminated,MPL,0.01,1.0,904,0.023739903205801254,0.13062532088700587,0.10688541768120462,True,20260911,0,1000
MPL-discriminated,MPL,0.01,1.0,905,0.01630104098738697,0.12954243158953804,0.11324139060215108,True,20260911,0,1000
MPL-discriminated,MPL,0.01,1.0,906,0.01711077552633076,0.1289367160829348,0.11182594055660405,True,20260911,0,1000
MPL-discriminated,MPL,0.01,1.0,907,0.020256263068557406,0.1294703621439393,0.1092140990753819,True,20260911,0,1000
MPL-discriminated,MPL,0.01,1.0,908,0.020408496711984525,0.12988114926688132,0.1094726525548968,True,20260911,0,1000
MPL-discriminated,MPL,0.01,1.0,909,0.017200581940319353,0.12893333645402072,0.11173275451370136,True,20260911,0,1000
MPL-discriminated,MPL,0.01,1.0,910,0.022033353438914344,0.12992571128851033,0.10789235784959599,True,20260911,0,1000
MPL-discriminated,MPL,0.01,1.0,911,0.014798272714914386,0.13019943792113595,0.11540116520622157,True,20260911,0,1000
MPL-discriminated,MPL,0.01,1.0,912,0.01653991419693294,0.13001394191818097,0.11347402772124802,True,20260911,0,1000
MPL-discriminated,MPL,0.01,1.0,913,0.016187975044687646,0.12890518434107381,0.11271720929638616,True,20260911,0,1000
MPL-discriminated,MPL,0.01,1.0,914,0.016562538149494023,0.1301842380646553,0.11362169991516127,True,20260911,0,1000
MPL-discriminated,MPL,0.01,1.0,915,0.015374173513259684,0.12989230774202323,0.11451813422876354,True,20260911,0,1000
MPL-discriminated,MPL,0.01,1.0,916,0.021863653186092336,0.13074893133866045,0.10888527815256811,True,20260911,0,1000
MPL-discriminated,MPL,0.01,1.0,917,0.01695532830585963,0.1289846825171261,0.11202935421126647,True,20260911,0,1000
MPL-discriminated,MPL,0.01,1.0,918,0.0332022398945425,0.13168165625439338,0.09847941635985089,True,20260911,0,1000
MPL-discriminated,MPL,0.01,1.0,919,0.025114813833906107,0.12866277273754487,0.10354795890363876,True,20260911,0,1000
MPL-discriminated,MPL,0.01,1.0,920,0.019691177232642236,0.12873207606766163,0.10904089883501938,True,20260911,0,1000
MPL-discriminated,MPL,0.01,1.0,921,0.014698375395119522,0.12903319647841596,0.11433482108329644,True,20260911,0,1000
MPL-discriminated,MPL,0.01,1.0,922,0.014069157287863754,0.12883135847321164,0.11476220118534788,True,20260911,0,1000
MPL-discriminated,MPL,0.01,1.0,923,0.01476881530486334,0.12998084958581774,0.11521203428095439,True,20260911,0,1000
MPL-discriminated,MPL,0.01,1.0,924,0.022560976784007012,0.13001284190878218,0.10745186512477517,True,20260911,0,1000
MPL-discriminated,MPL,0.01,1.0,925,0.014597055857119644,0.12878102661188182,0.11418397075476217,True,20260911,0,1000
MPL-discriminated,MPL,0.01,1.0,926,0.023882279112641774,0.1294500251686778,0.10556774605603601,True,20260911,0,1000
MPL-discriminated,MPL,0.01,1.0,927,0.020825167368959518,0.12971125969721323,0.1088860923282537,True,20260911,0,1000
MPL-discriminated,MPL,0.01,1.0,928,0.014541962328063379,0.1286394878080693,0.11409752548000593,True,20260911,0,1000
MPL-discriminated,MPL,0.01,1.0,929,0.025448461685369617,0.13027696557173166,0.10482850388636204,True,20260911,0,1000
MPL-discriminated,MPL,0.01,1.0,930,0.015588280232936519,0.12897612128097907,0.11338784104804256,True,20260911,0,1000
MPL-discriminated,MPL,0.01,1.0,931,0.03654481247893935,0.1350612764143915,0.09851646393545216,True,20260911,0,1000
MPL-discriminated,MPL,0.01,1.0,932,0.015440918505792291,0.12891793890599734,0.11347702040020505,True,20260911,0,1000
MPL-discriminated,MPL,0.01,1.0,933,0.01673679076399369,0.13023238053603983,0.11349558977204614,True,20260911,0,1000
MPL-discriminated,MPL,0.01,1.0,934,0.021490767312577846,0.12940137504723415,0.1079106077346563,True,20260911,0,1000
MPL-discriminated,MPL,0.01,1.0,935,0.016155630039320995,0.12852587335059135,0.11237024331127035,True,20260911,0,1000
MPL-discriminated,MPL,0.01,1.0,936,0.01706571082307824,0.12876286614480806,0.11169715532172982,True,20260911,0,1000
MPL-discriminated,MPL,0.01,1.0,937,0.014528165204911975,0.12906836080297063,0.11454019559805866,True,20260911,0,1000
MPL-discriminated,MPL,0.01,1.0,938,0.024806214920576865,0.1321661709366145,0.10735995601603765,True,20260911,0,1000
MPL-discriminated,MPL,0.01,1.0,939,0.020488294909650193,0.12922031628751576,0.10873202137786557,True,20260911,0,1000
MPL-discriminated,MPL,0.01,1.0,940,0.031215942711337718,0.13104603994173442,0.0998300972303967,True,20260911,0,1000
MPL-discriminated,MPL,0.01,1.0,941,0.016011625651943456,0.1289947661895554,0.11298314053761195,True,20260911,0,1000
MPL-discriminated,MPL,0.01,1.0,942,0.023158145984252917,0.12902752891297556,0.10586938292872264,True,20260911,0,1000
MPL-discriminated,MPL,0.01,1.0,943,0.01958585399477236,0.13037351545045217,0.11078766145567981,True,20260911,0,1000
MPL-discriminated,MPL,0.01,1.0,944,0.03121265281465874,0.13296717567321104,0.1017545228585523,True,20260911,0,1000
MPL-discriminated,MPL,0.01,1.0,945,0.02063498760938976,0.1300668761220689,0.10943188851267915,True,20260911,0,1000
MPL-discriminated,MPL,0.01,1.0,946,0.025587451308191518,0.1307985071323848,0.1052110558241933,True,20260911,0,1000
MPL-discriminated,MPL,0.01,1.0,947,0.019600258409118453,0.1297056694004163,0.11010541099129785,True,20260911,0,1000
MPL-discriminated,MPL,0.01,1.0,948,0.020462836254261183,0.12987264836171505,0.10940981210745387,True,20260911,0,1000
MPL-discriminated,MPL,0.01,1.0,949,0.016855603453081614,0.1289936552004464,0.11213805174736478,True,20260911,0,1000
MPL-discriminated,MPL,0.01,1.0,950,0.016871539655106276,0.12893506898844745,0.11206352933334117,True,20260911,0,1000
MPL-discriminated,MPL,0.01,1.0,951,0.029700848282874528,0.13107074129050872,0.10136989300763419,True,20260911,0,1000
MPL-discriminated,MPL,0.01,1.0,952,0.01716596379968996,0.12910733997989338,0.11194137618020342,True,20260911,0,1000
MPL-discriminated,MPL,0.01,1.0,953,0.018582369336715667,0.129522453890142,0.11094008455342633,True,20260911,0,1000
MPL-discriminated,MPL,0.01,1.0,954,0.02132997254620896,0.12916301302303865,0.10783304047682969,True,20260911,0,1000
MPL-discriminated,MPL,0.01,1.0,955,0.018108991720389708,0.12866754595677188,0.11055855423638217,True,20260911,0,1000
MPL-discriminated,MPL,0.01,1.0,956,0.03005958481071638,0.1321687010492272,0.10210911623851082,True,20260911,0,1000
MPL-discriminated,MPL,0.01,1.0,957,0.016822482039636284,0.12907204460193109,0.1122495625622948,True,20260911,0,1000
MPL-discriminated,MPL,0.01,1.0,958,0.015964538412037137,0.12948363292249312,0.11351909451045598,True,20260911,0,1000
MPL-discriminated,MPL,0.01,1.0,959,0.02322869327750054,0.12943532259836063,0.10620662932086009,True,20260911,0,1000
MPL-discriminated,MPL,0.01,1.0,960,0.016961945847776976,0.1290965013209612,0.11213455547318422,True,20260911,0,1000
MPL-discriminated,MPL,0.01,1.0,961,0.018199609657642307,0.12916511033858488,0.11096550068094257,True,20260911,0,1000
MPL-discriminated,MPL,0.01,1.0,962,0.017439395869398865,0.1305137945554588,0.11307439868605994,True,20260911,0,1000
MPL-discriminated,MPL,0.01,1.0,963,0.021300325884246005,0.13170933195475243,0.11040900607050642,True,20260911,0,1000
MPL-discriminated,MPL,0.01,1.0,964,0.015713879056197845,0.12978058617286578,0.11406670711666794,True,20260911,0,1000
MPL-discriminated,MPL,0.01,1.0,965,0.02091473500676398,0.12877397720202569,0.1078592421952617,True,20260911,0,1000
MPL-discriminated,MPL,0.01,1.0,966,0.024653411681279554,0.13093628941269211,0.10628287773141257,True,20260911,0,1000
MPL-discriminated,MPL,0.01,1.0,967,0.01838328108697451,0.12934294067874497,0.11095965959177045,True,20260911,0,1000
MPL-discriminated,MPL,0.01,1.0,968,0.017398640255322458,0.1278387178700946,0.11044007761477215,True,20260911,0,1000
MPL-discriminated,MPL,0.01,1.0,969,0.024584671652495498,0.1303790777574145,0.105794406104919,True,20260911,0,1000
MPL-discriminated,MPL,0.01,1.0,970,0.021684152906093417,0.12938851911244054,0.10770436620634712,True,20260911,0,1000
MPL-discriminated,MPL,0.01,1.0,971,0.02584689263678688,0.12993137319817016,0.10408448056138328,True,20260911,0,1000
MPL-discriminated,MPL,0.01,1.0,972,0.018575160155835758,0.1298384465197081,0.11126328636387235,True,20260911,0,1000
MPL-discriminated,MPL,0.01,1.0,973,0.028142929029340295,0.13176254700399165,0.10361961797465136,True,20260911,0,1000
MPL-discriminated,MPL,0.01,1.0,974,0.016032057161705054,0.12807400728805698,0.11204195012635193,True,20260911,0,1000
MPL-discriminated,MPL,0.01,1.0,975,0.01624882281546855,0.12910243175720185,0.1128536089417333,True,20260911,0,1000
MPL-discriminated,MPL,0.01,1.0,976,0.016249818164919574,0.12896252440088404,0.11271270623596447,True,20260911,0,1000
MPL-discriminated,MPL,0.01,1.0,977,0.017735506520443776,0.12928392144818932,0.11154841492774553,True,20260911,0,1000
MPL-discriminated,MPL,0.01,1.0,978,0.019617057853664813,0.12872057836873446,0.10910352051506965,True,20260911,0,1000
MPL-discriminated,MPL,0.01,1.0,979,0.01953875751939447,0.12949657960500602,0.10995782208561156,True,20260911,0,1000
MPL-discriminated,MPL,0.01,1.0,980,0.014525691800298236,0.12903298674656188,0.11450729494626365,True,20260911,0,1000
MPL-discriminated,MPL,0.01,1.0,981,0.02347273649592206,0.130361312054078,0.10688857555815594,True,20260911,0,1000
MPL-discriminated,MPL,0.01,1.0,982,0.020113476147127836,0.1306637004053072,0.11055022425817937,True,20260911,0,1000
MPL-discriminated,MPL,0.01,1.0,983,0.01692101098483673,0.12880788770087692,0.1118868767160402,True,20260911,0,1000
MPL-discriminated,MPL,0.01,1.0,984,0.017634163926081064,0.1280883012709248,0.11045413734484373,True,20260911,0,1000
MPL-discriminated,MPL,0.01,1.0,985,0.015824770736465283,0.1292994252389605,0.11347465450249523,True,20260911,0,1000
MPL-discriminated,MPL,0.01,1.0,986,0.0186815595425713,0.1285916943383654,0.10991013479579409,True,20260911,0,1000
MPL-discriminated,MPL,0.01,1.0,987,0.027997733102873797,0.13111871593317626,0.10312098283030247,True,20260911,0,1000
MPL-discriminated,MPL,0.01,1.0,988,0.017849687510461697,0.12900346022273906,0.11115377271227736,True,20260911,0,1000
MPL-discriminated,MPL,0.01,1.0,989,0.020039016629207602,0.13045788544625617,0.11041886881704857,True,20260911,0,1000
MPL-discriminated,MPL,0.01,1.0,990,0.01864806865906537,0.12933486440404662,0.11068679574498125,True,20260911,0,1000
MPL-discriminated,MPL,0.01,1.0,991,0.024651498230564093,0.12945308637472297,0.10480158814415888,True,20260911,0,1000
MPL-discriminated,MPL,0.01,1.0,992,0.014629346562655245,0.12874645396965878,0.11411710740700354,True,20260911,0,1000
MPL-discriminated,MPL,0.01,1.0,993,0.01756734634551589,0.12935117445703986,0.11178382811152397,True,20260911,0,1000
MPL-discriminated,MPL,0.01,1.0,994,0.019834696038947882,0.1291641663443542,0.10932947030540632,True,20260911,0,1000
MPL-discriminated,MPL,0.01,1.0,995,0.019119963886923778,0.12851742978793085,0.10939746590100707,True,20260911,0,1000
MPL-discriminated,MPL,0.01,1.0,996,0.024075275401002138,0.13076590708142063,0.1066906316804185,True,20260911,0,1000
MPL-discriminated,MPL,0.01,1.0,997,0.018166626789155805,0.13017843980921434,0.11201181302005854,True,20260911,0,1000
MPL-discriminated,MPL,0.01,1.0,998,0.018141933129705478,0.1286867603008598,0.11054482717115431,True,20260911,0,1000
MPL-discriminated,MPL,0.01,1.0,999,0.021665912197431164,0.1296261776029921,0.10796026540556095,True,20260911,0,1000
MPL-discriminated,MPL,0.03,3.0,0,0.0528115576207825,0.1375178171414228,0.08470625952064031,True,20260911,1,1000
MPL-discriminated,MPL,0.03,3.0,1,0.05792891646926298,0.14409193197817646,0.08616301550891348,True,20260911,1,1000
MPL-discriminated,MPL,0.03,3.0,2,0.059134767376817575,0.14263238460950314,0.08349761723268556,True,20260911,1,1000
MPL-discriminated,MPL,0.03,3.0,3,0.05986453128762634,0.14696044302890895,0.08709591174128262,True,20260911,1,1000
MPL-discriminated,MPL,0.03,3.0,4,0.04571514414988136,0.13462518033989407,0.08891003619001271,True,20260911,1,1000
MPL-discriminated,MPL,0.03,3.0,5,0.05342412240164359,0.134849057230476,0.0814249348288324,True,20260911,1,1000
MPL-discriminated,MPL,0.03,3.0,6,0.05361886751005514,0.13500085939898698,0.08138199188893185,True,20260911,1,1000
MPL-discriminated,MPL,0.03,3.0,7,0.04478910408404108,0.13553555076732826,0.09074644668328719,True,20260911,1,1000
MPL-discriminated,MPL,0.03,3.0,8,0.04651762697247801,0.1373748176148106,0.0908571906423326,True,20260911,1,1000
MPL-discriminated,MPL,0.03,3.0,9,0.05483063358853957,0.1411683915412767,0.08633775795273713,True,20260911,1,1000
MPL-discriminated,MPL,0.03,3.0,10,0.05002295253027126,0.13705024091649584,0.08702728838622459,True,20260911,1,1000
MPL-discriminated,MPL,0.03,3.0,11,0.0450515367441106,0.13440940821314515,0.08935787146903454,True,20260911,1,1000
MPL-discriminated,MPL,0.03,3.0,12,0.05597321585200585,0.13820838806851385,0.082235172216508,True,20260911,1,1000
MPL-discriminated,MPL,0.03,3.0,13,0.04076300156974718,0.13377439854763673,0.09301139697788954,True,20260911,1,1000
MPL-discriminated,MPL,0.03,3.0,14,0.04310555787369237,0.13490245253713443,0.09179689466344206,True,20260911,1,1000
MPL-discriminated,MPL,0.03,3.0,15,0.04321343129110279,0.13853318351961336,0.09531975222851057,True,20260911,1,1000
MPL-discriminated,MPL,0.03,3.0,16,0.048839472765516576,0.13570346778857165,0.08686399502305507,True,20260911,1,1000
MPL-discriminated,MPL,0.03,3.0,17,0.0547930666960778,0.1396381308663409,0.08484506417026308,True,20260911,1,1000
MPL-discriminated,MPL,0.03,3.0,18,0.05266445619146741,0.1365346074980938,0.08387015130662638,True,20260911,1,1000
MPL-discriminated,MPL,0.03,3.0,19,0.06205078077374366,0.13882127866540656,0.0767704978916629,True,20260911,1,1000
MPL-discriminated,MPL,0.03,3.0,20,0.06011874368325142,0.13659612744948227,0.07647738376623084,True,20260911,1,1000
MPL-discriminated,MPL,0.03,3.0,21,0.04429578668706503,0.1361178377806672,0.09182205109360217,True,20260911,1,1000
MPL-discriminated,MPL,0.03,3.0,22,0.05686661011511838,0.1386773283478111,0.08181071823269273,True,20260911,1,1000
MPL-discriminated,MPL,0.03,3.0,23,0.047989097236405265,0.13481542329789614,0.08682632606149088,True,20260911,1,1000
MPL-discriminated,MPL,0.03,3.0,24,0.05641913641050553,0.13521145548426225,0.07879231907375672,True,20260911,1,1000
MPL-discriminated,MPL,0.03,3.0,25,0.06021437143650056,0.1434382229995726,0.08322385156307203,True,20260911,1,1000
MPL-discriminated,MPL,0.03,3.0,26,0.05357615851642112,0.13399420989834224,0.08041805138192112,True,20260911,1,1000
MPL-discriminated,MPL,0.03,3.0,27,0.05368149203170213,0.13730643019348437,0.08362493816178224,True,20260911,1,1000
MPL-discriminated,MPL,0.03,3.0,28,0.06240352380321352,0.14707474838446297,0.08467122458124945,True,20260911,1,1000
MPL-discriminated,MPL,0.03,3.0,29,0.0613712361158761,0.14076405087167113,0.07939281475579502,True,20260911,1,1000
MPL-discriminated,MPL,0.03,3.0,30,0.056213698564812786,0.140357729960874,0.08414403139606122,True,20260911,1,1000
MPL-discriminated,MPL,0.03,3.0,31,0.0652880343498657,0.1372911822789383,0.0720031479290726,True,20260911,1,1000
MPL-discriminated,MPL,0.03,3.0,32,0.062425168531452704,0.14214205694421087,0.07971688841275816,True,20260911,1,1000
MPL-discriminated,MPL,0.03,3.0,33,0.06582838556789854,0.14306597373055946,0.07723758816266092,True,20260911,1,1000
MPL-discriminated,MPL,0.03,3.0,34,0.06636112571795055,0.14768913212522553,0.08132800640727497,True,20260911,1,1000
MPL-discriminated,MPL,0.03,3.0,35,0.059955214087798,0.1431194160018821,0.08316420191408411,True,20260911,1,1000
MPL-discriminated,MPL,0.03,3.0,36,0.057725322960428344,0.13896026608364465,0.0812349431232163,True,20260911,1,1000
MPL-discriminated,MPL,0.03,3.0,37,0.053857438084628846,0.1409501503112941,0.08709271222666526,True,20260911,1,1000
MPL-discriminated,MPL,0.03,3.0,38,0.06672798802329871,0.14567135866302705,0.07894337063972834,True,20260911,1,1000
MPL-discriminated,MPL,0.03,3.0,39,0.043493797231471946,0.13508556810213607,0.09159177087066411,True,20260911,1,1000
MPL-discriminated,MPL,0.03,3.0,40,0.04960982762508356,0.13679497324359516,0.0871851456185116,True,20260911,1,1000
MPL-discriminated,MPL,0.03,3.0,41,0.06074010921756333,0.14400502854723046,0.08326491932966713,True,20260911,1,1000
MPL-discriminated,MPL,0.03,3.0,42,0.060845011040003096,0.14294668042533895,0.08210166938533586,True,20260911,1,1000
MPL-discriminated,MPL,0.03,3.0,43,0.0633175039255694,0.14317843105042774,0.07986092712485834,True,20260911,1,1000
MPL-discriminated,MPL,0.03,3.0,44,0.05994542333618385,0.13825950823308128,0.07831408489689742,True,20260911,1,1000
MPL-discriminated,MPL,0.03,3.0,45,0.044173908143673175,0.13328668809223404,0.08911277994856087,True,20260911,1,1000
MPL-discriminated,MPL,0.03,3.0,46,0.05381730302131481,0.13641871025525637,0.08260140723394156,True,20260911,1,1000
MPL-discriminated,MPL,0.03,3.0,47,0.04465330389633798,0.134270272249334,0.08961696835299601,True,20260911,1,1000
MPL-discriminated,MPL,0.03,3.0,48,0.05240000749541408,0.13878094739416136,0.08638093989874727,True,20260911,1,1000
MPL-discriminated,MPL,0.03,3.0,49,0.07550812860317603,0.14470257693553853,0.0691944483323625,True,20260911,1,1000
MPL-discriminated,MPL,0.03,3.0,50,0.0463794848946566,0.13480192957899267,0.08842244468433608,True,20260911,1,1000
MPL-discriminated,MPL,0.03,3.0,51,0.04707772852499342,0.13713419789564388,0.09005646937065045,True,20260911,1,1000
MPL-discriminated,MPL,0.03,3.0,52,0.05477471451587937,0.13848691442710243,0.08371219991122306,True,20260911,1,1000
MPL-discriminated,MPL,0.03,3.0,53,0.08780707953229945,0.15626028712148116,0.0684532075891817,True,20260911,1,1000
MPL-discriminated,MPL,0.03,3.0,54,0.055416220016641635,0.14143960615887255,0.08602338614223091,True,20260911,1,1000
MPL-discriminated,MPL,0.03,3.0,55,0.05576516855395344,0.13820350781932367,0.08243833926537023,True,20260911,1,1000
MPL-discriminated,MPL,0.03,3.0,56,0.048868451283614965,0.13777035277333066,0.08890190148971569,True,20260911,1,1000
MPL-discriminated,MPL,0.03,3.0,57,0.055355731442513434,0.13838163664370037,0.08302590520118694,True,20260911,1,1000
MPL-discriminated,MPL,0.03,3.0,58,0.06700564163904238,0.14407405077562896,0.07706840913658658,True,20260911,1,1000
MPL-discriminated,MPL,0.03,3.0,59,0.05556519667439919,0.13479066507590254,0.07922546840150335,True,20260911,1,1000
MPL-discriminated,MPL,0.03,3.0,60,0.06609865996857225,0.14407125110465907,0.07797259113608682,True,20260911,1,1000
MPL-discriminated,MPL,0.03,3.0,61,0.059849037540091035,0.1415401236524923,0.08169108611240126,True,20260911,1,1000
MPL-discriminated,MPL,0.03,3.0,62,0.05725459278493654,0.142023860941802,0.08476926815686546,True,20260911,1,1000
MPL-discriminated,MPL,0.03,3.0,63,0.05004877367810682,0.1361389828900516,0.0860902092119448,True,20260911,1,1000
MPL-discriminated,MPL,0.03,3.0,64,0.06010486186148511,0.14013647549751496,0.08003161363602984,True,20260911,1,1000
MPL-discriminated,MPL,0.03,3.0,65,0.08587291238660297,0.15453776903005875,0.06866485664345578,True,20260911,1,1000
MPL-discriminated,MPL,0.03,3.0,66,0.06614592121709598,0.14971068461560808,0.0835647633985121,True,20260911,1,1000
MPL-discriminated,MPL,0.03,3.0,67,0.05184401162730192,0.13557454745207964,0.08373053582477771,True,20260911,1,1000
MPL-discriminated,MPL,0.03,3.0,68,0.05173045490810811,0.1351794735964202,0.0834490186883121,True,20260911,1,1000
MPL-discriminated,MPL,0.03,3.0,69,0.04852715202183905,0.13586573303494015,0.0873385810131011,True,20260911,1,1000
MPL-discriminated,MPL,0.03,3.0,70,0.06417040040383226,0.14189144527253675,0.07772104486870449,True,20260911,1,1000
MPL-discriminated,MPL,0.03,3.0,71,0.0516453940100292,0.13419910582501973,0.08255371181499054,True,20260911,1,1000
MPL-discriminated,MPL,0.03,3.0,72,0.08891264131008618,0.15474758911066916,0.06583494780058298,True,20260911,1,1000
MPL-discriminated,MPL,0.03,3.0,73,0.05344731136902609,0.13855908180878476,0.08511177043975868,True,20260911,1,1000
MPL-discriminated,MPL,0.03,3.0,74,0.05630758277036832,0.14309519026968992,0.0867876074993216,True,20260911,1,1000
MPL-discriminated,MPL,0.03,3.0,75,0.05411202512222417,0.13952653391809625,0.08541450879587208,True,20260911,1,1000
MPL-discriminated,MPL,0.03,3.0,76,0.06343944681585112,0.1452942341134908,0.08185478729763968,True,20260911,1,1000
MPL-discriminated,MPL,0.03,3.0,77,0.05104399902953286,0.13992705849593517,0.08888305946640232,True,20260911,1,1000
MPL-discriminated,MPL,0.03,3.0,78,0.04764966660469029,0.13585161993002018,0.08820195332532989,True,20260911,1,1000
MPL-discriminated,MPL,0.03,3.0,79,0.05447985491006225,0.13766714667605776,0.08318729176599551,True,20260911,1,1000
MPL-discriminated,MPL,0.03,3.0,80,0.06792258896164041,0.14280709712370862,0.07488450816206821,True,20260911,1,1000
MPL-discriminated,MPL,0.03,3.0,81,0.0489156989552676,0.13184479432152293,0.08292909536625534,True,20260911,1,1000
MPL-discriminated,MPL,0.03,3.0,82,0.0457633563789383,0.13637657997862007,0.09061322359968177,True,20260911,1,1000
MPL-discriminated,MPL,0.03,3.0,83,0.047613746406971934,0.13693839376706987,0.08932464736009793,True,20260911,1,1000
MPL-discriminated,MPL,0.03,3.0,84,0.05083467937824744,0.1361299357616429,0.08529525638339545,True,20260911,1,1000
MPL-discriminated,MPL,0.03,3.0,85,0.04986115025006139,0.13577311473521592,0.08591196448515453,True,20260911,1,1000
MPL-discriminated,MPL,0.03,3.0,86,0.05695196699120018,0.14087321272392844,0.08392124573272827,True,20260911,1,1000
MPL-discriminated,MPL,0.03,3.0,87,0.06715103214673394,0.1427916837700655,0.07564065162333154,True,20260911,1,1000
MPL-discriminated,MPL,0.03,3.0,88,0.06523304776604501,0.13826769599598612,0.07303464822994112,True,20260911,1,1000
MPL-discriminated,MPL,0.03,3.0,89,0.04492209808761197,0.13748575950895572,0.09256366142134376,True,20260911,1,1000
MPL-discriminated,MPL,0.03,3.0,90,0.057780591626964264,0.1391267531302829,0.08134616150331862,True,20260911,1,1000
MPL-discriminated,MPL,0.03,3.0,91,0.04677158642194639,0.1391436119991331,0.09237202557718671,True,20260911,1,1000
MPL-discriminated,MPL,0.03,3.0,92,0.06307367034337895,0.1426654456287112,0.07959177528533225,True,20260911,1,1000
MPL-discriminated,MPL,0.03,3.0,93,0.05560168860430492,0.14170922496006289,0.08610753635575796,True,20260911,1,1000
MPL-discriminated,MPL,0.03,3.0,94,0.043842592973731685,0.1335567260311033,0.08971413305737161,True,20260911,1,1000
MPL-discriminated,MPL,0.03,3.0,95,0.057647728935490666,0.1382082340126273,0.08056050507713663,True,20260911,1,1000
MPL-discriminated,MPL,0.03,3.0,96,0.04890415868315423,0.1396816959970256,0.09077753731387136,True,20260911,1,1000
MPL-discriminated,MPL,0.03,3.0,97,0.046970885759927736,0.1358376826375966,0.08886679687766887,True,20260911,1,1000
MPL-discriminated,MPL,0.03,3.0,98,0.04954776135501666,0.13691726213462596,0.08736950077960931,True,20260911,1,1000
MPL-discriminated,MPL,0.03,3.0,99,0.04705915477269348,0.13389170366205844,0.08683254888936495,True,20260911,1,1000
MPL-discriminated,MPL,0.03,3.0,100,0.049524201056715005,0.13562037007509875,0.08609616901838374,True,20260911,1,1000
MPL-discriminated,MPL,0.03,3.0,101,0.05498279752412034,0.13933902665084094,0.08435622912672061,True,20260911,1,1000
MPL-discriminated,MPL,0.03,3.0,102,0.04999160026139754,0.13802697196283464,0.0880353717014371,True,20260911,1,1000
MPL-discriminated,MPL,0.03,3.0,103,0.04817991208835511,0.13688945670577374,0.08870954461741862,True,20260911,1,1000
MPL-discriminated,MPL,0.03,3.0,104,0.0493295098797257,0.1344019979097471,0.0850724880300214,True,20260911,1,1000
MPL-discriminated,MPL,0.03,3.0,105,0.05452930029351315,0.13778802707098586,0.08325872677747272,True,20260911,1,1000
MPL-discriminated,MPL,0.03,3.0,106,0.0718900902046327,0.1447381290687558,0.0728480388641231,True,20260911,1,1000
MPL-discriminated,MPL,0.03,3.0,107,0.05470741419226458,0.13692220770799257,0.082214793515728,True,20260911,1,1000
MPL-discriminated,MPL,0.03,3.0,108,0.0426290961077603,0.13233188179465785,0.08970278568689755,True,20260911,1,1000
MPL-discriminated,MPL,0.03,3.0,109,0.0667214802731372,0.13944733515811594,0.07272585488497875,True,20260911,1,1000
MPL-discriminated,MPL,0.03,3.0,110,0.04893685967003422,0.1388663935874646,0.08992953391743039,True,20260911,1,1000
MPL-discriminated,MPL,0.03,3.0,111,0.04545773727266607,0.13759982267058754,0.09214208539792147,True,20260911,1,1000
MPL-discriminated,MPL,0.03,3.0,112,0.05730419159468866,0.1400508448369622,0.08274665324227354,True,20260911,1,1000
MPL-discriminated,MPL,0.03,3.0,113,0.055808756151226616,0.13433158868525505,0.07852283253402843,True,20260911,1,1000
MPL-discriminated,MPL,0.03,3.0,114,0.04707342338352356,0.13985304474683194,0.09277962136330838,True,20260911,1,1000
MPL-discriminated,MPL,0.03,3.0,115,0.054571230753700566,0.13934067427763924,0.08476944352393867,True,20260911,1,1000
MPL-discriminated,MPL,0.03,3.0,116,0.049470513449444406,0.13832925187642064,0.08885873842697624,True,20260911,1,1000
MPL-discriminated,MPL,0.03,3.0,117,0.04818733238728333,0.14346801912849966,0.09528068674121633,True,20260911,1,1000
MPL-discriminated,MPL,0.03,3.0,118,0.06995175547174672,0.14687209120504863,0.07692033573330191,True,20260911,1,1000
MPL-discriminated,MPL,0.03,3.0,119,0.05852416460269307,0.14028740218568894,0.08176323758299586,True,20260911,1,1000
MPL-discriminated,MPL,0.03,3.0,120,0.052174324393473595,0.13876500931310715,0.08659068491963355,True,20260911,1,1000
MPL-discriminated,MPL,0.03,3.0,121,0.05613107658616475,0.13884708447153127,0.08271600788536651,True,20260911,1,1000
MPL-discriminated,MPL,0.03,3.0,122,0.05730406523372573,0.13877581673776868,0.08147175150404296,True,20260911,1,1000
MPL-discriminated,MPL,0.03,3.0,123,0.07143240753768021,0.14666025744494307,0.07522784990726286,True,20260911,1,1000
MPL-discriminated,MPL,0.03,3.0,124,0.04375804039590346,0.1348036905137984,0.09104565011789494,True,20260911,1,1000
MPL-discriminated,MPL,0.03,3.0,125,0.05068764426861583,0.1366167975698034,0.08592915330118758,True,20260911,1,1000
MPL-discriminated,MPL,0.03,3.0,126,0.0462475180382534,0.13585768517008023,0.08961016713182683,True,20260911,1,1000
MPL-discriminated,MPL,0.03,3.0,127,0.06448918667975055,0.14216149410242945,0.0776723074226789,True,20260911,1,1000
MPL-discriminated,MPL,0.03,3.0,128,0.05687392275111952,0.13632462970330597,0.07945070695218645,True,20260911,1,1000
MPL-discriminated,MPL,0.03,3.0,129,0.05694957821970949,0.14191347526104736,0.08496389704133787,True,20260911,1,1000
MPL-discriminated,MPL,0.03,3.0,130,0.04812189581269175,0.13828326807928437,0.09016137226659263,True,20260911,1,1000
MPL-discriminated,MPL,0.03,3.0,131,0.044348738141182446,0.13658314512604117,0.09223440698485871,True,20260911,1,1000
MPL-discriminated,MPL,0.03,3.0,132,0.04416297255621746,0.1353327988247606,0.09116982626854314,True,20260911,1,1000
MPL-discriminated,MPL,0.03,3.0,133,0.04548314568906357,0.13532787290988618,0.08984472722082261,True,20260911,1,1000
MPL-discriminated,MPL,0.03,3.0,134,0.04808079969269779,0.1386720164873121,0.0905912167946143,True,20260911,1,1000
MPL-discriminated,MPL,0.03,3.0,135,0.04584283970033213,0.1340335061979907,0.08819066649765858,True,20260911,1,1000
MPL-discriminated,MPL,0.03,3.0,136,0.04567487697589373,0.1337236810681823,0.08804880409228857,True,20260911,1,1000
MPL-discriminated,MPL,0.03,3.0,137,0.05421757944564815,0.13917918144109273,0.08496160199544459,True,20260911,1,1000
MPL-discriminated,MPL,0.03,3.0,138,0.048089503536433056,0.1383219459010505,0.09023244236461746,True,20260911,1,1000
MPL-discriminated,MPL,0.03,3.0,139,0.05240391432345412,0.13886655098925105,0.08646263666579693,True,20260911,1,1000
MPL-discriminated,MPL,0.03,3.0,140,0.053848914352411854,0.1399567017063123,0.08610778735390046,True,20260911,1,1000
MPL-discriminated,MPL,0.03,3.0,141,0.05517693859202417,0.14051753937932654,0.08534060078730238,True,20260911,1,1000
MPL-discriminated,MPL,0.03,3.0,142,0.046499311805101216,0.1379318785977199,0.09143256679261869,True,20260911,1,1000
MPL-discriminated,MPL,0.03,3.0,143,0.06933594629900304,0.14166698220780208,0.07233103590879904,True,20260911,1,1000
MPL-discriminated,MPL,0.03,3.0,144,0.07550072929040462,0.14845709445603195,0.07295636516562733,True,20260911,1,1000
MPL-discriminated,MPL,0.03,3.0,145,0.04723742715902524,0.1340015525724832,0.08676412541345796,True,20260911,1,1000
MPL-discriminated,MPL,0.03,3.0,146,0.05192651163433814,0.1348392953648457,0.08291278373050756,True,20260911,1,1000
MPL-discriminated,MPL,0.03,3.0,147,0.051723522109703955,0.13742657978690062,0.08570305767719666,True,20260911,1,1000
MPL-discriminated,MPL,0.03,3.0,148,0.05697024537546855,0.13666710490448347,0.07969685952901492,True,20260911,1,1000
MPL-discriminated,MPL,0.03,3.0,149,0.04573794766695904,0.13552491887171841,0.08978697120475937,True,20260911,1,1000
MPL-discriminated,MPL,0.03,3.0,150,0.04357776689550712,0.13596246234221188,0.09238469544670476,True,20260911,1,1000
MPL-discriminated,MPL,0.03,3.0,151,0.06570806729478473,0.14271413145189152,0.07700606415710678,True,20260911,1,1000
MPL-discriminated,MPL,0.03,3.0,152,0.05085309259114051,0.13624799895004908,0.08539490635890856,True,20260911,1,1000
MPL-discriminated,MPL,0.03,3.0,153,0.05424933279139086,0.13955306478842366,0.08530373199703281,True,20260911,1,1000
MPL-discriminated,MPL,0.03,3.0,154,0.05807482011162577,0.13906516172806324,0.08099034161643748,True,20260911,1,1000
MPL-discriminated,MPL,0.03,3.0,155,0.052769770417393405,0.1342555669891417,0.0814857965717483,True,20260911,1,1000
MPL-discriminated,MPL,0.03,3.0,156,0.04349157069178602,0.1369914808293604,0.09349991013757439,True,20260911,1,1000
MPL-discriminated,MPL,0.03,3.0,157,0.0482729483097111,0.13295932835980157,0.08468638005009047,True,20260911,1,1000
MPL-discriminated,MPL,0.03,3.0,158,0.06535670246890903,0.1466121289248012,0.08125542645589216,True,20260911,1,1000
MPL-discriminated,MPL,0.03,3.0,159,0.04933702099503302,0.13592892807098653,0.08659190707595352,True,20260911,1,1000
MPL-discriminated,MPL,0.03,3.0,160,0.0560330143012419,0.14204422960781585,0.08601121530657395,True,20260911,1,1000
MPL-discriminated,MPL,0.03,3.0,161,0.05072055491740864,0.140932140326211,0.09021158540880234,True,20260911,1,1000
MPL-discriminated,MPL,0.03,3.0,162,0.04467984103965446,0.1342315530560266,0.08955171201637215,True,20260911,1,1000
MPL-discriminated,MPL,0.03,3.0,163,0.05168726551429941,0.13894159696411684,0.08725433144981742,True,20260911,1,1000
MPL-discriminated,MPL,0.03,3.0,164,0.05753698189031995,0.13704261585911826,0.07950563396879831,True,20260911,1,1000
MPL-discriminated,MPL,0.03,3.0,165,0.0497424575986606,0.1355337825646638,0.08579132496600321,True,20260911,1,1000
MPL-discriminated,MPL,0.03,3.0,166,0.04744114919901127,0.13619601903150852,0.08875486983249725,True,20260911,1,1000
MPL-discriminated,MPL,0.03,3.0,167,0.06716418638611703,0.13937421565001104,0.07221002926389401,True,20260911,1,1000
MPL-discriminated,MPL,0.03,3.0,168,0.056946808591858356,0.14130998021267052,0.08436317162081217,True,20260911,1,1000
MPL-discriminated,MPL,0.03,3.0,169,0.041362184278618784,0.13349129355041392,0.09212910927179513,True,20260911,1,1000
MPL-discriminated,MPL,0.03,3.0,170,0.06637161276217672,0.14142880822397416,0.07505719546179744,True,20260911,1,1000
MPL-discriminated,MPL,0.03,3.0,171,0.05653151114923527,0.13710084666210856,0.08056933551287329,True,20260911,1,1000
MPL-discriminated,MPL,0.03,3.0,172,0.04373079250785448,0.13643404970911036,0.09270325720125588,True,20260911,1,1000
MPL-discriminated,MPL,0.03,3.0,173,0.05231005230619486,0.13668563118959695,0.0843755788834021,True,20260911,1,1000
MPL-discriminated,MPL,0.03,3.0,174,0.07603071614326114,0.14874393122830523,0.0727132150850441,True,20260911,1,1000
MPL-discriminated,MPL,0.03,3.0,175,0.05296804665645199,0.14196476463917032,0.08899671798271833,True,20260911,1,1000
MPL-discriminated,MPL,0.03,3.0,176,0.054112772854139686,0.14119668339734895,0.08708391054320927,True,20260911,1,1000
MPL-discriminated,MPL,0.03,3.0,177,0.051679701319268474,0.1347775636758496,0.08309786235658112,True,20260911,1,1000
MPL-discriminated,MPL,0.03,3.0,178,0.0550978014881832,0.1396408404557941,0.08454303896761092,True,20260911,1,1000
MPL-discriminated,MPL,0.03,3.0,179,0.04537053684745143,0.13688876760058186,0.09151823075313043,True,20260911,1,1000
MPL-discriminated,MPL,0.03,3.0,180,0.058484994321117284,0.13819914877433637,0.07971415445321908,True,20260911,1,1000
MPL-discriminated,MPL,0.03,3.0,181,0.045922919770904416,0.13669319185769216,0.09077027208678774,True,20260911,1,1000
MPL-discriminated,MPL,0.03,3.0,182,0.05739261958126927,0.1401639460225423,0.08277132644127305,True,20260911,1,1000
MPL-discriminated,MPL,0.03,3.0,183,0.050838441185031516,0.1368996717863713,0.08606123060133979,True,20260911,1,1000
MPL-discriminated,MPL,0.03,3.0,184,0.04257498883498689,0.13302048510510012,0.09044549627011322,True,20260911,1,1000
MPL-discriminated,MPL,0.03,3.0,185,0.04411376103181788,0.13488999955523515,0.09077623852341726,True,20260911,1,1000
MPL-discriminated,MPL,0.03,3.0,186,0.05521474217248309,0.1388409503342161,0.083626208161733,True,20260911,1,1000
MPL-discriminated,MPL,0.03,3.0,187,0.05405261011458509,0.14038022021712407,0.08632761010253898,True,20260911,1,1000
MPL-discriminated,MPL,0.03,3.0,188,0.06104899704922758,0.14238875464264258,0.081339757593415,True,20260911,1,1000
MPL-discriminated,MPL,0.03,3.0,189,0.05249364726742991,0.1351411907737429,0.08264754350631298,True,20260911,1,1000
MPL-discriminated,MPL,0.03,3.0,190,0.06718731484207777,0.14395143697196772,0.07676412212988995,True,20260911,1,1000
MPL-discriminated,MPL,0.03,3.0,191,0.05581502157945631,0.13961558939518717,0.08380056781573086,True,20260911,1,1000
MPL-discriminated,MPL,0.03,3.0,192,0.049749224774558974,0.1374868586134206,0.08773763383886163,True,20260911,1,1000
MPL-discriminated,MPL,0.03,3.0,193,0.0515149030962367,0.1356354426450868,0.08412053954885011,True,20260911,1,1000
MPL-discriminated,MPL,0.03,3.0,194,0.05462038706033204,0.13644805432769372,0.08182766726736168,True,20260911,1,1000
MPL-discriminated,MPL,0.03,3.0,195,0.04290079056886801,0.13926696163776883,0.09636617106890083,True,20260911,1,1000
MPL-discriminated,MPL,0.03,3.0,196,0.062061714109400756,0.1414122766998029,0.07935056259040216,True,20260911,1,1000
MPL-discriminated,MPL,0.03,3.0,197,0.06350733796852145,0.14416716501697296,0.08065982704845151,True,20260911,1,1000
MPL-discriminated,MPL,0.03,3.0,198,0.04585652019540788,0.13387480680981795,0.08801828661441007,True,20260911,1,1000
MPL-discriminated,MPL,0.03,3.0,199,0.0500777536108069,0.14151076565040543,0.09143301203959853,True,20260911,1,1000
MPL-discriminated,MPL,0.03,3.0,200,0.07083878174268525,0.14325195155926618,0.07241316981658093,True,20260911,1,1000
MPL-discriminated,MPL,0.03,3.0,201,0.052002168667105546,0.1361411416727596,0.08413897300565404,True,20260911,1,1000
MPL-discriminated,MPL,0.03,3.0,202,0.057669952092856566,0.13776937694938177,0.0800994248565252,True,20260911,1,1000
MPL-discriminated,MPL,0.03,3.0,203,0.05567042817088024,0.13796640768227314,0.08229597951139289,True,20260911,1,1000
MPL-discriminated,MPL,0.03,3.0,204,0.06410729951976221,0.13915824037604824,0.07505094085628602,True,20260911,1,1000
MPL-discriminated,MPL,0.03,3.0,205,0.05977188154614068,0.13845652290417346,0.07868464135803277,True,20260911,1,1000
MPL-discriminated,MPL,0.03,3.0,206,0.053862385770767865,0.13832611667131006,0.0844637309005422,True,20260911,1,1000
MPL-discriminated,MPL,0.03,3.0,207,0.04725763983091994,0.14280851955245819,0.09555087972153825,True,20260911,1,1000
MPL-discriminated,MPL,0.03,3.0,208,0.06296403698607926,0.14060160598062654,0.07763756899454728,True,20260911,1,1000
MPL-discriminated,MPL,0.03,3.0,209,0.05045723850065852,0.13668865487661114,0.08623141637595261,True,20260911,1,1000
MPL-discriminated,MPL,0.03,3.0,210,0.049264072203510006,0.13622080403050876,0.08695673182699876,True,20260911,1,1000
MPL-discriminated,MPL,0.03,3.0,211,0.04649516898949627,0.13925721754107864,0.09276204855158238,True,20260911,1,1000
MPL-discriminated,MPL,0.03,3.0,212,0.05213206557317915,0.13744858195191292,0.08531651637873378,True,20260911,1,1000
MPL-discriminated,MPL,0.03,3.0,213,0.051602151502888965,0.1394894130852705,0.08788726158238153,True,20260911,1,1000
MPL-discriminated,MPL,0.03,3.0,214,0.05107899580173745,0.13504525938187734,0.0839662635801399,True,20260911,1,1000
MPL-discriminated,MPL,0.03,3.0,215,0.04404322907852547,0.13405331751238217,0.0900100884338567,True,20260911,1,1000
MPL-discriminated,MPL,0.03,3.0,216,0.050704724623446676,0.13660385542241432,0.08589913079896765,True,20260911,1,1000
MPL-discriminated,MPL,0.03,3.0,217,0.060956425293546945,0.14064684561262386,0.07969042031907692,True,20260911,1,1000
MPL-discriminated,MPL,0.03,3.0,218,0.06364526440714281,0.13892521640630698,0.07527995199916417,True,20260911,1,1000
MPL-discriminated,MPL,0.03,3.0,219,0.04120463375010746,0.1341478629222529,0.09294322917214543,True,20260911,1,1000
MPL-discriminated,MPL,0.03,3.0,220,0.05518993359875209,0.13794688511075504,0.08275695151200294,True,20260911,1,1000
MPL-discriminated,MPL,0.03,3.0,221,0.05759427671918073,0.1398600629451005,0.08226578622591978,True,20260911,1,1000
MPL-discriminated,MPL,0.03,3.0,222,0.041600698866201005,0.13922575181576674,0.09762505294956574,True,20260911,1,1000
MPL-discriminated,MPL,0.03,3.0,223,0.044335282937409085,0.13665341451240712,0.09231813157499803,True,20260911,1,1000
MPL-discriminated,MPL,0.03,3.0,224,0.05613443566022643,0.1408959777439335,0.08476154208370706,True,20260911,1,1000
MPL-discriminated,MPL,0.03,3.0,225,0.06777930596724914,0.14486092016475602,0.07708161419750688,True,20260911,1,1000
MPL-discriminated,MPL,0.03,3.0,226,0.04369627788248227,0.13388469107555193,0.09018841319306965,True,20260911,1,1000
MPL-discriminated,MPL,0.03,3.0,227,0.053746568613583394,0.13884366308131357,0.08509709446773017,True,20260911,1,1000
MPL-discriminated,MPL,0.03,3.0,228,0.05614389919823747,0.1366859308029491,0.08054203160471163,True,20260911,1,1000
MPL-discriminated,MPL,0.03,3.0,229,0.06290139557644107,0.14298028382181818,0.08007888824537711,True,20260911,1,1000
MPL-discriminated,MPL,0.03,3.0,230,0.053597639095850906,0.13832632400162612,0.0847286849057752,True,20260911,1,1000
MPL-discriminated,MPL,0.03,3.0,231,0.04879972318188617,0.13431899637283945,0.08551927319095329,True,20260911,1,1000
MPL-discriminated,MPL,0.03,3.0,232,0.044503713175139625,0.13576624037228532,0.0912625271971457,True,20260911,1,1000
MPL-discriminated,MPL,0.03,3.0,233,0.056416252152603014,0.13688760631682623,0.08047135416422321,True,20260911,1,1000
MPL-discriminated,MPL,0.03,3.0,234,0.05162078642877868,0.13594698818367545,0.08432620175489677,True,20260911,1,1000
MPL-discriminated,MPL,0.03,3.0,235,0.052889323291052955,0.13878979532918273,0.08590047203812978,True,20260911,1,1000
MPL-discriminated,MPL,0.03,3.0,236,0.04921526710096833,0.13577786003945583,0.0865625929384875,True,20260911,1,1000
MPL-discriminated,MPL,0.03,3.0,237,0.04544691023128046,0.13447078501390494,0.08902387478262448,True,20260911,1,1000
MPL-discriminated,MPL,0.03,3.0,238,0.05577734776245434,0.14097527708342592,0.08519792932097157,True,20260911,1,1000
MPL-discriminated,MPL,0.03,3.0,239,0.05211651612556567,0.14351871337371988,0.09140219724815421,True,20260911,1,1000
MPL-discriminated,MPL,0.03,3.0,240,0.07687288632350636,0.14981348246482565,0.07294059614131929,True,20260911,1,1000
MPL-discriminated,MPL,0.03,3.0,241,0.061220417137198835,0.1382603825561254,0.07703996541892658,True,20260911,1,1000
MPL-discriminated,MPL,0.03,3.0,242,0.08857699287615627,0.1529694617034014,0.06439246882724513,True,20260911,1,1000
MPL-discriminated,MPL,0.03,3.0,243,0.042553310987852803,0.13473521068175992,0.09218189969390711,True,20260911,1,1000
MPL-discriminated,MPL,0.03,3.0,244,0.0604759604793487,0.14276686514397693,0.08229090466462824,True,20260911,1,1000
MPL-discriminated,MPL,0.03,3.0,245,0.07229554031031164,0.14778913180005154,0.0754935914897399,True,20260911,1,1000
MPL-discriminated,MPL,0.03,3.0,246,0.0598619238687382,0.1438401201964136,0.08397819632767539,True,20260911,1,1000
MPL-discriminated,MPL,0.03,3.0,247,0.04817124039241901,0.13621807622475254,0.08804683583233353,True,20260911,1,1000
MPL-discriminated,MPL,0.03,3.0,248,0.04996648981626111,0.13527150046691314,0.08530501065065202,True,20260911,1,1000
MPL-discriminated,MPL,0.03,3.0,249,0.05698992225754784,0.13917996935419216,0.08219004709664432,True,20260911,1,1000
MPL-discriminated,MPL,0.03,3.0,250,0.047003430800028806,0.1379710670620006,0.0909676362619718,True,20260911,1,1000
MPL-discriminated,MPL,0.03,3.0,251,0.051273813933135945,0.1353644105209891,0.08409059658785316,True,20260911,1,1000
MPL-discriminated,MPL,0.03,3.0,252,0.052786625072859784,0.13735404906991794,0.08456742399705816,True,20260911,1,1000
MPL-discriminated,MPL,0.03,3.0,253,0.05106437726977603,0.1357550109936123,0.08469063372383628,True,20260911,1,1000
MPL-discriminated,MPL,0.03,3.0,254,0.038048496762056225,0.13686197577734222,0.09881347901528599,True,20260911,1,1000
MPL-discriminated,MPL,0.03,3.0,255,0.04991254159743307,0.14091438205596563,0.09100184045853255,True,20260911,1,1000
MPL-discriminated,MPL,0.03,3.0,256,0.05706693834065992,0.14146026136562811,0.08439332302496819,True,20260911,1,1000
MPL-discriminated,MPL,0.03,3.0,257,0.05693952605285646,0.14053831915508908,0.08359879310223262,True,20260911,1,1000
MPL-discriminated,MPL,0.03,3.0,258,0.04301460851863425,0.135796148977877,0.09278154045924275,True,20260911,1,1000
MPL-discriminated,MPL,0.03,3.0,259,0.05679803425611814,0.1428949150721144,0.08609688081599627,True,20260911,1,1000
MPL-discriminated,MPL,0.03,3.0,260,0.045610673182983175,0.135863855755526,0.09025318257254283,True,20260911,1,1000
MPL-discriminated,MPL,0.03,3.0,261,0.042499970670862156,0.13484781278457855,0.0923478421137164,True,20260911,1,1000
MPL-discriminated,MPL,0.03,3.0,262,0.06996472067673443,0.14646400249060787,0.07649928181387344,True,20260911,1,1000
MPL-discriminated,MPL,0.03,3.0,263,0.053795555138707395,0.14101817978115352,0.08722262464244612,True,20260911,1,1000
MPL-discriminated,MPL,0.03,3.0,264,0.05576501103786766,0.13738537297047254,0.08162036193260488,True,20260911,1,1000
MPL-discriminated,MPL,0.03,3.0,265,0.07331242710861839,0.15081942049576166,0.07750699338714327,True,20260911,1,1000
MPL-discriminated,MPL,0.03,3.0,266,0.04865968793853406,0.1339940238997641,0.08533433596123002,True,20260911,1,1000
MPL-discriminated,MPL,0.03,3.0,267,0.05208821445614044,0.1361808000864205,0.08409258563028006,True,20260911,1,1000
MPL-discriminated,MPL,0.03,3.0,268,0.04746784574726778,0.13988806051852806,0.09242021477126028,True,20260911,1,1000
MPL-discriminated,MPL,0.03,3.0,269,0.051364577422017346,0.13634365635541248,0.08497907893339514,True,20260911,1,1000
MPL-discriminated,MPL,0.03,3.0,270,0.05813948511738948,0.13622448441716636,0.07808499929977689,True,20260911,1,1000
MPL-discriminated,MPL,0.03,3.0,271,0.06531604298808263,0.139177846490819,0.07386180350273636,True,20260911,1,1000
MPL-discriminated,MPL,0.03,3.0,272,0.050166467830830126,0.1389947143414414,0.08882824651061128,True,20260911,1,1000
MPL-discriminated,MPL,0.03,3.0,273,0.05232916567062192,0.13837577285469496,0.08604660718407303,True,20260911,1,1000
MPL-discriminated,MPL,0.03,3.0,274,0.04988465487076558,0.1319279470984499,0.08204329222768433,True,20260911,1,1000
MPL-discriminated,MPL,0.03,3.0,275,0.04738888524849967,0.13521946993176948,0.0878305846832698,True,20260911,1,1000
MPL-discriminated,MPL,0.03,3.0,276,0.050935484370658125,0.1384625881878969,0.08752710381723877,True,20260911,1,1000
MPL-discriminated,MPL,0.03,3.0,277,0.0617019547604576,0.14173344205386582,0.08003148729340821,True,20260911,1,1000
MPL-discriminated,MPL,0.03,3.0,278,0.05462442670158085,0.14023001650876946,0.0856055898071886,True,20260911,1,1000
MPL-discriminated,MPL,0.03,3.0,279,0.054334042770618395,0.13885349938122546,0.08451945661060706,True,20260911,1,1000
MPL-discriminated,MPL,0.03,3.0,280,0.05880242750275813,0.137625369950319,0.07882294244756086,True,20260911,1,1000
MPL-discriminated,MPL,0.03,3.0,281,0.055243422420070305,0.1375161414115302,0.08227271899145991,True,20260911,1,1000
MPL-discriminated,MPL,0.03,3.0,282,0.04220888938975519,0.13433453112221427,0.09212564173245907,True,20260911,1,1000
MPL-discriminated,MPL,0.03,3.0,283,0.050834381809939204,0.1379892650707284,0.08715488326078918,True,20260911,1,1000
MPL-discriminated,MPL,0.03,3.0,284,0.05105356117617919,0.138696690906666,0.08764312973048682,True,20260911,1,1000
MPL-discriminated,MPL,0.03,3.0,285,0.05842451383617778,0.1445053044397494,0.08608079060357163,True,20260911,1,1000
MPL-discriminated,MPL,0.03,3.0,286,0.04682646704684368,0.13719143249093993,0.09036496544409625,True,20260911,1,1000
MPL-discriminated,MPL,0.03,3.0,287,0.055467718691672496,0.13550051573787508,0.08003279704620259,True,20260911,1,1000
MPL-discriminated,MPL,0.03,3.0,288,0.043685563746890345,0.1349929617572229,0.09130739801033255,True,20260911,1,1000
MPL-discriminated,MPL,0.03,3.0,289,0.042111320485017985,0.13400178292649015,0.09189046244147217,True,20260911,1,1000
MPL-discriminated,MPL,0.03,3.0,290,0.052934769279437036,0.13286743212013963,0.07993266284070259,True,20260911,1,1000
MPL-discriminated,MPL,0.03,3.0,291,0.05992064550921629,0.14046688152293252,0.08054623601371623,True,20260911,1,1000
MPL-discriminated,MPL,0.03,3.0,292,0.054200408336235795,0.13593929385382691,0.08173888551759112,True,20260911,1,1000
MPL-discriminated,MPL,0.03,3.0,293,0.040152519164089316,0.1366723384906948,0.09651981932660547,True,20260911,1,1000
MPL-discriminated,MPL,0.03,3.0,294,0.05133349395382856,0.13779738953395856,0.08646389558013001,True,20260911,1,1000
MPL-discriminated,MPL,0.03,3.0,295,0.048145580834771544,0.13575502262704767,0.08760944179227612,True,20260911,1,1000
MPL-discriminated,MPL,0.03,3.0,296,0.05077255846015163,0.1417364290390309,0.09096387057887925,True,20260911,1,1000
MPL-discriminated,MPL,0.03,3.0,297,0.049356158953121516,0.1365335603552797,0.08717740140215818,True,20260911,1,1000
MPL-discriminated,MPL,0.03,3.0,298,0.048669326736018925,0.1365069842566659,0.08783765752064698,True,20260911,1,1000
MPL-discriminated,MPL,0.03,3.0,299,0.05054801585575927,0.14188061095490945,0.09133259509915018,True,20260911,1,1000
MPL-discriminated,MPL,0.03,3.0,300,0.06562515687391324,0.1413505387850508,0.07572538191113756,True,20260911,1,1000
MPL-discriminated,MPL,0.03,3.0,301,0.046756698535308824,0.13649210528690411,0.08973540675159529,True,20260911,1,1000
MPL-discriminated,MPL,0.03,3.0,302,0.04323514654447207,0.13390883072869447,0.0906736841842224,True,20260911,1,1000
MPL-discriminated,MPL,0.03,3.0,303,0.056024015275525134,0.1370683257558584,0.08104431048033325,True,20260911,1,1000
MPL-discriminated,MPL,0.03,3.0,304,0.04363536734596338,0.13558921058821746,0.09195384324225409,True,20260911,1,1000
MPL-discriminated,MPL,0.03,3.0,305,0.06099286815544379,0.14061655014150248,0.0796236819860587,True,20260911,1,1000
MPL-discriminated,MPL,0.03,3.0,306,0.04688953652859831,0.13317970304565366,0.08629016651705534,True,20260911,1,1000
MPL-discriminated,MPL,0.03,3.0,307,0.046072284284586186,0.1349104965312527,0.08883821224666652,True,20260911,1,1000
MPL-discriminated,MPL,0.03,3.0,308,0.04372619848910007,0.13771452417937355,0.09398832569027349,True,20260911,1,1000
MPL-discriminated,MPL,0.03,3.0,309,0.05201168826585105,0.14026867033694962,0.08825698207109857,True,20260911,1,1000
MPL-discriminated,MPL,0.03,3.0,310,0.0581106881612375,0.14326906739201442,0.08515837923077692,True,20260911,1,1000
MPL-discriminated,MPL,0.03,3.0,311,0.0597339297806508,0.1381531535061684,0.07841922372551761,True,20260911,1,1000
MPL-discriminated,MPL,0.03,3.0,312,0.054804747661817796,0.13213432383736387,0.07732957617554607,True,20260911,1,1000
MPL-discriminated,MPL,0.03,3.0,313,0.04364421004820596,0.13624850175544942,0.09260429170724346,True,20260911,1,1000
MPL-discriminated,MPL,0.03,3.0,314,0.04570268529775747,0.13856429861173714,0.09286161331397966,True,20260911,1,1000
MPL-discriminated,MPL,0.03,3.0,315,0.052511953957368455,0.13851912937034364,0.08600717541297517,True,20260911,1,1000
MPL-discriminated,MPL,0.03,3.0,316,0.046091644586246275,0.14082038507924016,0.09472874049299389,True,20260911,1,1000
MPL-discriminated,MPL,0.03,3.0,317,0.054977153535916715,0.14321819671819508,0.08824104318227836,True,20260911,1,1000
MPL-discriminated,MPL,0.03,3.0,318,0.06765617444480498,0.1385586371100454,0.07090246266524042,True,20260911,1,1000
MPL-discriminated,MPL,0.03,3.0,319,0.060451149646180355,0.13935737035703308,0.07890622071085272,True,20260911,1,1000
MPL-discriminated,MPL,0.03,3.0,320,0.049927317466573314,0.13607878836217682,0.08615147089560352,True,20260911,1,1000
MPL-discriminated,MPL,0.03,3.0,321,0.04365301423742157,0.13688997689714788,0.09323696265972631,True,20260911,1,1000
MPL-discriminated,MPL,0.03,3.0,322,0.06706321726083328,0.1435910416552086,0.07652782439437533,True,20260911,1,1000
MPL-discriminated,MPL,0.03,3.0,323,0.04612600995731099,0.1357553778039157,0.0896293678466047,True,20260911,1,1000
MPL-discriminated,MPL,0.03,3.0,324,0.045173877909862756,0.13621788942159982,0.09104401151173706,True,20260911,1,1000
MPL-discriminated,MPL,0.03,3.0,325,0.049006771732586774,0.1347620052105531,0.08575523347796632,True,20260911,1,1000
MPL-discriminated,MPL,0.03,3.0,326,0.04685066190132705,0.13844094507803634,0.09159028317670928,True,20260911,1,1000
MPL-discriminated,MPL,0.03,3.0,327,0.04840773424767171,0.13499236499590334,0.08658463074823163,True,20260911,1,1000
MPL-discriminated,MPL,0.03,3.0,328,0.06696630760183159,0.1401791037216434,0.07321279611981182,True,20260911,1,1000
MPL-discriminated,MPL,0.03,3.0,329,0.09304935288764167,0.1563190522089992,0.06326969932135752,True,20260911,1,1000
MPL-discriminated,MPL,0.03,3.0,330,0.04524400783359524,0.136594798219072,0.09135079038547676,True,20260911,1,1000
MPL-discriminated,MPL,0.03,3.0,331,0.04470368164158844,0.13552167537447068,0.09081799373288224,True,20260911,1,1000
MPL-discriminated,MPL,0.03,3.0,332,0.06450206215345743,0.140808424122775,0.07630636196931757,True,20260911,1,1000
MPL-discriminated,MPL,0.03,3.0,333,0.060474777581453656,0.1381641480145389,0.07768937043308526,True,20260911,1,1000
MPL-discriminated,MPL,0.03,3.0,334,0.05601980901097485,0.14149061345730465,0.0854708044463298,True,20260911,1,1000
MPL-discriminated,MPL,0.03,3.0,335,0.04480458996664425,0.13639942580883552,0.09159483584219127,True,20260911,1,1000
MPL-discriminated,MPL,0.03,3.0,336,0.04285061780470669,0.13838281640317882,0.09553219859847212,True,20260911,1,1000
MPL-discriminated,MPL,0.03,3.0,337,0.05692576833394727,0.14404466001925723,0.08711889168530995,True,20260911,1,1000
MPL-discriminated,MPL,0.03,3.0,338,0.05396497035176238,0.13963340332917437,0.085668432977412,True,20260911,1,1000
MPL-discriminated,MPL,0.03,3.0,339,0.04435893644209888,0.1334790378082855,0.08912010136618662,True,20260911,1,1000
MPL-discriminated,MPL,0.03,3.0,340,0.05756934944733085,0.14251811234284184,0.08494876289551098,True,20260911,1,1000
MPL-discriminated,MPL,0.03,3.0,341,0.05400205649276323,0.13861984070391414,0.0846177842111509,True,20260911,1,1000
MPL-discriminated,MPL,0.03,3.0,342,0.06966472480508067,0.13733582986967408,0.06767110506459341,True,20260911,1,1000
MPL-discriminated,MPL,0.03,3.0,343,0.0653507730538934,0.14540569831613986,0.08005492526224646,True,20260911,1,1000
MPL-discriminated,MPL,0.03,3.0,344,0.046575109489660246,0.1342919390809794,0.08771682959131914,True,20260911,1,1000
MPL-discriminated,MPL,0.03,3.0,345,0.04661595282949931,0.13890622970622055,0.09229027687672123,True,20260911,1,1000
MPL-discriminated,MPL,0.03,3.0,346,0.055634081364503485,0.14112454363339869,0.0854904622688952,True,20260911,1,1000
MPL-discriminated,MPL,0.03,3.0,347,0.04337044883636175,0.13557135253441835,0.0922009036980566,True,20260911,1,1000
MPL-discriminated,MPL,0.03,3.0,348,0.041988060237946205,0.13133313590329687,0.08934507566535066,True,20260911,1,1000
MPL-discriminated,MPL,0.03,3.0,349,0.04972174571891689,0.13913873248459588,0.089416986765679,True,20260911,1,1000
MPL-discriminated,MPL,0.03,3.0,350,0.05392919294255384,0.13860205505367695,0.08467286211112311,True,20260911,1,1000
MPL-discriminated,MPL,0.03,3.0,351,0.05420261990537344,0.14291205307845503,0.08870943317308158,True,20260911,1,1000
MPL-discriminated,MPL,0.03,3.0,352,0.05112221790706172,0.13725616333379084,0.08613394542672911,True,20260911,1,1000
MPL-discriminated,MPL,0.03,3.0,353,0.044385503810915244,0.1356242721881179,0.09123876837720266,True,20260911,1,1000
MPL-discriminated,MPL,0.03,3.0,354,0.05481793927229261,0.13747081920297446,0.08265287993068185,True,20260911,1,1000
MPL-discriminated,MPL,0.03,3.0,355,0.0508997193936406,0.13689544945435678,0.08599573006071617,True,20260911,1,1000
MPL-discriminated,MPL,0.03,3.0,356,0.08006621676226594,0.14809114594030473,0.06802492917803879,True,20260911,1,1000
MPL-discriminated,MPL,0.03,3.0,357,0.09305818660141048,0.15632888694534142,0.06327070034393094,True,20260911,1,1000
MPL-discriminated,MPL,0.03,3.0,358,0.060383149292230716,0.1426031498684681,0.08222000057623738,True,20260911,1,1000
MPL-discriminated,MPL,0.03,3.0,359,0.055378672869124124,0.1394119182824605,0.08403324541333637,True,20260911,1,1000
MPL-discriminated,MPL,0.03,3.0,360,0.04841309144866988,0.138805883024808,0.09039279157613814,True,20260911,1,1000
MPL-discriminated,MPL,0.03,3.0,361,0.04325979261923105,0.1403152785849587,0.09705548596572766,True,20260911,1,1000
MPL-discriminated,MPL,0.03,3.0,362,0.06122092651373402,0.14144220716127598,0.08022128064754196,True,20260911,1,1000
MPL-discriminated,MPL,0.03,3.0,363,0.05639575449056576,0.1422699804012039,0.08587422591063813,True,20260911,1,1000
MPL-discriminated,MPL,0.03,3.0,364,0.05761804603348985,0.1390786786928062,0.08146063265931636,True,20260911,1,1000
MPL-discriminated,MPL,0.03,3.0,365,0.05339026160894228,0.13595141124975127,0.08256114964080899,True,20260911,1,1000
MPL-discriminated,MPL,0.03,3.0,366,0.047868357274929274,0.13511829057210567,0.0872499332971764,True,20260911,1,1000
MPL-discriminated,MPL,0.03,3.0,367,0.05633508459853197,0.13965503796716536,0.08331995336863339,True,20260911,1,1000
MPL-discriminated,MPL,0.03,3.0,368,0.06935168525669819,0.1449030652617437,0.07555138000504552,True,20260911,1,1000
MPL-discriminated,MPL,0.03,3.0,369,0.05933443060594572,0.13683575429308814,0.07750132368714242,True,20260911,1,1000
MPL-discriminated,MPL,0.03,3.0,370,0.05005837440814103,0.14115279050072657,0.09109441609258553,True,20260911,1,1000
MPL-discriminated,MPL,0.03,3.0,371,0.04373103813611239,0.13693493159326875,0.09320389345715635,True,20260911,1,1000
MPL-discriminated,MPL,0.03,3.0,372,0.053951272344730815,0.14050401305894522,0.0865527407142144,True,20260911,1,1000
MPL-discriminated,MPL,0.03,3.0,373,0.05031645054104611,0.13506329509667495,0.08474684455562884,True,20260911,1,1000
MPL-discriminated,MPL,0.03,3.0,374,0.041331372215548716,0.1363076943836248,0.09497632216807608,True,20260911,1,1000
MPL-discriminated,MPL,0.03,3.0,375,0.0536276875522167,0.13951123298363305,0.08588354543141635,True,20260911,1,1000
MPL-discriminated,MPL,0.03,3.0,376,0.060703233509544756,0.13532240327542686,0.07461916976588209,True,20260911,1,1000
MPL-discriminated,MPL,0.03,3.0,377,0.05362785518779811,0.14147774004109595,0.08784988485329784,True,20260911,1,1000
MPL-discriminated,MPL,0.03,3.0,378,0.050090728599381185,0.13686639354592642,0.08677566494654523,True,20260911,1,1000
MPL-discriminated,MPL,0.03,3.0,379,0.04769594933453446,0.13914408070457315,0.0914481313700387,True,20260911,1,1000
MPL-discriminated,MPL,0.03,3.0,380,0.052286478075814574,0.13073470875551876,0.07844823067970419,True,20260911,1,1000
MPL-discriminated,MPL,0.03,3.0,381,0.04634752825857073,0.1364606173440392,0.09011308908546846,True,20260911,1,1000
MPL-discriminated,MPL,0.03,3.0,382,0.04353807575248795,0.1336713868713559,0.09013331111886796,True,20260911,1,1000
MPL-discriminated,MPL,0.03,3.0,383,0.041445491663306404,0.13722048490066077,0.09577499323735436,True,20260911,1,1000
MPL-discriminated,MPL,0.03,3.0,384,0.042777475002316795,0.13874555383132534,0.09596807882900854,True,20260911,1,1000
MPL-discriminated,MPL,0.03,3.0,385,0.05260631161376655,0.13622672645497128,0.08362041484120472,True,20260911,1,1000
MPL-discriminated,MPL,0.03,3.0,386,0.043100689160595534,0.14045850392495174,0.0973578147643562,True,20260911,1,1000
MPL-discriminated,MPL,0.03,3.0,387,0.046116072880970915,0.13310361318272643,0.08698754030175551,True,20260911,1,1000
MPL-discriminated,MPL,0.03,3.0,388,0.05599661652963075,0.13649113505919652,0.08049451852956577,True,20260911,1,1000
MPL-discriminated,MPL,0.03,3.0,389,0.05867327801769228,0.14182988032276392,0.08315660230507163,True,20260911,1,1000
MPL-discriminated,MPL,0.03,3.0,390,0.057561213255014974,0.14290526486443858,0.0853440516094236,True,20260911,1,1000
MPL-discriminated,MPL,0.03,3.0,391,0.04315214099150081,0.13348212601246595,0.09032998502096515,True,20260911,1,1000
MPL-discriminated,MPL,0.03,3.0,392,0.06961379278991571,0.14667431149917493,0.07706051870925922,True,20260911,1,1000
MPL-discriminated,MPL,0.03,3.0,393,0.06536567304642515,0.14141245987766302,0.07604678683123786,True,20260911,1,1000
MPL-discriminated,MPL,0.03,3.0,394,0.051044650203649136,0.13829406886738269,0.08724941866373355,True,20260911,1,1000
MPL-discriminated,MPL,0.03,3.0,395,0.04129096407217137,0.1331988652203156,0.09190790114814423,True,20260911,1,1000
MPL-discriminated,MPL,0.03,3.0,396,0.060856482219104335,0.143557994664566,0.08270151244546167,True,20260911,1,1000
MPL-discriminated,MPL,0.03,3.0,397,0.04485661272814728,0.1388887075652781,0.09403209483713082,True,20260911,1,1000
MPL-discriminated,MPL,0.03,3.0,398,0.05697095166007858,0.1417753170239946,0.08480436536391601,True,20260911,1,1000
MPL-discriminated,MPL,0.03,3.0,399,0.07006931815695755,0.14641773791172807,0.07634841975477052,True,20260911,1,1000
MPL-discriminated,MPL,0.03,3.0,400,0.05904853767379515,0.13897314317816045,0.07992460550436531,True,20260911,1,1000
MPL-discriminated,MPL,0.03,3.0,401,0.06031674844975702,0.14128087276062784,0.08096412431087083,True,20260911,1,1000
MPL-discriminated,MPL,0.03,3.0,402,0.05631190329593546,0.13645175770023701,0.08013985440430155,True,20260911,1,1000
MPL-discriminated,MPL,0.03,3.0,403,0.04666808896505979,0.13183992101053812,0.08517183204547833,True,20260911,1,1000
MPL-discriminated,MPL,0.03,3.0,404,0.055801688947026,0.13695578885757886,0.08115409991055286,True,20260911,1,1000
MPL-discriminated,MPL,0.03,3.0,405,0.05434646781509585,0.14026346536414777,0.08591699754905192,True,20260911,1,1000
MPL-discriminated,MPL,0.03,3.0,406,0.05664530191003836,0.14115925870783863,0.08451395679780027,True,20260911,1,1000
MPL-discriminated,MPL,0.03,3.0,407,0.044665081244862494,0.1398534155525545,0.09518833430769202,True,20260911,1,1000
MPL-discriminated,MPL,0.03,3.0,408,0.07118055929509534,0.14712597959260745,0.07594542029751211,True,20260911,1,1000
MPL-discriminated,MPL,0.03,3.0,409,0.04873840713777191,0.1356384715136865,0.08690006437591458,True,20260911,1,1000
MPL-discriminated,MPL,0.03,3.0,410,0.0498720964716938,0.13648848760395565,0.08661639113226186,True,20260911,1,1000
MPL-discriminated,MPL,0.03,3.0,411,0.06138974878220499,0.14055966743257853,0.07916991865037354,True,20260911,1,1000
MPL-discriminated,MPL,0.03,3.0,412,0.0471042602507339,0.13682386079198594,0.08971960054125204,True,20260911,1,1000
MPL-discriminated,MPL,0.03,3.0,413,0.0466468360183156,0.13833884435449448,0.09169200833617888,True,20260911,1,1000
MPL-discriminated,MPL,0.03,3.0,414,0.05132476455617638,0.13668568698468886,0.08536092242851248,True,20260911,1,1000
MPL-discriminated,MPL,0.03,3.0,415,0.056511999738501004,0.1398590654523207,0.08334706571381971,True,20260911,1,1000
MPL-discriminated,MPL,0.03,3.0,416,0.05554687823823237,0.13767490961195586,0.08212803137372349,True,20260911,1,1000
MPL-discriminated,MPL,0.03,3.0,417,0.05582656838142168,0.14312808014964243,0.08730151176822075,True,20260911,1,1000
MPL-discriminated,MPL,0.03,3.0,418,0.09267573461382839,0.15510731295225408,0.06243157833842569,True,20260911,1,1000
MPL-discriminated,MPL,0.03,3.0,419,0.06413482652939556,0.14428622453336354,0.08015139800396798,True,20260911,1,1000
MPL-discriminated,MPL,0.03,3.0,420,0.06412260914825513,0.14563252718028685,0.08150991803203173,True,20260911,1,1000
MPL-discriminated,MPL,0.03,3.0,421,0.07985181844850417,0.14964665219451653,0.06979483374601236,True,20260911,1,1000
MPL-discriminated,MPL,0.03,3.0,422,0.05792515649238709,0.1429274835546779,0.08500232706229083,True,20260911,1,1000
MPL-discriminated,MPL,0.03,3.0,423,0.05089096890028899,0.1394265901855358,0.08853562128524681,True,20260911,1,1000
MPL-discriminated,MPL,0.03,3.0,424,0.05367765080033092,0.13991184930731018,0.08623419850697926,True,20260911,1,1000
MPL-discriminated,MPL,0.03,3.0,425,0.04701862072084236,0.1373507927200077,0.09033217199916532,True,20260911,1,1000
MPL-discriminated,MPL,0.03,3.0,426,0.04713826896876882,0.13543524435757542,0.0882969753888066,True,20260911,1,1000
MPL-discriminated,MPL,0.03,3.0,427,0.0520589841541142,0.13940141839037168,0.08734243423625748,True,20260911,1,1000
MPL-discriminated,MPL,0.03,3.0,428,0.05686887346653151,0.14092685811441782,0.08405798464788632,True,20260911,1,1000
MPL-discriminated,MPL,0.03,3.0,429,0.05047923245821883,0.1376356005678299,0.08715636810961105,True,20260911,1,1000
MPL-discriminated,MPL,0.03,3.0,430,0.054928673162994955,0.1458633776902688,0.09093470452727384,True,20260911,1,1000
MPL-discriminated,MPL,0.03,3.0,431,0.04896605933426012,0.13599810900597475,0.08703204967171463,True,20260911,1,1000
MPL-discriminated,MPL,0.03,3.0,432,0.042714837222331416,0.13497436516228664,0.09225952793995523,True,20260911,1,1000
MPL-discriminated,MPL,0.03,3.0,433,0.052857821805306,0.1388486478568339,0.0859908260515279,True,20260911,1,1000
MPL-discriminated,MPL,0.03,3.0,434,0.05186503765805561,0.1378118312428646,0.085946793584809,True,20260911,1,1000
MPL-discriminated,MPL,0.03,3.0,435,0.0458664020573583,0.13325423236007788,0.08738783030271959,True,20260911,1,1000
MPL-discriminated,MPL,0.03,3.0,436,0.042002605888112915,0.13404773099971842,0.09204512511160551,True,20260911,1,1000
MPL-discriminated,MPL,0.03,3.0,437,0.052202205056321394,0.14034352391623928,0.08814131885991788,True,20260911,1,1000
MPL-discriminated,MPL,0.03,3.0,438,0.04358027900059257,0.13503126102265894,0.09145098202206638,True,20260911,1,1000
MPL-discriminated,MPL,0.03,3.0,439,0.06285572541189098,0.14366313429355732,0.08080740888166633,True,20260911,1,1000
MPL-discriminated,MPL,0.03,3.0,440,0.05374055554325313,0.131837097333012,0.07809654178975886,True,20260911,1,1000
MPL-discriminated,MPL,0.03,3.0,441,0.07447919833857737,0.14863235934810576,0.07415316100952839,True,20260911,1,1000
MPL-discriminated,MPL,0.03,3.0,442,0.054034681842846086,0.13840027903850274,0.08436559719565666,True,20260911,1,1000
MPL-discriminated,MPL,0.03,3.0,443,0.05818258642214521,0.14013684361369888,0.08195425719155366,True,20260911,1,1000
MPL-discriminated,MPL,0.03,3.0,444,0.0759029265430415,0.14672144770102255,0.07081852115798105,True,20260911,1,1000
MPL-discriminated,MPL,0.03,3.0,445,0.06438488784161432,0.14363039311705061,0.07924550527543629,True,20260911,1,1000
MPL-discriminated,MPL,0.03,3.0,446,0.04474301085977839,0.13392848613072927,0.08918547527095089,True,20260911,1,1000
MPL-discriminated,MPL,0.03,3.0,447,0.05334853313900165,0.1394306912459448,0.08608215810694314,True,20260911,1,1000
MPL-discriminated,MPL,0.03,3.0,448,0.05047805483148131,0.1358983317956655,0.08542027696418418,True,20260911,1,1000
MPL-discriminated,MPL,0.03,3.0,449,0.05173494534425644,0.13595762159241265,0.08422267624815621,True,20260911,1,1000
MPL-discriminated,MPL,0.03,3.0,450,0.04425469751260104,0.13837297294599601,0.09411827543339497,True,20260911,1,1000
MPL-discriminated,MPL,0.03,3.0,451,0.05720153412377477,0.14093897081791937,0.0837374366941446,True,20260911,1,1000
MPL-discriminated,MPL,0.03,3.0,452,0.05570612917865217,0.13917216090519738,0.08346603172654521,True,20260911,1,1000
MPL-discriminated,MPL,0.03,3.0,453,0.04896941560336677,0.13700743330465812,0.08803801770129135,True,20260911,1,1000
MPL-discriminated,MPL,0.03,3.0,454,0.044922209963787,0.13724413332931595,0.09232192336552895,True,20260911,1,1000
MPL-discriminated,MPL,0.03,3.0,455,0.05517294932876954,0.13700968887679923,0.0818367395480297,True,20260911,1,1000
MPL-discriminated,MPL,0.03,3.0,456,0.04731100487640321,0.13669932660870332,0.0893883217323001,True,20260911,1,1000
MPL-discriminated,MPL,0.03,3.0,457,0.04914775301343545,0.13582919044015745,0.086681437426722,True,20260911,1,1000
MPL-discriminated,MPL,0.03,3.0,458,0.04142480795809089,0.1345725932088111,0.0931477852507202,True,20260911,1,1000
MPL-discriminated,MPL,0.03,3.0,459,0.07240300774445449,0.14391840839820177,0.07151540065374729,True,20260911,1,1000
MPL-discriminated,MPL,0.03,3.0,460,0.04415635881784406,0.13459171216071678,0.09043535334287271,True,20260911,1,1000
MPL-discriminated,MPL,0.03,3.0,461,0.043628293348150465,0.13550036186984174,0.09187206852169127,True,20260911,1,1000
MPL-discriminated,MPL,0.03,3.0,462,0.05633134941502413,0.13592347489561543,0.0795921254805913,True,20260911,1,1000
MPL-discriminated,MPL,0.03,3.0,463,0.04301867688891642,0.1362856629487162,0.09326698605979977,True,20260911,1,1000
MPL-discriminated,MPL,0.03,3.0,464,0.04377073458110639,0.13527066272652954,0.09149992814542315,True,20260911,1,1000
MPL-discriminated,MPL,0.03,3.0,465,0.06761706915022465,0.14003941622722904,0.07242234707700439,True,20260911,1,1000
MPL-discriminated,MPL,0.03,3.0,466,0.04774976703318303,0.14024736633657856,0.09249759930339552,True,20260911,1,1000
MPL-discriminated,MPL,0.03,3.0,467,0.0640883318726586,0.13977115478560834,0.07568282291294974,True,20260911,1,1000
MPL-discriminated,MPL,0.03,3.0,468,0.05244706798098315,0.13959944417265874,0.0871523761916756,True,20260911,1,1000
MPL-discriminated,MPL,0.03,3.0,469,0.06093086876244536,0.1438890357279805,0.08295816696553515,True,20260911,1,1000
MPL-discriminated,MPL,0.03,3.0,470,0.04997435322162037,0.13419937700802617,0.08422502378640581,True,20260911,1,1000
MPL-discriminated,MPL,0.03,3.0,471,0.045059697283323395,0.1360543320316847,0.09099463474836131,True,20260911,1,1000
MPL-discriminated,MPL,0.03,3.0,472,0.07024886681135344,0.1455934667000388,0.07534459988868537,True,20260911,1,1000
MPL-discriminated,MPL,0.03,3.0,473,0.055831359438040094,0.14206800501503253,0.08623664557699243,True,20260911,1,1000
MPL-discriminated,MPL,0.03,3.0,474,0.04259542274898425,0.1383401866111342,0.09574476386214995,True,20260911,1,1000
MPL-discriminated,MPL,0.03,3.0,475,0.06323889995490423,0.14498271127337106,0.08174381131846684,True,20260911,1,1000
MPL-discriminated,MPL,0.03,3.0,476,0.046487993314173505,0.13390096990031508,0.08741297658614158,True,20260911,1,1000
MPL-discriminated,MPL,0.03,3.0,477,0.04488110274086571,0.13626634194409223,0.09138523920322653,True,20260911,1,1000
MPL-discriminated,MPL,0.03,3.0,478,0.05390220020970032,0.14016230565909235,0.08626010544939203,True,20260911,1,1000
MPL-discriminated,MPL,0.03,3.0,479,0.060030583928839865,0.14036368654377704,0.08033310261493717,True,20260911,1,1000
MPL-discriminated,MPL,0.03,3.0,480,0.055288271899028255,0.14074094687047786,0.08545267497144961,True,20260911,1,1000
MPL-discriminated,MPL,0.03,3.0,481,0.052714241049458446,0.13732434977734387,0.08461010872788542,True,20260911,1,1000
MPL-discriminated,MPL,0.03,3.0,482,0.06136387933724578,0.1465019349045922,0.08513805556734642,True,20260911,1,1000
MPL-discriminated,MPL,0.03,3.0,483,0.046791031195075564,0.13633971408202342,0.08954868288694785,True,20260911,1,1000
MPL-discriminated,MPL,0.03,3.0,484,0.056831010491241285,0.1376010692705018,0.08077005877926052,True,20260911,1,1000
MPL-discriminated,MPL,0.03,3.0,485,0.04414103980075004,0.1368917879195972,0.09275074811884715,True,20260911,1,1000
MPL-discriminated,MPL,0.03,3.0,486,0.06608122417985833,0.14814386755527845,0.08206264337542012,True,20260911,1,1000
MPL-discriminated,MPL,0.03,3.0,487,0.04867320648254932,0.14118853698966147,0.09251533050711215,True,20260911,1,1000
MPL-discriminated,MPL,0.03,3.0,488,0.06205508502823969,0.14278253755807635,0.08072745252983665,True,20260911,1,1000
MPL-discriminated,MPL,0.03,3.0,489,0.04788144716018483,0.13163750426310578,0.08375605710292094,True,20260911,1,1000
MPL-discriminated,MPL,0.03,3.0,490,0.043879877724969395,0.1376679123286499,0.09378803460368049,True,20260911,1,1000
MPL-discriminated,MPL,0.03,3.0,491,0.05010743868235493,0.14282531143690236,0.09271787275454743,True,20260911,1,1000
MPL-discriminated,MPL,0.03,3.0,492,0.0490071104421418,0.13928944499439053,0.09028233455224872,True,20260911,1,1000
MPL-discriminated,MPL,0.03,3.0,493,0.053471302054057396,0.13920553169251473,0.08573422963845734,True,20260911,1,1000
MPL-discriminated,MPL,0.03,3.0,494,0.06015752876629167,0.1434661194147074,0.08330859064841574,True,20260911,1,1000
MPL-discriminated,MPL,0.03,3.0,495,0.08852997167801112,0.151107156669686,0.06257718499167488,True,20260911,1,1000
MPL-discriminated,MPL,0.03,3.0,496,0.059153112938708674,0.1402748909231164,0.08112177798440773,True,20260911,1,1000
MPL-discriminated,MPL,0.03,3.0,497,0.044280756061914645,0.1403318627726669,0.09605110671075226,True,20260911,1,1000
MPL-discriminated,MPL,0.03,3.0,498,0.044435231473446926,0.13315463448566991,0.08871940301222299,True,20260911,1,1000
MPL-discriminated,MPL,0.03,3.0,499,0.05781640746356125,0.14249668304099322,0.08468027557743196,True,20260911,1,1000
MPL-discriminated,MPL,0.03,3.0,500,0.043615042143446865,0.13587289754872137,0.09225785540527451,True,20260911,1,1000
MPL-discriminated,MPL,0.03,3.0,501,0.05390372606060353,0.14027314464652765,0.08636941858592412,True,20260911,1,1000
MPL-discriminated,MPL,0.03,3.0,502,0.049409270016286845,0.13391499923599245,0.08450572921970562,True,20260911,1,1000
MPL-discriminated,MPL,0.03,3.0,503,0.06558964423937166,0.14256125837468928,0.07697161413531761,True,20260911,1,1000
MPL-discriminated,MPL,0.03,3.0,504,0.057099594858121584,0.1409414220630154,0.08384182720489383,True,20260911,1,1000
MPL-discriminated,MPL,0.03,3.0,505,0.04921302299866086,0.14122232670120796,0.0920093037025471,True,20260911,1,1000
MPL-discriminated,MPL,0.03,3.0,506,0.055408453772650024,0.14028255325465197,0.08487409948200195,True,20260911,1,1000
MPL-discriminated,MPL,0.03,3.0,507,0.049329509291603776,0.13648227599357335,0.08715276670196957,True,20260911,1,1000
MPL-discriminated,MPL,0.03,3.0,508,0.05174489131122525,0.1364293990876145,0.08468450777638925,True,20260911,1,1000
MPL-discriminated,MPL,0.03,3.0,509,0.051311604533215,0.1402059302983836,0.0888943257651686,True,20260911,1,1000
MPL-discriminated,MPL,0.03,3.0,510,0.06533323211408024,0.146103301725431,0.08077006961135078,True,20260911,1,1000
MPL-discriminated,MPL,0.03,3.0,511,0.06745583049417242,0.14277703741318684,0.07532120691901442,True,20260911,1,1000
MPL-discriminated,MPL,0.03,3.0,512,0.05625815354145784,0.1444336842926374,0.08817553075117955,True,20260911,1,1000
MPL-discriminated,MPL,0.03,3.0,513,0.0718499902939669,0.14326936479729308,0.07141937450332618,True,20260911,1,1000
MPL-discriminated,MPL,0.03,3.0,514,0.05741410783110622,0.14262629168064572,0.0852121838495395,True,20260911,1,1000
MPL-discriminated,MPL,0.03,3.0,515,0.046694685695109844,0.13707462435321788,0.09037993865810803,True,20260911,1,1000
MPL-discriminated,MPL,0.03,3.0,516,0.06473808078907527,0.14376597751615958,0.07902789672708431,True,20260911,1,1000
MPL-discriminated,MPL,0.03,3.0,517,0.0562783605200112,0.13954469468236327,0.08326633416235207,True,20260911,1,1000
MPL-discriminated,MPL,0.03,3.0,518,0.05823903252062083,0.14363798813387402,0.0853989556132532,True,20260911,1,1000
MPL-discriminated,MPL,0.03,3.0,519,0.06229718208046328,0.1451741581912782,0.08287697611081493,True,20260911,1,1000
MPL-discriminated,MPL,0.03,3.0,520,0.046606720492327135,0.13609582537597753,0.08948910488365039,True,20260911,1,1000
MPL-discriminated,MPL,0.03,3.0,521,0.06469329018055205,0.14778091222564171,0.08308762204508967,True,20260911,1,1000
MPL-discriminated,MPL,0.03,3.0,522,0.05744721994273982,0.1409380575805968,0.08349083763785697,True,20260911,1,1000
MPL-discriminated,MPL,0.03,3.0,523,0.04327609855310977,0.13356426272628494,0.09028816417317517,True,20260911,1,1000
MPL-discriminated,MPL,0.03,3.0,524,0.06415560237084371,0.14277984030886734,0.07862423793802363,True,20260911,1,1000
MPL-discriminated,MPL,0.03,3.0,525,0.05325236398661056,0.1383421741003333,0.08508981011372274,True,20260911,1,1000
MPL-discriminated,MPL,0.03,3.0,526,0.05382394359919619,0.13681923077453992,0.08299528717534373,True,20260911,1,1000
MPL-discriminated,MPL,0.03,3.0,527,0.09301051772315481,0.15745173252115416,0.06444121479799934,True,20260911,1,1000
MPL-discriminated,MPL,0.03,3.0,528,0.0452245801640198,0.13801980242460155,0.09279522226058175,True,20260911,1,1000
MPL-discriminated,MPL,0.03,3.0,529,0.061479112671067426,0.14243731504112558,0.08095820237005816,True,20260911,1,1000
MPL-discriminated,MPL,0.03,3.0,530,0.04706269090813736,0.13792841588984897,0.09086572498171161,True,20260911,1,1000
MPL-discriminated,MPL,0.03,3.0,531,0.07241465214722774,0.14725501732369306,0.07484036517646532,True,20260911,1,1000
MPL-discriminated,MPL,0.03,3.0,532,0.055857004568192224,0.14125717898696555,0.08540017441877332,True,20260911,1,1000
MPL-discriminated,MPL,0.03,3.0,533,0.044141809207293686,0.13643756999108358,0.0922957607837899,True,20260911,1,1000
MPL-discriminated,MPL,0.03,3.0,534,0.04992256803993365,0.1376228258138867,0.08770025777395307,True,20260911,1,1000
MPL-discriminated,MPL,0.03,3.0,535,0.05282863490986841,0.14084510844319095,0.08801647353332254,True,20260911,1,1000
MPL-discriminated,MPL,0.03,3.0,536,0.06559716383117198,0.1413671310236296,0.07576996719245763,True,20260911,1,1000
MPL-discriminated,MPL,0.03,3.0,537,0.05699385518274853,0.13785995278581317,0.08086609760306465,True,20260911,1,1000
MPL-discriminated,MPL,0.03,3.0,538,0.06643685361916815,0.14547770367295687,0.07904085005378872,True,20260911,1,1000
MPL-discriminated,MPL,0.03,3.0,539,0.06776863104837509,0.14654006897343527,0.07877143792506018,True,20260911,1,1000
MPL-discriminated,MPL,0.03,3.0,540,0.04314784115924777,0.13939623879324095,0.09624839763399318,True,20260911,1,1000
MPL-discriminated,MPL,0.03,3.0,541,0.07491573458661371,0.14720097990002057,0.07228524531340685,True,20260911,1,1000
MPL-discriminated,MPL,0.03,3.0,542,0.05123823222646585,0.13490937219794955,0.0836711399714837,True,20260911,1,1000
MPL-discriminated,MPL,0.03,3.0,543,0.05836788161923876,0.14308283942193026,0.0847149578026915,True,20260911,1,1000
MPL-discriminated,MPL,0.03,3.0,544,0.04471770980068427,0.13408734416449739,0.08936963436381312,True,20260911,1,1000
MPL-discriminated,MPL,0.03,3.0,545,0.05334211005746363,0.13969929558268812,0.08635718552522449,True,20260911,1,1000
MPL-discriminated,MPL,0.03,3.0,546,0.04848314215799137,0.13727532714167426,0.08879218498368288,True,20260911,1,1000
MPL-discriminated,MPL,0.03,3.0,547,0.06549293080476504,0.143482775254896,0.07798984445013096,True,20260911,1,1000
MPL-discriminated,MPL,0.03,3.0,548,0.050737570402093826,0.13956920237575285,0.08883163197365902,True,20260911,1,1000
MPL-discriminated,MPL,0.03,3.0,549,0.04663327016745307,0.13463106321697485,0.08799779304952178,True,20260911,1,1000
MPL-discriminated,MPL,0.03,3.0,550,0.053984003942720696,0.13814303156046295,0.08415902761774226,True,20260911,1,1000
MPL-discriminated,MPL,0.03,3.0,551,0.07117293785088454,0.14335489519475939,0.07218195734387485,True,20260911,1,1000
MPL-discriminated,MPL,0.03,3.0,552,0.056465403816807015,0.13978587976808143,0.08332047595127443,True,20260911,1,1000
MPL-discriminated,MPL,0.03,3.0,553,0.044089289279247816,0.1372249457407109,0.09313565646146307,True,20260911,1,1000
MPL-discriminated,MPL,0.03,3.0,554,0.0521879966652567,0.13787749579263295,0.08568949912737625,True,20260911,1,1000
MPL-discriminated,MPL,0.03,3.0,555,0.05183444816352706,0.13750917107439914,0.08567472291087208,True,20260911,1,1000
MPL-discriminated,MPL,0.03,3.0,556,0.04513966347455587,0.13531058233087262,0.09017091885631676,True,20260911,1,1000
MPL-discriminated,MPL,0.03,3.0,557,0.04436508577058472,0.13565432467541583,0.09128923890483111,True,20260911,1,1000
MPL-discriminated,MPL,0.03,3.0,558,0.06795477606783647,0.1432496721354091,0.07529489606757263,True,20260911,1,1000
MPL-discriminated,MPL,0.03,3.0,559,0.06759264729617957,0.14194363436234025,0.07435098706616068,True,20260911,1,1000
MPL-discriminated,MPL,0.03,3.0,560,0.04261706959105692,0.12992468773081195,0.08730761813975503,True,20260911,1,1000
MPL-discriminated,MPL,0.03,3.0,561,0.04739150277964097,0.14309592355794343,0.09570442077830246,True,20260911,1,1000
MPL-discriminated,MPL,0.03,3.0,562,0.057495425796382255,0.13991072418679712,0.08241529839041487,True,20260911,1,1000
MPL-discriminated,MPL,0.03,3.0,563,0.04559570584368296,0.1379137705596923,0.09231806471600935,True,20260911,1,1000
MPL-discriminated,MPL,0.03,3.0,564,0.05409224299378267,0.1397562975518377,0.08566405455805501,True,20260911,1,1000
MPL-discriminated,MPL,0.03,3.0,565,0.05624976066338797,0.13768964206725548,0.08143988140386751,True,20260911,1,1000
MPL-discriminated,MPL,0.03,3.0,566,0.060852710564631464,0.14201048532101485,0.08115777475638339,True,20260911,1,1000
MPL-discriminated,MPL,0.03,3.0,567,0.047401803741906216,0.13762876027064055,0.09022695652873433,True,20260911,1,1000
MPL-discriminated,MPL,0.03,3.0,568,0.0577236377554293,0.14025442451491502,0.08253078675948572,True,20260911,1,1000
MPL-discriminated,MPL,0.03,3.0,569,0.04848736107197213,0.13663975984922935,0.08815239877725722,True,20260911,1,1000
MPL-discriminated,MPL,0.03,3.0,570,0.05023371599645423,0.1370253666104517,0.08679165061399746,True,20260911,1,1000
MPL-discriminated,MPL,0.03,3.0,571,0.043914283601642894,0.13732515483306437,0.09341087123142147,True,20260911,1,1000
MPL-discriminated,MPL,0.03,3.0,572,0.05322675035478762,0.13539154957210728,0.08216479921731966,True,20260911,1,1000
MPL-discriminated,MPL,0.03,3.0,573,0.04369665118339822,0.13719295246731703,0.09349630128391881,True,20260911,1,1000
MPL-discriminated,MPL,0.03,3.0,574,0.044283207739792274,0.12977595196869168,0.08549274422889941,True,20260911,1,1000
MPL-discriminated,MPL,0.03,3.0,575,0.04448810999523705,0.13274495977385742,0.08825684977862036,True,20260911,1,1000
MPL-discriminated,MPL,0.03,3.0,576,0.0511627756447475,0.14359503815905772,0.09243226251431022,True,20260911,1,1000
MPL-discriminated,MPL,0.03,3.0,577,0.05834733233564126,0.13479267783054705,0.07644534549490578,True,20260911,1,1000
MPL-discriminated,MPL,0.03,3.0,578,0.05413444096194205,0.13544721092220707,0.08131276996026501,True,20260911,1,1000
MPL-discriminated,MPL,0.03,3.0,579,0.05422457446071881,0.13534392643221807,0.08111935197149926,True,20260911,1,1000
MPL-discriminated,MPL,0.03,3.0,580,0.04929886237646032,0.13962389330245203,0.09032503092599171,True,20260911,1,1000
MPL-discriminated,MPL,0.03,3.0,581,0.06238457861899931,0.14103110612185227,0.07864652750285295,True,20260911,1,1000
MPL-discriminated,MPL,0.03,3.0,582,0.06198110409888734,0.1399574842457115,0.07797638014682416,True,20260911,1,1000
MPL-discriminated,MPL,0.03,3.0,583,0.05759998841046694,0.1410810445629364,0.08348105615246947,True,20260911,1,1000
MPL-discriminated,MPL,0.03,3.0,584,0.05300525076574838,0.14166444248965762,0.08865919172390924,True,20260911,1,1000
MPL-discriminated,MPL,0.03,3.0,585,0.053577285155518455,0.1397766583587062,0.08619937320318774,True,20260911,1,1000
MPL-discriminated,MPL,0.03,3.0,586,0.05180753557724638,0.139449737469377,0.08764220189213062,True,20260911,1,1000
MPL-discriminated,MPL,0.03,3.0,587,0.0530954943476442,0.13770001566309686,0.08460452131545267,True,20260911,1,1000
MPL-discriminated,MPL,0.03,3.0,588,0.04469765218737221,0.13459105170606833,0.08989339951869613,True,20260911,1,1000
MPL-discriminated,MPL,0.03,3.0,589,0.05745712070954487,0.1417590858429173,0.08430196513337243,True,20260911,1,1000
MPL-discriminated,MPL,0.03,3.0,590,0.04957833820757722,0.13207329838692244,0.08249496017934523,True,20260911,1,1000
MPL-discriminated,MPL,0.03,3.0,591,0.0417482303705204,0.1342287195198674,0.09248048914934699,True,20260911,1,1000
MPL-discriminated,MPL,0.03,3.0,592,0.056478700216124965,0.14196540672540686,0.08548670650928189,True,20260911,1,1000
MPL-discriminated,MPL,0.03,3.0,593,0.054624410788538615,0.14101003436120696,0.08638562357266835,True,20260911,1,1000
MPL-discriminated,MPL,0.03,3.0,594,0.04653666440746037,0.13751921807724396,0.09098255366978358,True,20260911,1,1000
MPL-discriminated,MPL,0.03,3.0,595,0.04923696720073401,0.13479132871041202,0.08555436150967802,True,20260911,1,1000
MPL-discriminated,MPL,0.03,3.0,596,0.048453965129831855,0.1406969906878171,0.09224302555798525,True,20260911,1,1000
MPL-discriminated,MPL,0.03,3.0,597,0.06727710929316345,0.14293432232088116,0.0756572130277177,True,20260911,1,1000
MPL-discriminated,MPL,0.03,3.0,598,0.04840100644127073,0.1426337646655228,0.09423275822425206,True,20260911,1,1000
MPL-discriminated,MPL,0.03,3.0,599,0.06443739930842306,0.14733313063681783,0.08289573132839477,True,20260911,1,1000
MPL-discriminated,MPL,0.03,3.0,600,0.05555290257699451,0.1397877083203775,0.084234805743383,True,20260911,1,1000
MPL-discriminated,MPL,0.03,3.0,601,0.053645119419187294,0.13763529823169257,0.08399017881250528,True,20260911,1,1000
MPL-discriminated,MPL,0.03,3.0,602,0.048317807543596936,0.13401001056128953,0.08569220301769259,True,20260911,1,1000
MPL-discriminated,MPL,0.03,3.0,603,0.05344473639650043,0.13588572062209558,0.08244098422559515,True,20260911,1,1000
MPL-discriminated,MPL,0.03,3.0,604,0.050991032201598556,0.13682057337355596,0.0858295411719574,True,20260911,1,1000
MPL-discriminated,MPL,0.03,3.0,605,0.060445572961081225,0.14575641239303566,0.08531083943195444,True,20260911,1,1000
MPL-discriminated,MPL,0.03,3.0,606,0.044480702278486585,0.13474933091454458,0.090268628636058,True,20260911,1,1000
MPL-discriminated,MPL,0.03,3.0,607,0.04721307756377903,0.13683975129699288,0.08962667373321385,True,20260911,1,1000
MPL-discriminated,MPL,0.03,3.0,608,0.05121389910099645,0.1370300058557486,0.08581610675475215,True,20260911,1,1000
MPL-discriminated,MPL,0.03,3.0,609,0.09057064484167744,0.15257715119410278,0.06200650635242534,True,20260911,1,1000
MPL-discriminated,MPL,0.03,3.0,610,0.05937961129801896,0.13739598913470683,0.07801637783668786,True,20260911,1,1000
MPL-discriminated,MPL,0.03,3.0,611,0.05461518354979094,0.13647115553774192,0.08185597198795097,True,20260911,1,1000
MPL-discriminated,MPL,0.03,3.0,612,0.060369176476741004,0.13933535857276247,0.07896618209602146,True,20260911,1,1000
MPL-discriminated,MPL,0.03,3.0,613,0.06127458445984766,0.1413333660761177,0.08005878161627006,True,20260911,1,1000
MPL-discriminated,MPL,0.03,3.0,614,0.05119441173729992,0.13699989473157573,0.08580548299427582,True,20260911,1,1000
MPL-discriminated,MPL,0.03,3.0,615,0.05764052972734941,0.14620775932367974,0.08856722959633033,True,20260911,1,1000
MPL-discriminated,MPL,0.03,3.0,616,0.0576243050254187,0.1395728494736694,0.0819485444482507,True,20260911,1,1000
MPL-discriminated,MPL,0.03,3.0,617,0.09074800890708755,0.15607546155412585,0.0653274526470383,True,20260911,1,1000
MPL-discriminated,MPL,0.03,3.0,618,0.050920224220925285,0.13488512123224183,0.08396489701131654,True,20260911,1,1000
MPL-discriminated,MPL,0.03,3.0,619,0.05054963629549391,0.14322570253120143,0.09267606623570751,True,20260911,1,1000
MPL-discriminated,MPL,0.03,3.0,620,0.05671658391048878,0.13739435273779266,0.08067776882730388,True,20260911,1,1000
MPL-discriminated,MPL,0.03,3.0,621,0.04853396693102321,0.14171040216550665,0.09317643523448343,True,20260911,1,1000
MPL-discriminated,MPL,0.03,3.0,622,0.0469333256486396,0.13577715351530834,0.08884382786666874,True,20260911,1,1000
MPL-discriminated,MPL,0.03,3.0,623,0.05751581101544294,0.13619384557710695,0.07867803456166401,True,20260911,1,1000
MPL-discriminated,MPL,0.03,3.0,624,0.05388472155991265,0.14102828622858188,0.08714356466866924,True,20260911,1,1000
MPL-discriminated,MPL,0.03,3.0,625,0.048219761321162666,0.14333068829200563,0.09511092697084296,True,20260911,1,1000
MPL-discriminated,MPL,0.03,3.0,626,0.04174483822969932,0.13233286861083368,0.09058803038113436,True,20260911,1,1000
MPL-discriminated,MPL,0.03,3.0,627,0.05410706281584987,0.1420197329191771,0.08791267010332723,True,20260911,1,1000
MPL-discriminated,MPL,0.03,3.0,628,0.0587251740828579,0.144514159667843,0.0857889855849851,True,20260911,1,1000
MPL-discriminated,MPL,0.03,3.0,629,0.05052432979784132,0.13741787237593361,0.08689354257809229,True,20260911,1,1000
MPL-discriminated,MPL,0.03,3.0,630,0.048608186164341274,0.13978693358071143,0.09117874741637015,True,20260911,1,1000
MPL-discriminated,MPL,0.03,3.0,631,0.06188098713498329,0.14399191090779728,0.082110923772814,True,20260911,1,1000
MPL-discriminated,MPL,0.03,3.0,632,0.04454348633647964,0.133688476142363,0.08914498980588337,True,20260911,1,1000
MPL-discriminated,MPL,0.03,3.0,633,0.04535845046372727,0.13763718145794718,0.0922787309942199,True,20260911,1,1000
MPL-discriminated,MPL,0.03,3.0,634,0.04335197767062401,0.1315549410544497,0.08820296338382569,True,20260911,1,1000
MPL-discriminated,MPL,0.03,3.0,635,0.04614561334841999,0.13800914375214696,0.09186353040372697,True,20260911,1,1000
MPL-discriminated,MPL,0.03,3.0,636,0.06730398873305767,0.14400189593672222,0.07669790720366455,True,20260911,1,1000
MPL-discriminated,MPL,0.03,3.0,637,0.05154707493473724,0.13993126056837948,0.08838418563364225,True,20260911,1,1000
MPL-discriminated,MPL,0.03,3.0,638,0.061876730125836076,0.1438504957711641,0.08197376564532802,True,20260911,1,1000
MPL-discriminated,MPL,0.03,3.0,639,0.0636504805771428,0.14052375492933195,0.07687327435218914,True,20260911,1,1000
MPL-discriminated,MPL,0.03,3.0,640,0.04531454446576582,0.13062100464578252,0.0853064601800167,True,20260911,1,1000
MPL-discriminated,MPL,0.03,3.0,641,0.056211018885256224,0.1428054389655072,0.08659442008025098,True,20260911,1,1000
MPL-discriminated,MPL,0.03,3.0,642,0.05872993493227235,0.14374816019335127,0.08501822526107891,True,20260911,1,1000
MPL-discriminated,MPL,0.03,3.0,643,0.04980825086132903,0.14042842431980085,0.09062017345847181,True,20260911,1,1000
MPL-discriminated,MPL,0.03,3.0,644,0.054069368431731296,0.14001400898858904,0.08594464055685774,True,20260911,1,1000
MPL-discriminated,MPL,0.03,3.0,645,0.04774124184916651,0.1380898909197042,0.09034864907053769,True,20260911,1,1000
MPL-discriminated,MPL,0.03,3.0,646,0.0631761150958826,0.13951921067324768,0.07634309557736509,True,20260911,1,1000
MPL-discriminated,MPL,0.03,3.0,647,0.0732055834434688,0.1474648459699022,0.0742592625264334,True,20260911,1,1000
MPL-discriminated,MPL,0.03,3.0,648,0.06313768633804961,0.13844595196030404,0.07530826562225443,True,20260911,1,1000
MPL-discriminated,MPL,0.03,3.0,649,0.059036865144242084,0.1462741541187385,0.08723728897449642,True,20260911,1,1000
MPL-discriminated,MPL,0.03,3.0,650,0.049511901410269295,0.13795216824112233,0.08844026683085304,True,20260911,1,1000
MPL-discriminated,MPL,0.03,3.0,651,0.05768366285024529,0.1410041240161992,0.0833204611659539,True,20260911,1,1000
MPL-discriminated,MPL,0.03,3.0,652,0.04494329009558718,0.13342286677825013,0.08847957668266296,True,20260911,1,1000
MPL-discriminated,MPL,0.03,3.0,653,0.05377605103466302,0.13628211563273052,0.0825060645980675,True,20260911,1,1000
MPL-discriminated,MPL,0.03,3.0,654,0.046316792152646946,0.1363859309173187,0.09006913876467176,True,20260911,1,1000
MPL-discriminated,MPL,0.03,3.0,655,0.05947601735894177,0.14236838534847301,0.08289236798953124,True,20260911,1,1000
MPL-discriminated,MPL,0.03,3.0,656,0.05962917113118826,0.14088040359108198,0.08125123245989371,True,20260911,1,1000
MPL-discriminated,MPL,0.03,3.0,657,0.06101023353592366,0.1415478678322445,0.08053763429632083,True,20260911,1,1000
MPL-discriminated,MPL,0.03,3.0,658,0.053279188928820775,0.14155375929922273,0.08827457037040196,True,20260911,1,1000
MPL-discriminated,MPL,0.03,3.0,659,0.07786668248675001,0.14386528272108898,0.06599860023433897,True,20260911,1,1000
MPL-discriminated,MPL,0.03,3.0,660,0.07096188316128522,0.1440757076505469,0.07311382448926167,True,20260911,1,1000
MPL-discriminated,MPL,0.03,3.0,661,0.04216474204624387,0.1307961569297148,0.08863141488347093,True,20260911,1,1000
MPL-discriminated,MPL,0.03,3.0,662,0.047938696834020925,0.13026420118797688,0.08232550435395596,True,20260911,1,1000
MPL-discriminated,MPL,0.03,3.0,663,0.05221593461694632,0.1381993866460814,0.08598345202913507,True,20260911,1,1000
MPL-discriminated,MPL,0.03,3.0,664,0.05621339623119167,0.136327576739193,0.08011418050800131,True,20260911,1,1000
MPL-discriminated,MPL,0.03,3.0,665,0.04734980721386075,0.13352575218975657,0.08617594497589581,True,20260911,1,1000
MPL-discriminated,MPL,0.03,3.0,666,0.04926197838526666,0.1383913792606044,0.08912940087533774,True,20260911,1,1000
MPL-discriminated,MPL,0.03,3.0,667,0.04361893813284948,0.13884284915373496,0.09522391102088548,True,20260911,1,1000
MPL-discriminated,MPL,0.03,3.0,668,0.04777505667853833,0.13773943948037143,0.0899643828018331,True,20260911,1,1000
MPL-discriminated,MPL,0.03,3.0,669,0.05040386719377127,0.13573697692994616,0.08533310973617489,True,20260911,1,1000
MPL-discriminated,MPL,0.03,3.0,670,0.05088948215156836,0.13812480961322357,0.08723532746165522,True,20260911,1,1000
MPL-discriminated,MPL,0.03,3.0,671,0.05197336509672333,0.14311820251519158,0.09114483741846825,True,20260911,1,1000
MPL-discriminated,MPL,0.03,3.0,672,0.06296524707999568,0.14073241734566166,0.07776717026566599,True,20260911,1,1000
MPL-discriminated,MPL,0.03,3.0,673,0.04722705481961588,0.137671583733179,0.09044452891356312,True,20260911,1,1000
MPL-discriminated,MPL,0.03,3.0,674,0.05605844912271652,0.13862009859769645,0.08256164947497993,True,20260911,1,1000
MPL-discriminated,MPL,0.03,3.0,675,0.06075172269688406,0.14025183853952602,0.07950011584264197,True,20260911,1,1000
MPL-discriminated,MPL,0.03,3.0,676,0.043476200048629475,0.14059408475012639,0.0971178847014969,True,20260911,1,1000
MPL-discriminated,MPL,0.03,3.0,677,0.04379764754572405,0.134191386483191,0.09039373893746697,True,20260911,1,1000
MPL-discriminated,MPL,0.03,3.0,678,0.04936001009404311,0.13613338548555182,0.0867733753915087,True,20260911,1,1000
MPL-discriminated,MPL,0.03,3.0,679,0.054641174939563,0.136970325712733,0.08232915077316999,True,20260911,1,1000
MPL-discriminated,MPL,0.03,3.0,680,0.0625312287613209,0.14429454280453202,0.08176331404321112,True,20260911,1,1000
MPL-discriminated,MPL,0.03,3.0,681,0.07274490593939892,0.14784602944809008,0.07510112350869116,True,20260911,1,1000
MPL-discriminated,MPL,0.03,3.0,682,0.0508119001336676,0.1394353567625527,0.0886234566288851,True,20260911,1,1000
MPL-discriminated,MPL,0.03,3.0,683,0.05122458663868338,0.13182160367882872,0.08059701704014535,True,20260911,1,1000
MPL-discriminated,MPL,0.03,3.0,684,0.060681220044757865,0.14283494824765103,0.08215372820289316,True,20260911,1,1000
MPL-discriminated,MPL,0.03,3.0,685,0.04513465393528234,0.13492434967827696,0.08978969574299461,True,20260911,1,1000
MPL-discriminated,MPL,0.03,3.0,686,0.05145862661847566,0.13908723732230893,0.08762861070383327,True,20260911,1,1000
MPL-discriminated,MPL,0.03,3.0,687,0.05857084990933808,0.1394166614497928,0.08084581154045473,True,20260911,1,1000
MPL-discriminated,MPL,0.03,3.0,688,0.051790541515071745,0.14119739977917023,0.08940685826409848,True,20260911,1,1000
MPL-discriminated,MPL,0.03,3.0,689,0.06413227732445032,0.1418716207521024,0.0777393434276521,True,20260911,1,1000
MPL-discriminated,MPL,0.03,3.0,690,0.06649214042626041,0.14334777519556863,0.07685563476930822,True,20260911,1,1000
MPL-discriminated,MPL,0.03,3.0,691,0.05759172369021909,0.14222822600403207,0.08463650231381298,True,20260911,1,1000
MPL-discriminated,MPL,0.03,3.0,692,0.05072650200120647,0.13915375054220755,0.08842724854100108,True,20260911,1,1000
MPL-discriminated,MPL,0.03,3.0,693,0.060395443516986586,0.14356708237872554,0.08317163886173895,True,20260911,1,1000
MPL-discriminated,MPL,0.03,3.0,694,0.0457337200165707,0.13866498975871097,0.09293126974214028,True,20260911,1,1000
MPL-discriminated,MPL,0.03,3.0,695,0.07368415816217005,0.14287226393232155,0.0691881057701515,True,20260911,1,1000
MPL-discriminated,MPL,0.03,3.0,696,0.0519642839402805,0.1351086826994513,0.08314439875917082,True,20260911,1,1000
MPL-discriminated,MPL,0.03,3.0,697,0.060418980937282735,0.1390560888969574,0.07863710795967466,True,20260911,1,1000
MPL-discriminated,MPL,0.03,3.0,698,0.05101597241727917,0.13708990301469426,0.08607393059741508,True,20260911,1,1000
MPL-discriminated,MPL,0.03,3.0,699,0.04384249757747035,0.13558132155954347,0.09173882398207311,True,20260911,1,1000
MPL-discriminated,MPL,0.03,3.0,700,0.0603934103001727,0.13627787465734498,0.07588446435717228,True,20260911,1,1000
MPL-discriminated,MPL,0.03,3.0,701,0.057806339356272406,0.13685056515205257,0.07904422579578016,True,20260911,1,1000
MPL-discriminated,MPL,0.03,3.0,702,0.05596619051559411,0.1367750842619535,0.0808088937463594,True,20260911,1,1000
MPL-discriminated,MPL,0.03,3.0,703,0.049948473308000424,0.1399912140036893,0.09004274069568888,True,20260911,1,1000
MPL-discriminated,MPL,0.03,3.0,704,0.045535237832886835,0.1376931385556014,0.09215790072271456,True,20260911,1,1000
MPL-discriminated,MPL,0.03,3.0,705,0.06246044004227369,0.14502226824967787,0.08256182820740418,True,20260911,1,1000
MPL-discriminated,MPL,0.03,3.0,706,0.05082994958203414,0.1363804980468479,0.08555054846481376,True,20260911,1,1000
MPL-discriminated,MPL,0.03,3.0,707,0.06384298644133184,0.14630004909817246,0.08245706265684062,True,20260911,1,1000
MPL-discriminated,MPL,0.03,3.0,708,0.05336626557914177,0.14032139264739094,0.08695512706824916,True,20260911,1,1000
MPL-discriminated,MPL,0.03,3.0,709,0.055557749522388136,0.13971222745317585,0.08415447793078772,True,20260911,1,1000
MPL-discriminated,MPL,0.03,3.0,710,0.05464151513199993,0.13793398741792706,0.08329247228592712,True,20260911,1,1000
MPL-discriminated,MPL,0.03,3.0,711,0.052885789418049244,0.13881134429473435,0.0859255548766851,True,20260911,1,1000
MPL-discriminated,MPL,0.03,3.0,712,0.04593371673159363,0.13661577288205112,0.09068205615045749,True,20260911,1,1000
MPL-discriminated,MPL,0.03,3.0,713,0.06772875979745129,0.14518843295606867,0.07745967315861739,True,20260911,1,1000
MPL-discriminated,MPL,0.03,3.0,714,0.05701763175585613,0.13775953198832336,0.08074190023246723,True,20260911,1,1000
MPL-discriminated,MPL,0.03,3.0,715,0.07019501438349068,0.1413518020775655,0.07115678769407482,True,20260911,1,1000
MPL-discriminated,MPL,0.03,3.0,716,0.06207076149624135,0.1386564053861053,0.07658564388986394,True,20260911,1,1000
MPL-discriminated,MPL,0.03,3.0,717,0.049205411878503,0.13989938582963143,0.09069397395112844,True,20260911,1,1000
MPL-discriminated,MPL,0.03,3.0,718,0.06298618783155739,0.1437769580435086,0.0807907702119512,True,20260911,1,1000
MPL-discriminated,MPL,0.03,3.0,719,0.04563924782499121,0.13928549201445511,0.0936462441894639,True,20260911,1,1000
MPL-discriminated,MPL,0.03,3.0,720,0.05702830008513209,0.13697537364749762,0.07994707356236552,True,20260911,1,1000
MPL-discriminated,MPL,0.03,3.0,721,0.0451063443621113,0.13595664514245356,0.09085030078034226,True,20260911,1,1000
MPL-discriminated,MPL,0.03,3.0,722,0.06688167646335573,0.14520277545234622,0.07832109898899049,True,20260911,1,1000
MPL-discriminated,MPL,0.03,3.0,723,0.04623844854383105,0.1333343721710972,0.08709592362726615,True,20260911,1,1000
MPL-discriminated,MPL,0.03,3.0,724,0.058713102375142566,0.13866399333572318,0.07995089096058061,True,20260911,1,1000
MPL-discriminated,MPL,0.03,3.0,725,0.05347505710669227,0.1378057519510201,0.08433069484432783,True,20260911,1,1000
MPL-discriminated,MPL,0.03,3.0,726,0.06070766822922925,0.13450925875147576,0.07380159052224651,True,20260911,1,1000
MPL-discriminated,MPL,0.03,3.0,727,0.05276481687980157,0.13905522617180222,0.08629040929200064,True,20260911,1,1000
MPL-discriminated,MPL,0.03,3.0,728,0.043482462853613665,0.13636070087753752,0.09287823802392385,True,20260911,1,1000
MPL-discriminated,MPL,0.03,3.0,729,0.05424880046402766,0.13668273030255448,0.08243392983852682,True,20260911,1,1000
MPL-discriminated,MPL,0.03,3.0,730,0.047841560603055416,0.1369626780221207,0.08912111741906528,True,20260911,1,1000
MPL-discriminated,MPL,0.03,3.0,731,0.0568485303224763,0.1350428080342162,0.0781942777117399,True,20260911,1,1000
MPL-discriminated,MPL,0.03,3.0,732,0.06353178276426401,0.13908832203498928,0.07555653927072527,True,20260911,1,1000
MPL-discriminated,MPL,0.03,3.0,733,0.05309989258420718,0.13855140252955025,0.08545150994534308,True,20260911,1,1000
MPL-discriminated,MPL,0.03,3.0,734,0.05404200105198523,0.1388810294695367,0.08483902841755148,True,20260911,1,1000
MPL-discriminated,MPL,0.03,3.0,735,0.05184239563780453,0.13640355257883924,0.0845611569410347,True,20260911,1,1000
MPL-discriminated,MPL,0.03,3.0,736,0.05559307590800098,0.14015433018029225,0.08456125427229128,True,20260911,1,1000
MPL-discriminated,MPL,0.03,3.0,737,0.04130482348944604,0.13798918198755486,0.09668435849810883,True,20260911,1,1000
MPL-discriminated,MPL,0.03,3.0,738,0.0643065591570299,0.14206416457786197,0.07775760542083207,True,20260911,1,1000
MPL-discriminated,MPL,0.03,3.0,739,0.07096427725563581,0.14272319149773802,0.0717589142421022,True,20260911,1,1000
MPL-discriminated,MPL,0.03,3.0,740,0.04556664726121346,0.13999834324825852,0.09443169598704507,True,20260911,1,1000
MPL-discriminated,MPL,0.03,3.0,741,0.04601969730361066,0.1358034913319956,0.08978379402838493,True,20260911,1,1000
MPL-discriminated,MPL,0.03,3.0,742,0.06196959003773479,0.1378553030051974,0.07588571296746262,True,20260911,1,1000
MPL-discriminated,MPL,0.03,3.0,743,0.05195139848257222,0.14204351420457326,0.09009211572200104,True,20260911,1,1000
MPL-discriminated,MPL,0.03,3.0,744,0.04361496286848338,0.1379238717670778,0.09430890889859442,True,20260911,1,1000
MPL-discriminated,MPL,0.03,3.0,745,0.052170724732366204,0.14178962621064833,0.08961890147828214,True,20260911,1,1000
MPL-discriminated,MPL,0.03,3.0,746,0.05104142436270327,0.13703566506186207,0.0859942406991588,True,20260911,1,1000
MPL-discriminated,MPL,0.03,3.0,747,0.057836891673689314,0.1420035900091358,0.08416669833544647,True,20260911,1,1000
MPL-discriminated,MPL,0.03,3.0,748,0.04934822365175238,0.13527699361124382,0.08592876995949145,True,20260911,1,1000
MPL-discriminated,MPL,0.03,3.0,749,0.04648200863097023,0.13402808005480338,0.08754607142383314,True,20260911,1,1000
MPL-discriminated,MPL,0.03,3.0,750,0.04995487455242021,0.13885864190376462,0.08890376735134442,True,20260911,1,1000
MPL-discriminated,MPL,0.03,3.0,751,0.04649292742678028,0.13785527613502538,0.0913623487082451,True,20260911,1,1000
MPL-discriminated,MPL,0.03,3.0,752,0.04936731431497344,0.13726716809240147,0.08789985377742804,True,20260911,1,1000
MPL-discriminated,MPL,0.03,3.0,753,0.04563136200200362,0.1354353362740345,0.08980397427203088,True,20260911,1,1000
MPL-discriminated,MPL,0.03,3.0,754,0.04584808025445611,0.13928645784567495,0.09343837759121884,True,20260911,1,1000
MPL-discriminated,MPL,0.03,3.0,755,0.04454600690254894,0.13787329448175006,0.09332728757920113,True,20260911,1,1000
MPL-discriminated,MPL,0.03,3.0,756,0.048615287093176904,0.1416099806280076,0.09299469353483068,True,20260911,1,1000
MPL-discriminated,MPL,0.03,3.0,757,0.06767365344028183,0.14498110770368955,0.07730745426340772,True,20260911,1,1000
MPL-discriminated,MPL,0.03,3.0,758,0.04771079163077726,0.1348396421757833,0.08712885054500602,True,20260911,1,1000
MPL-discriminated,MPL,0.03,3.0,759,0.05833866297885733,0.14187400753974888,0.08353534456089155,True,20260911,1,1000
MPL-discriminated,MPL,0.03,3.0,760,0.05256565635392109,0.13899421257947006,0.08642855622554897,True,20260911,1,1000
MPL-discriminated,MPL,0.03,3.0,761,0.06060531027856823,0.14287417929480464,0.08226886901623642,True,20260911,1,1000
MPL-discriminated,MPL,0.03,3.0,762,0.060370283616572054,0.13832984496141634,0.07795956134484429,True,20260911,1,1000
MPL-discriminated,MPL,0.03,3.0,763,0.08061733686353383,0.1478415465666688,0.06722420970313499,True,20260911,1,1000
MPL-discriminated,MPL,0.03,3.0,764,0.056522191920828815,0.13846410437983275,0.08194191245900394,True,20260911,1,1000
MPL-discriminated,MPL,0.03,3.0,765,0.05310453075484393,0.13809638063573773,0.08499184988089381,True,20260911,1,1000
MPL-discriminated,MPL,0.03,3.0,766,0.05586254769764425,0.13727504256936812,0.08141249487172386,True,20260911,1,1000
MPL-discriminated,MPL,0.03,3.0,767,0.058406329824026444,0.13751479928443106,0.07910846946040462,True,20260911,1,1000
MPL-discriminated,MPL,0.03,3.0,768,0.060603041960119626,0.1410841170885396,0.08048107512841998,True,20260911,1,1000
MPL-discriminated,MPL,0.03,3.0,769,0.05603431796024354,0.14263642842450264,0.0866021104642591,True,20260911,1,1000
MPL-discriminated,MPL,0.03,3.0,770,0.052679386429338726,0.1387185259374884,0.08603913950814968,True,20260911,1,1000
MPL-discriminated,MPL,0.03,3.0,771,0.06108752313654341,0.13952735657485768,0.07843983343831426,True,20260911,1,1000
MPL-discriminated,MPL,0.03,3.0,772,0.05380266272392877,0.1412467817423754,0.08744411901844662,True,20260911,1,1000
MPL-discriminated,MPL,0.03,3.0,773,0.07226374242227815,0.14870576336986693,0.07644202094758878,True,20260911,1,1000
MPL-discriminated,MPL,0.03,3.0,774,0.04298840977118031,0.13183587107834982,0.0888474613071695,True,20260911,1,1000
MPL-discriminated,MPL,0.03,3.0,775,0.053738350483577314,0.13839019184097479,0.08465184135739748,True,20260911,1,1000
MPL-discriminated,MPL,0.03,3.0,776,0.05328129921401457,0.13867487373906381,0.08539357452504925,True,20260911,1,1000
MPL-discriminated,MPL,0.03,3.0,777,0.055330238150300984,0.13447721791723585,0.07914697976693487,True,20260911,1,1000
MPL-discriminated,MPL,0.03,3.0,778,0.04630164172221061,0.13552528101771819,0.08922363929550758,True,20260911,1,1000
MPL-discriminated,MPL,0.03,3.0,779,0.055142531366917054,0.13769502850260507,0.08255249713568802,True,20260911,1,1000
MPL-discriminated,MPL,0.03,3.0,780,0.04541680231465134,0.1368936149640082,0.09147681264935686,True,20260911,1,1000
MPL-discriminated,MPL,0.03,3.0,781,0.051012307453776086,0.1383063112641327,0.08729400381035662,True,20260911,1,1000
MPL-discriminated,MPL,0.03,3.0,782,0.057092720525704785,0.14336959422977666,0.08627687370407187,True,20260911,1,1000
MPL-discriminated,MPL,0.03,3.0,783,0.04543447410188926,0.1394711674398497,0.09403669333796043,True,20260911,1,1000
MPL-discriminated,MPL,0.03,3.0,784,0.04254983855152274,0.1374805151151222,0.09493067656359945,True,20260911,1,1000
MPL-discriminated,MPL,0.03,3.0,785,0.056843867544103185,0.1436875209390197,0.08684365339491652,True,20260911,1,1000
MPL-discriminated,MPL,0.03,3.0,786,0.04504134724833858,0.1361447538807756,0.09110340663243702,True,20260911,1,1000
MPL-discriminated,MPL,0.03,3.0,787,0.05096618871577342,0.1363786018843024,0.08541241316852898,True,20260911,1,1000
MPL-discriminated,MPL,0.03,3.0,788,0.05085303993797718,0.14460265153067164,0.09374961159269446,True,20260911,1,1000
MPL-discriminated,MPL,0.03,3.0,789,0.046478916687191146,0.13928184017900608,0.09280292349181493,True,20260911,1,1000
MPL-discriminated,MPL,0.03,3.0,790,0.05339840883631519,0.14351015333218758,0.09011174449587239,True,20260911,1,1000
MPL-discriminated,MPL,0.03,3.0,791,0.0419995022579373,0.13761809729059107,0.09561859503265377,True,20260911,1,1000
MPL-discriminated,MPL,0.03,3.0,792,0.05692859577366902,0.1411705154015371,0.08424191962786809,True,20260911,1,1000
MPL-discriminated,MPL,0.03,3.0,793,0.05629594988318946,0.1396320866647798,0.08333613678159035,True,20260911,1,1000
MPL-discriminated,MPL,0.03,3.0,794,0.048474145887027184,0.13728111838396667,0.08880697249693949,True,20260911,1,1000
MPL-discriminated,MPL,0.03,3.0,795,0.0576375104448697,0.14143016070911016,0.08379265026424046,True,20260911,1,1000
MPL-discriminated,MPL,0.03,3.0,796,0.054959076588937845,0.13715313074313853,0.0821940541542007,True,20260911,1,1000
MPL-discriminated,MPL,0.03,3.0,797,0.04221307784791218,0.13279211643263716,0.09057903858472499,True,20260911,1,1000
MPL-discriminated,MPL,0.03,3.0,798,0.059099146061573855,0.14101477416354277,0.08191562810196892,True,20260911,1,1000
MPL-discriminated,MPL,0.03,3.0,799,0.05757998766864964,0.1384999837735816,0.08091999610493197,True,20260911,1,1000
MPL-discriminated,MPL,0.03,3.0,800,0.047534848389230805,0.1371038653752166,0.0895690169859858,True,20260911,1,1000
MPL-discriminated,MPL,0.03,3.0,801,0.06424470256414327,0.13799885591709313,0.07375415335294985,True,20260911,1,1000
MPL-discriminated,MPL,0.03,3.0,802,0.04922228414207926,0.13284187019712518,0.08361958605504591,True,20260911,1,1000
MPL-discriminated,MPL,0.03,3.0,803,0.09104571026771212,0.1533811358268492,0.062335425559137084,True,20260911,1,1000
MPL-discriminated,MPL,0.03,3.0,804,0.06276299876999916,0.14304593408191435,0.08028293531191519,True,20260911,1,1000
MPL-discriminated,MPL,0.03,3.0,805,0.06708609518770604,0.14326609670486082,0.07618000151715477,True,20260911,1,1000
MPL-discriminated,MPL,0.03,3.0,806,0.07552425211746838,0.1449796968515623,0.06945544473409393,True,20260911,1,1000
MPL-discriminated,MPL,0.03,3.0,807,0.05249346501539223,0.13877001854340965,0.08627655352801741,True,20260911,1,1000
MPL-discriminated,MPL,0.03,3.0,808,0.07022837856218801,0.1443674331236236,0.07413905456143559,True,20260911,1,1000
MPL-discriminated,MPL,0.03,3.0,809,0.046350534277764116,0.13439191608569634,0.08804138180793222,True,20260911,1,1000
MPL-discriminated,MPL,0.03,3.0,810,0.047196012199275425,0.13553477766910083,0.0883387654698254,True,20260911,1,1000
MPL-discriminated,MPL,0.03,3.0,811,0.0553023121195187,0.13917930148445284,0.08387698936493415,True,20260911,1,1000
MPL-discriminated,MPL,0.03,3.0,812,0.05176021392932604,0.1357107554962223,0.08395054156689627,True,20260911,1,1000
MPL-discriminated,MPL,0.03,3.0,813,0.045592437215340606,0.1339527591612254,0.08836032194588479,True,20260911,1,1000
MPL-discriminated,MPL,0.03,3.0,814,0.053615098550453474,0.1354921897917632,0.08187709124130972,True,20260911,1,1000
MPL-discriminated,MPL,0.03,3.0,815,0.05785198323912126,0.1398115420200495,0.08195955878092824,True,20260911,1,1000
MPL-discriminated,MPL,0.03,3.0,816,0.05066423952472984,0.1358629387532253,0.08519869922849546,True,20260911,1,1000
MPL-discriminated,MPL,0.03,3.0,817,0.04690706434873889,0.13756884067118158,0.09066177632244268,True,20260911,1,1000
MPL-discriminated,MPL,0.03,3.0,818,0.06461909059147285,0.13879139329044146,0.07417230269896861,True,20260911,1,1000
MPL-discriminated,MPL,0.03,3.0,819,0.055326149662379774,0.1389485472584651,0.08362239759608531,True,20260911,1,1000
MPL-discriminated,MPL,0.03,3.0,820,0.04459972663487017,0.137962918936537,0.09336319230166684,True,20260911,1,1000
MPL-discriminated,MPL,0.03,3.0,821,0.09150584800607742,0.15798076618449286,0.06647491817841544,True,20260911,1,1000
MPL-discriminated,MPL,0.03,3.0,822,0.04812198566898495,0.13578469140730567,0.08766270573832072,True,20260911,1,1000
MPL-discriminated,MPL,0.03,3.0,823,0.06939757989432979,0.14531625485214214,0.07591867495781235,True,20260911,1,1000
MPL-discriminated,MPL,0.03,3.0,824,0.05795131777028451,0.1400352279620162,0.0820839101917317,True,20260911,1,1000
MPL-discriminated,MPL,0.03,3.0,825,0.06843228203751128,0.14484018948588503,0.07640790744837375,True,20260911,1,1000
MPL-discriminated,MPL,0.03,3.0,826,0.05196832294585348,0.13275854161769093,0.08079021867183744,True,20260911,1,1000
MPL-discriminated,MPL,0.03,3.0,827,0.06435599291847695,0.13880983086480667,0.07445383794632972,True,20260911,1,1000
MPL-discriminated,MPL,0.03,3.0,828,0.04436534628124694,0.13970185423318066,0.09533650795193371,True,20260911,1,1000
MPL-discriminated,MPL,0.03,3.0,829,0.047391635868254144,0.1368385098134783,0.08944687394522416,True,20260911,1,1000
MPL-discriminated,MPL,0.03,3.0,830,0.056069643484669154,0.14035081621887693,0.08428117273420778,True,20260911,1,1000
MPL-discriminated,MPL,0.03,3.0,831,0.05611084673819993,0.1429174014272768,0.08680655468907686,True,20260911,1,1000
MPL-discriminated,MPL,0.03,3.0,832,0.04908564295329978,0.13305571131607044,0.08397006836277066,True,20260911,1,1000
MPL-discriminated,MPL,0.03,3.0,833,0.05815484508744356,0.14059407363424656,0.082439228546803,True,20260911,1,1000
MPL-discriminated,MPL,0.03,3.0,834,0.04541751332519122,0.13815006181100148,0.09273254848581025,True,20260911,1,1000
MPL-discriminated,MPL,0.03,3.0,835,0.056912327477340575,0.13815501408212466,0.08124268660478409,True,20260911,1,1000
MPL-discriminated,MPL,0.03,3.0,836,0.040022335452786155,0.1379387335621492,0.09791639810936303,True,20260911,1,1000
MPL-discriminated,MPL,0.03,3.0,837,0.058050048078770136,0.14041651619575635,0.08236646811698621,True,20260911,1,1000
MPL-discriminated,MPL,0.03,3.0,838,0.043380809586982795,0.13403503665421393,0.09065422706723114,True,20260911,1,1000
MPL-discriminated,MPL,0.03,3.0,839,0.049504125454444464,0.13546407803847568,0.08595995258403122,True,20260911,1,1000
MPL-discriminated,MPL,0.03,3.0,840,0.04383859234829327,0.1311141273570655,0.08727553500877225,True,20260911,1,1000
MPL-discriminated,MPL,0.03,3.0,841,0.05249707907956589,0.13934317863080348,0.0868460995512376,True,20260911,1,1000
MPL-discriminated,MPL,0.03,3.0,842,0.06612958441749221,0.1400306841874877,0.0739010997699955,True,20260911,1,1000
MPL-discriminated,MPL,0.03,3.0,843,0.04281044203006943,0.13509384900105434,0.09228340697098492,True,20260911,1,1000
MPL-discriminated,MPL,0.03,3.0,844,0.053643117440966934,0.13969110323833678,0.08604798579736984,True,20260911,1,1000
MPL-discriminated,MPL,0.03,3.0,845,0.05361208852563614,0.14032746049324055,0.0867153719676044,True,20260911,1,1000
MPL-discriminated,MPL,0.03,3.0,846,0.04727025227645949,0.13657937054173033,0.08930911826527084,True,20260911,1,1000
MPL-discriminated,MPL,0.03,3.0,847,0.05532413084644958,0.14027365351113041,0.08494952266468084,True,20260911,1,1000
MPL-discriminated,MPL,0.03,3.0,848,0.061859244013872314,0.14237528250507475,0.08051603849120244,True,20260911,1,1000
MPL-discriminated,MPL,0.03,3.0,849,0.05538526594774798,0.14214578712394962,0.08676052117620164,True,20260911,1,1000
MPL-discriminated,MPL,0.03,3.0,850,0.04951736627376935,0.13782192267174995,0.0883045563979806,True,20260911,1,1000
MPL-discriminated,MPL,0.03,3.0,851,0.05158762749747996,0.1400209650216882,0.08843333752420825,True,20260911,1,1000
MPL-discriminated,MPL,0.03,3.0,852,0.05907402053264004,0.13328568264194723,0.07421166210930719,True,20260911,1,1000
MPL-discriminated,MPL,0.03,3.0,853,0.051625895474288225,0.138984805629445,0.08735891015515679,True,20260911,1,1000
MPL-discriminated,MPL,0.03,3.0,854,0.042399890412982644,0.1350415617825378,0.09264167136955515,True,20260911,1,1000
MPL-discriminated,MPL,0.03,3.0,855,0.06475125907139445,0.14163959948559474,0.07688834041420028,True,20260911,1,1000
MPL-discriminated,MPL,0.03,3.0,856,0.05630363407831209,0.14170157348759285,0.08539793940928075,True,20260911,1,1000
MPL-discriminated,MPL,0.03,3.0,857,0.05268880259310396,0.1401530236136923,0.08746422102058835,True,20260911,1,1000
MPL-discriminated,MPL,0.03,3.0,858,0.04362021953500353,0.1379728925409048,0.09435267300590128,True,20260911,1,1000
MPL-discriminated,MPL,0.03,3.0,859,0.05513468748972423,0.1391275387877245,0.08399285129800027,True,20260911,1,1000
MPL-discriminated,MPL,0.03,3.0,860,0.05617233397289462,0.14514528512934813,0.08897295115645351,True,20260911,1,1000
MPL-discriminated,MPL,0.03,3.0,861,0.04826892876060777,0.13718386538395566,0.0889149366233479,True,20260911,1,1000
MPL-discriminated,MPL,0.03,3.0,862,0.05170549396852885,0.13769793823777327,0.0859924442692444,True,20260911,1,1000
MPL-discriminated,MPL,0.03,3.0,863,0.059838727276569824,0.14061928003294533,0.0807805527563755,True,20260911,1,1000
MPL-discriminated,MPL,0.03,3.0,864,0.04332212530832336,0.13433941678219863,0.09101729147387527,True,20260911,1,1000
MPL-discriminated,MPL,0.03,3.0,865,0.05949750893364153,0.13987745617962852,0.08037994724598699,True,20260911,1,1000
MPL-discriminated,MPL,0.03,3.0,866,0.05954928751026968,0.14001753589823077,0.08046824838796109,True,20260911,1,1000
MPL-discriminated,MPL,0.03,3.0,867,0.046480762109605465,0.13703086078630664,0.09055009867670116,True,20260911,1,1000
MPL-discriminated,MPL,0.03,3.0,868,0.044822963973833646,0.13410056855993888,0.08927760458610523,True,20260911,1,1000
MPL-discriminated,MPL,0.03,3.0,869,0.0461335409181664,0.13700404959040885,0.09087050867224244,True,20260911,1,1000
MPL-discriminated,MPL,0.03,3.0,870,0.0566964272655571,0.1373188064121573,0.0806223791466002,True,20260911,1,1000
MPL-discriminated,MPL,0.03,3.0,871,0.046089557196893165,0.13664952763343274,0.09055997043653957,True,20260911,1,1000
MPL-discriminated,MPL,0.03,3.0,872,0.05403720938567373,0.1384546109711364,0.08441740158546267,True,20260911,1,1000
MPL-discriminated,MPL,0.03,3.0,873,0.05670058615724109,0.14035376720295356,0.08365318104571247,True,20260911,1,1000
MPL-discriminated,MPL,0.03,3.0,874,0.054937690013622545,0.14018471795983228,0.08524702794620974,True,20260911,1,1000
MPL-discriminated,MPL,0.03,3.0,875,0.0571412031528833,0.13993268577443327,0.08279148262154998,True,20260911,1,1000
MPL-discriminated,MPL,0.03,3.0,876,0.04330757748533508,0.13524749222763,0.09193991474229492,True,20260911,1,1000
MPL-discriminated,MPL,0.03,3.0,877,0.06737477176322068,0.1405288228241777,0.07315405106095701,True,20260911,1,1000
MPL-discriminated,MPL,0.03,3.0,878,0.07091091632548435,0.14644900786308007,0.07553809153759572,True,20260911,1,1000
MPL-discriminated,MPL,0.03,3.0,879,0.04707268256213522,0.13811667972957917,0.09104399716744395,True,20260911,1,1000
MPL-discriminated,MPL,0.03,3.0,880,0.07429402453317008,0.14785600232527116,0.07356197779210108,True,20260911,1,1000
MPL-discriminated,MPL,0.03,3.0,881,0.05319587278625157,0.14128895606263575,0.08809308327638418,True,20260911,1,1000
MPL-discriminated,MPL,0.03,3.0,882,0.05805833963579869,0.13957774550750598,0.08151940587170729,True,20260911,1,1000
MPL-discriminated,MPL,0.03,3.0,883,0.049717625259952956,0.13931920854383215,0.08960158328387918,True,20260911,1,1000
MPL-discriminated,MPL,0.03,3.0,884,0.045836066029734245,0.1342201465404046,0.08838408051067034,True,20260911,1,1000
MPL-discriminated,MPL,0.03,3.0,885,0.05535960327255757,0.14337656917372016,0.08801696590116259,True,20260911,1,1000
MPL-discriminated,MPL,0.03,3.0,886,0.05784733426900264,0.14071492003494993,0.08286758576594729,True,20260911,1,1000
MPL-discriminated,MPL,0.03,3.0,887,0.05988117623998226,0.14209409361198364,0.08221291737200137,True,20260911,1,1000
MPL-discriminated,MPL,0.03,3.0,888,0.04921183539446869,0.13746984921943403,0.08825801382496534,True,20260911,1,1000
MPL-discriminated,MPL,0.03,3.0,889,0.04822128499899582,0.1374948289182316,0.08927354391923577,True,20260911,1,1000
MPL-discriminated,MPL,0.03,3.0,890,0.0515374435170298,0.14148634973012422,0.08994890621309443,True,20260911,1,1000
MPL-discriminated,MPL,0.03,3.0,891,0.04556561831975388,0.13602684683926192,0.09046122851950804,True,20260911,1,1000
MPL-discriminated,MPL,0.03,3.0,892,0.05029336105598475,0.1351862095245715,0.08489284846858675,True,20260911,1,1000
MPL-discriminated,MPL,0.03,3.0,893,0.050072729545306165,0.13873653030936123,0.08866380076405506,True,20260911,1,1000
MPL-discriminated,MPL,0.03,3.0,894,0.045948473904495524,0.13534647469973585,0.08939800079524032,True,20260911,1,1000
MPL-discriminated,MPL,0.03,3.0,895,0.042947307915126624,0.13921365467850527,0.09626634676337864,True,20260911,1,1000
MPL-discriminated,MPL,0.03,3.0,896,0.05229341189175277,0.14003048045310154,0.08773706856134877,True,20260911,1,1000
MPL-discriminated,MPL,0.03,3.0,897,0.07667336047078711,0.14929882288934954,0.07262546241856242,True,20260911,1,1000
MPL-discriminated,MPL,0.03,3.0,898,0.044036578538233714,0.13242451175774872,0.088387933219515,True,20260911,1,1000
MPL-discriminated,MPL,0.03,3.0,899,0.041007706169858514,0.1317619851701464,0.09075427900028787,True,20260911,1,1000
MPL-discriminated,MPL,0.03,3.0,900,0.052912469995278114,0.13864067912682998,0.08572820913155187,True,20260911,1,1000
MPL-discriminated,MPL,0.03,3.0,901,0.05437919293924507,0.13241384540181605,0.07803465246257099,True,20260911,1,1000
MPL-discriminated,MPL,0.03,3.0,902,0.06615835014395981,0.14440901341769483,0.07825066327373502,True,20260911,1,1000
MPL-discriminated,MPL,0.03,3.0,903,0.05007346045438618,0.13508563711889482,0.08501217666450864,True,20260911,1,1000
MPL-discriminated,MPL,0.03,3.0,904,0.07263018292445486,0.14595519994357278,0.07332501701911792,True,20260911,1,1000
MPL-discriminated,MPL,0.03,3.0,905,0.05804102907736708,0.13720052995877152,0.07915950088140444,True,20260911,1,1000
MPL-discriminated,MPL,0.03,3.0,906,0.051029297202693794,0.1356910184529052,0.08466172125021142,True,20260911,1,1000
MPL-discriminated,MPL,0.03,3.0,907,0.04572016488653504,0.13660629148263978,0.09088612659610473,True,20260911,1,1000
MPL-discriminated,MPL,0.03,3.0,908,0.044368693896349044,0.1350233651723436,0.09065467127599455,True,20260911,1,1000
MPL-discriminated,MPL,0.03,3.0,909,0.05695126533343279,0.14087082882883464,0.08391956349540186,True,20260911,1,1000
MPL-discriminated,MPL,0.03,3.0,910,0.051865273769832965,0.1387410505001136,0.08687577673028063,True,20260911,1,1000
MPL-discriminated,MPL,0.03,3.0,911,0.05723369260503797,0.1399763686920129,0.08274267608697494,True,20260911,1,1000
MPL-discriminated,MPL,0.03,3.0,912,0.05429012979535843,0.13752706630905542,0.08323693651369699,True,20260911,1,1000
MPL-discriminated,MPL,0.03,3.0,913,0.05420750908454503,0.13652318067937427,0.08231567159482925,True,20260911,1,1000
MPL-discriminated,MPL,0.03,3.0,914,0.06067343338985593,0.1431928401650415,0.08251940677518557,True,20260911,1,1000
MPL-discriminated,MPL,0.03,3.0,915,0.06052369941110872,0.13700218976224715,0.07647849035113843,True,20260911,1,1000
MPL-discriminated,MPL,0.03,3.0,916,0.06054839756872695,0.13946329592864767,0.07891489835992072,True,20260911,1,1000
MPL-discriminated,MPL,0.03,3.0,917,0.04353551656377081,0.13555880576072468,0.09202328919695388,True,20260911,1,1000
MPL-discriminated,MPL,0.03,3.0,918,0.062157214451995686,0.14379645878555872,0.08163924433356304,True,20260911,1,1000
MPL-discriminated,MPL,0.03,3.0,919,0.04784662517492131,0.1414694511730909,0.0936228259981696,True,20260911,1,1000
MPL-discriminated,MPL,0.03,3.0,920,0.04331337946694632,0.1350590071391557,0.09174562767220937,True,20260911,1,1000
MPL-discriminated,MPL,0.03,3.0,921,0.03788723450066703,0.13409611670812538,0.09620888220745835,True,20260911,1,1000
MPL-discriminated,MPL,0.03,3.0,922,0.050014881777338406,0.13758342837321366,0.08756854659587526,True,20260911,1,1000
MPL-discriminated,MPL,0.03,3.0,923,0.05089943631632828,0.13544809213138242,0.08454865581505414,True,20260911,1,1000
MPL-discriminated,MPL,0.03,3.0,924,0.06211336169618937,0.1426778528299541,0.08056449113376474,True,20260911,1,1000
MPL-discriminated,MPL,0.03,3.0,925,0.05402962527953948,0.14362618649271755,0.08959656121317808,True,20260911,1,1000
MPL-discriminated,MPL,0.03,3.0,926,0.043400654913234624,0.13551581655634054,0.09211516164310592,True,20260911,1,1000
MPL-discriminated,MPL,0.03,3.0,927,0.051679747907420005,0.1384795185809739,0.0867997706735539,True,20260911,1,1000
MPL-discriminated,MPL,0.03,3.0,928,0.0583774385412789,0.13985328863974936,0.08147585009847046,True,20260911,1,1000
MPL-discriminated,MPL,0.03,3.0,929,0.06857095701976501,0.14245723689787537,0.07388627987811036,True,20260911,1,1000
MPL-discriminated,MPL,0.03,3.0,930,0.044280180231728236,0.13567822410975466,0.09139804387802643,True,20260911,1,1000
MPL-discriminated,MPL,0.03,3.0,931,0.05464128266947994,0.13776083762532312,0.08311955495584318,True,20260911,1,1000
MPL-discriminated,MPL,0.03,3.0,932,0.046296312074420455,0.1368984047468651,0.09060209267244465,True,20260911,1,1000
MPL-discriminated,MPL,0.03,3.0,933,0.05518455576913464,0.1410177299341699,0.08583317416503525,True,20260911,1,1000
MPL-discriminated,MPL,0.03,3.0,934,0.04781436652365673,0.13884865988088183,0.0910342933572251,True,20260911,1,1000
MPL-discriminated,MPL,0.03,3.0,935,0.05865762347149745,0.13850403334697145,0.079846409875474,True,20260911,1,1000
MPL-discriminated,MPL,0.03,3.0,936,0.0650120588670192,0.1437048766976226,0.0786928178306034,True,20260911,1,1000
MPL-discriminated,MPL,0.03,3.0,937,0.10170077810066225,0.15986354442000714,0.05816276631934489,True,20260911,1,1000
MPL-discriminated,MPL,0.03,3.0,938,0.05982393930333864,0.14290514726753603,0.08308120796419739,True,20260911,1,1000
MPL-discriminated,MPL,0.03,3.0,939,0.05119009482169796,0.13800481891969493,0.08681472409799698,True,20260911,1,1000
MPL-discriminated,MPL,0.03,3.0,940,0.04322311734137476,0.13355877362916904,0.09033565628779427,True,20260911,1,1000
MPL-discriminated,MPL,0.03,3.0,941,0.0513385160010313,0.14090207581026293,0.08956355980923163,True,20260911,1,1000
MPL-discriminated,MPL,0.03,3.0,942,0.043547520776059674,0.13376258998455062,0.09021506920849096,True,20260911,1,1000
MPL-discriminated,MPL,0.03,3.0,943,0.04710742504178577,0.13924257482621982,0.09213514978443405,True,20260911,1,1000
MPL-discriminated,MPL,0.03,3.0,944,0.07262748635934384,0.1441316726975098,0.07150418633816595,True,20260911,1,1000
MPL-discriminated,MPL,0.03,3.0,945,0.05668451480066792,0.1441391774976755,0.08745466269700758,True,20260911,1,1000
MPL-discriminated,MPL,0.03,3.0,946,0.0488077279550493,0.1422292395231366,0.0934215115680873,True,20260911,1,1000
MPL-discriminated,MPL,0.03,3.0,947,0.04278867368454357,0.13584322587135952,0.09305455218681596,True,20260911,1,1000
MPL-discriminated,MPL,0.03,3.0,948,0.060846447652739805,0.14310295511734594,0.08225650746460614,True,20260911,1,1000
MPL-discriminated,MPL,0.03,3.0,949,0.048672363250012736,0.14047453769993756,0.09180217444992483,True,20260911,1,1000
MPL-discriminated,MPL,0.03,3.0,950,0.05114541438016973,0.14019540726214,0.08904999288197027,True,20260911,1,1000
MPL-discriminated,MPL,0.03,3.0,951,0.05734766913367661,0.13874976292829327,0.08140209379461666,True,20260911,1,1000
MPL-discriminated,MPL,0.03,3.0,952,0.05945866753276161,0.13796614217845662,0.07850747464569502,True,20260911,1,1000
MPL-discriminated,MPL,0.03,3.0,953,0.054666916303039714,0.13832212161617877,0.08365520531313905,True,20260911,1,1000
MPL-discriminated,MPL,0.03,3.0,954,0.04953103384866899,0.13754266963212572,0.08801163578345672,True,20260911,1,1000
MPL-discriminated,MPL,0.03,3.0,955,0.09064647968483198,0.15381372706108004,0.06316724737624806,True,20260911,1,1000
MPL-discriminated,MPL,0.03,3.0,956,0.046711514079364296,0.13611050855745316,0.08939899447808886,True,20260911,1,1000
MPL-discriminated,MPL,0.03,3.0,957,0.04976097636095688,0.13298724096338585,0.08322626460242896,True,20260911,1,1000
MPL-discriminated,MPL,0.03,3.0,958,0.045388009969608185,0.1354677846328133,0.09007977466320513,True,20260911,1,1000
MPL-discriminated,MPL,0.03,3.0,959,0.05768099146632346,0.14137737212252105,0.08369638065619758,True,20260911,1,1000
MPL-discriminated,MPL,0.03,3.0,960,0.041824736716863084,0.1357829070654274,0.09395817034856431,True,20260911,1,1000
MPL-discriminated,MPL,0.03,3.0,961,0.05390547598111371,0.13596312886465806,0.08205765288354434,True,20260911,1,1000
MPL-discriminated,MPL,0.03,3.0,962,0.04376408259140228,0.13819144585239712,0.09442736326099485,True,20260911,1,1000
MPL-discriminated,MPL,0.03,3.0,963,0.05426226934416486,0.1368000583196984,0.08253778897553354,True,20260911,1,1000
MPL-discriminated,MPL,0.03,3.0,964,0.04874674214150136,0.13754385862497023,0.08879711648346887,True,20260911,1,1000
MPL-discriminated,MPL,0.03,3.0,965,0.04745565433997993,0.13509404866316355,0.08763839432318361,True,20260911,1,1000
MPL-discriminated,MPL,0.03,3.0,966,0.08201705080423224,0.14726502856757104,0.0652479777633388,True,20260911,1,1000
MPL-discriminated,MPL,0.03,3.0,967,0.0478543953636227,0.13740208401770937,0.08954768865408666,True,20260911,1,1000
MPL-discriminated,MPL,0.03,3.0,968,0.06566285230929876,0.1404472669485878,0.07478441463928905,True,20260911,1,1000
MPL-discriminated,MPL,0.03,3.0,969,0.04490411005272459,0.13558382211672013,0.09067971206399553,True,20260911,1,1000
MPL-discriminated,MPL,0.03,3.0,970,0.06144427357749373,0.1418715987016226,0.08042732512412888,True,20260911,1,1000
MPL-discriminated,MPL,0.03,3.0,971,0.05503977122634785,0.1397204534596198,0.08468068223327196,True,20260911,1,1000
MPL-discriminated,MPL,0.03,3.0,972,0.05641402881901121,0.13940716357387375,0.08299313475486254,True,20260911,1,1000
MPL-discriminated,MPL,0.03,3.0,973,0.0652421113614597,0.13964159291751718,0.07439948155605748,True,20260911,1,1000
MPL-discriminated,MPL,0.03,3.0,974,0.05740032773419889,0.13805602587410354,0.08065569813990464,True,20260911,1,1000
MPL-discriminated,MPL,0.03,3.0,975,0.050350936358860024,0.1363824204369683,0.08603148407810828,True,20260911,1,1000
MPL-discriminated,MPL,0.03,3.0,976,0.056784018223477825,0.14251357406367857,0.08572955584020074,True,20260911,1,1000
MPL-discriminated,MPL,0.03,3.0,977,0.04811584069143194,0.1373801272583637,0.08926428656693178,True,20260911,1,1000
MPL-discriminated,MPL,0.03,3.0,978,0.05649523071954649,0.14079926734699116,0.08430403662744468,True,20260911,1,1000
MPL-discriminated,MPL,0.03,3.0,979,0.05875861191579844,0.1446449964477673,0.08588638453196885,True,20260911,1,1000
MPL-discriminated,MPL,0.03,3.0,980,0.05223769457318587,0.13782333524941173,0.08558564067622587,True,20260911,1,1000
MPL-discriminated,MPL,0.03,3.0,981,0.06261592358687032,0.14236598587780647,0.07975006229093615,True,20260911,1,1000
MPL-discriminated,MPL,0.03,3.0,982,0.05020040629476302,0.1369270831629615,0.08672667686819849,True,20260911,1,1000
MPL-discriminated,MPL,0.03,3.0,983,0.08307358778939203,0.14795396738295366,0.06488037959356163,True,20260911,1,1000
MPL-discriminated,MPL,0.03,3.0,984,0.05717255951858859,0.1431498068817622,0.08597724736317362,True,20260911,1,1000
MPL-discriminated,MPL,0.03,3.0,985,0.04820255690382055,0.13863533930861133,0.09043278240479077,True,20260911,1,1000
MPL-discriminated,MPL,0.03,3.0,986,0.054453965457170905,0.1362154374201716,0.08176147196300068,True,20260911,1,1000
MPL-discriminated,MPL,0.03,3.0,987,0.06465381444888744,0.13890973563681724,0.0742559211879298,True,20260911,1,1000
MPL-discriminated,MPL,0.03,3.0,988,0.05839840720253422,0.1442350671328067,0.08583665993027248,True,20260911,1,1000
MPL-discriminated,MPL,0.03,3.0,989,0.05665801768922863,0.13935686571251776,0.08269884802328914,True,20260911,1,1000
MPL-discriminated,MPL,0.03,3.0,990,0.04363584385474861,0.1342886103754502,0.09065276652070159,True,20260911,1,1000
MPL-discriminated,MPL,0.03,3.0,991,0.0468048102068667,0.1382624369272223,0.0914576267203556,True,20260911,1,1000
MPL-discriminated,MPL,0.03,3.0,992,0.061872455951292926,0.13949238720250537,0.07761993125121244,True,20260911,1,1000
MPL-discriminated,MPL,0.03,3.0,993,0.0643284330988004,0.14210711566997877,0.07777868257117837,True,20260911,1,1000
MPL-discriminated,MPL,0.03,3.0,994,0.09161095918140073,0.15501096905752124,0.0634000098761205,True,20260911,1,1000
MPL-discriminated,MPL,0.03,3.0,995,0.053184873484063346,0.13846027063627064,0.0852753971522073,True,20260911,1,1000
MPL-discriminated,MPL,0.03,3.0,996,0.052239200300186577,0.138261261234022,0.08602206093383541,True,20260911,1,1000
MPL-discriminated,MPL,0.03,3.0,997,0.05201963094253284,0.13531364707161903,0.08329401612908618,True,20260911,1,1000
MPL-discriminated,MPL,0.03,3.0,998,0.061275732285426564,0.14415515534777612,0.08287942306234955,True,20260911,1,1000
MPL-discriminated,MPL,0.03,3.0,999,0.05673134450191715,0.14343663942926646,0.08670529492734931,True,20260911,1,1000
MPL-discriminated,MPL,0.05,5.0,0,0.07567569840469407,0.14983702386988199,0.07416132546518792,True,20260911,2,1000
MPL-discriminated,MPL,0.05,5.0,1,0.07397878453714944,0.14770454987732748,0.07372576534017804,True,20260911,2,1000
MPL-discriminated,MPL,0.05,5.0,2,0.07539771949250276,0.15169375442683716,0.0762960349343344,True,20260911,2,1000
MPL-discriminated,MPL,0.05,5.0,3,0.07805433476983885,0.1550860438568793,0.07703170908704045,True,20260911,2,1000
MPL-discriminated,MPL,0.05,5.0,4,0.07972999427780868,0.14937463091477715,0.06964463663696847,True,20260911,2,1000
MPL-discriminated,MPL,0.05,5.0,5,0.08099646661041053,0.1468629362301971,0.06586646961978658,True,20260911,2,1000
MPL-discriminated,MPL,0.05,5.0,6,0.10698623917003246,0.1704574367866136,0.06347119761658114,True,20260911,2,1000
MPL-discriminated,MPL,0.05,5.0,7,0.08009313925285666,0.15112363652085806,0.0710304972680014,True,20260911,2,1000
MPL-discriminated,MPL,0.05,5.0,8,0.08919805083663435,0.15728614091585835,0.068088090079224,True,20260911,2,1000
MPL-discriminated,MPL,0.05,5.0,9,0.07807622994577054,0.1494073663888471,0.07133113644307656,True,20260911,2,1000
MPL-discriminated,MPL,0.05,5.0,10,0.10500504395878238,0.1676270518743013,0.06262200791551892,True,20260911,2,1000
MPL-discriminated,MPL,0.05,5.0,11,0.08220741714854476,0.15401598188449006,0.0718085647359453,True,20260911,2,1000
MPL-discriminated,MPL,0.05,5.0,12,0.07361605438364198,0.15022330807835635,0.07660725369471437,True,20260911,2,1000
MPL-discriminated,MPL,0.05,5.0,13,0.10589889455092642,0.16443376780124924,0.05853487325032282,True,20260911,2,1000
MPL-discriminated,MPL,0.05,5.0,14,0.07477781207841376,0.152911792143853,0.07813398006543924,True,20260911,2,1000
MPL-discriminated,MPL,0.05,5.0,15,0.07779495486525408,0.14911104338194037,0.07131608851668629,True,20260911,2,1000
MPL-discriminated,MPL,0.05,5.0,16,0.07350221511366971,0.1470266239730208,0.07352440885935109,True,20260911,2,1000
MPL-discriminated,MPL,0.05,5.0,17,0.08460167530164014,0.14795701993469285,0.0633553446330527,True,20260911,2,1000
MPL-discriminated,MPL,0.05,5.0,18,0.09071612359922841,0.15744106539895106,0.06672494179972265,True,20260911,2,1000
MPL-discriminated,MPL,0.05,5.0,19,0.12608914940876345,0.17679428575827758,0.050705136349514124,True,20260911,2,1000
MPL-discriminated,MPL,0.05,5.0,20,0.09662959047352913,0.16047345462870022,0.06384386415517108,True,20260911,2,1000
MPL-discriminated,MPL,0.05,5.0,21,0.07717935112323235,0.14883216464795404,0.07165281352472169,True,20260911,2,1000
MPL-discriminated,MPL,0.05,5.0,22,0.08503413478404502,0.15301980548643637,0.06798567070239135,True,20260911,2,1000
MPL-discriminated,MPL,0.05,5.0,23,0.10973529397421031,0.16602591644038606,0.05629062246617575,True,20260911,2,1000
MPL-discriminated,MPL,0.05,5.0,24,0.08180457554251483,0.15271803139130968,0.07091345584879485,True,20260911,2,1000
MPL-discriminated,MPL,0.05,5.0,25,0.08384496874847358,0.15109956303487532,0.06725459428640174,True,20260911,2,1000
MPL-discriminated,MPL,0.05,5.0,26,0.0721732606981619,0.14196804901884238,0.06979478832068048,True,20260911,2,1000
MPL-discriminated,MPL,0.05,5.0,27,0.08132422170998024,0.1424100858100371,0.06108586410005687,True,20260911,2,1000
MPL-discriminated,MPL,0.05,5.0,28,0.08640473094607656,0.15825542369251194,0.07185069274643538,True,20260911,2,1000
MPL-discriminated,MPL,0.05,5.0,29,0.09080404222903722,0.1629134159383731,0.07210937370933589,True,20260911,2,1000
MPL-discriminated,MPL,0.05,5.0,30,0.08494362331537299,0.1586617774010463,0.07371815408567332,True,20260911,2,1000
MPL-discriminated,MPL,0.05,5.0,31,0.07482307920579649,0.14792917697805208,0.07310609777225559,True,20260911,2,1000
MPL-discriminated,MPL,0.05,5.0,32,0.08810186507552432,0.15409343478368787,0.06599156970816354,True,20260911,2,1000
MPL-discriminated,MPL,0.05,5.0,33,0.07103377485920719,0.1450413840162582,0.07400760915705103,True,20260911,2,1000
MPL-discriminated,MPL,0.05,5.0,34,0.0931114816272974,0.15589628223132262,0.06278480060402522,True,20260911,2,1000
MPL-discriminated,MPL,0.05,5.0,35,0.08732190189549825,0.15872997800146776,0.07140807610596951,True,20260911,2,1000
MPL-discriminated,MPL,0.05,5.0,36,0.07627797199760011,0.14496987375511527,0.06869190175751516,True,20260911,2,1000
MPL-discriminated,MPL,0.05,5.0,37,0.07618554352983355,0.14785959497617118,0.07167405144633764,True,20260911,2,1000
MPL-discriminated,MPL,0.05,5.0,38,0.08423098316740542,0.14994694364237596,0.06571596047497054,True,20260911,2,1000
MPL-discriminated,MPL,0.05,5.0,39,0.07911354332572772,0.1472456305655741,0.06813208723984639,True,20260911,2,1000
MPL-discriminated,MPL,0.05,5.0,40,0.07964026338381328,0.1487644683309573,0.06912420494714402,True,20260911,2,1000
MPL-discriminated,MPL,0.05,5.0,41,0.09239733914958596,0.15884384015684583,0.06644650100725986,True,20260911,2,1000
MPL-discriminated,MPL,0.05,5.0,42,0.07931661611024453,0.14831230380896887,0.06899568769872434,True,20260911,2,1000
MPL-discriminated,MPL,0.05,5.0,43,0.10293060231350286,0.16468193620462046,0.0617513338911176,True,20260911,2,1000
MPL-discriminated,MPL,0.05,5.0,44,0.0777152950097143,0.1495266027334626,0.0718113077237483,True,20260911,2,1000
MPL-discriminated,MPL,0.05,5.0,45,0.09696418287791457,0.16219184980460352,0.06522766692668895,True,20260911,2,1000
MPL-discriminated,MPL,0.05,5.0,46,0.0776307783968633,0.1519057452792455,0.07427496688238219,True,20260911,2,1000
MPL-discriminated,MPL,0.05,5.0,47,0.08758110671459368,0.1558627260922602,0.06828161937766652,True,20260911,2,1000
MPL-discriminated,MPL,0.05,5.0,48,0.07352615704692052,0.14959473305386006,0.07606857600693955,True,20260911,2,1000
MPL-discriminated,MPL,0.05,5.0,49,0.0965512614577093,0.1553376442076847,0.0587863827499754,True,20260911,2,1000
MPL-discriminated,MPL,0.05,5.0,50,0.07763800898758523,0.14647756690491448,0.06883955791732925,True,20260911,2,1000
MPL-discriminated,MPL,0.05,5.0,51,0.08651042149152235,0.1578482011604395,0.07133777966891713,True,20260911,2,1000
MPL-discriminated,MPL,0.05,5.0,52,0.08290806454089877,0.15469776970333293,0.07178970516243416,True,20260911,2,1000
MPL-discriminated,MPL,0.05,5.0,53,0.08866151907369936,0.14912063121501015,0.06045911214131079,True,20260911,2,1000
MPL-discriminated,MPL,0.05,5.0,54,0.07278193228813513,0.1528253010968119,0.08004336880867675,True,20260911,2,1000
MPL-discriminated,MPL,0.05,5.0,55,0.09559732722971079,0.14657789081554248,0.050980563585831695,True,20260911,2,1000
MPL-discriminated,MPL,0.05,5.0,56,0.07560116619163242,0.14209940070550323,0.06649823451387081,True,20260911,2,1000
MPL-discriminated,MPL,0.05,5.0,57,0.07836013542328721,0.14891565812904758,0.07055552270576038,True,20260911,2,1000
MPL-discriminated,MPL,0.05,5.0,58,0.07388279572872222,0.15017584913090212,0.0762930534021799,True,20260911,2,1000
MPL-discriminated,MPL,0.05,5.0,59,0.0843276446345089,0.15740538991053005,0.07307774527602115,True,20260911,2,1000
MPL-discriminated,MPL,0.05,5.0,60,0.07698553994943659,0.14394264291691175,0.06695710296747516,True,20260911,2,1000
MPL-discriminated,MPL,0.05,5.0,61,0.08333804403762918,0.15272623574284194,0.06938819170521277,True,20260911,2,1000
MPL-discriminated,MPL,0.05,5.0,62,0.07628775850138873,0.14400504224851474,0.067717283747126,True,20260911,2,1000
MPL-discriminated,MPL,0.05,5.0,63,0.0813664959446202,0.15707753926984505,0.07571104332522485,True,20260911,2,1000
MPL-discriminated,MPL,0.05,5.0,64,0.07529931537028814,0.148696055075541,0.07339673970525287,True,20260911,2,1000
MPL-discriminated,MPL,0.05,5.0,65,0.07600188917793055,0.14895227911035128,0.07295038993242073,True,20260911,2,1000
MPL-discriminated,MPL,0.05,5.0,66,0.07578493850661464,0.15519216929615895,0.07940723078954431,True,20260911,2,1000
MPL-discriminated,MPL,0.05,5.0,67,0.07382706819600922,0.1490055079873336,0.0751784397913244,True,20260911,2,1000
MPL-discriminated,MPL,0.05,5.0,68,0.07719919077379789,0.15079091770718073,0.07359172693338284,True,20260911,2,1000
MPL-discriminated,MPL,0.05,5.0,69,0.08283835717127366,0.14445882180292824,0.061620464631654576,True,20260911,2,1000
MPL-discriminated,MPL,0.05,5.0,70,0.093829284158615,0.15936080744293446,0.06553152328431947,True,20260911,2,1000
MPL-discriminated,MPL,0.05,5.0,71,0.0747280090536463,0.14705484787717518,0.07232683882352889,True,20260911,2,1000
MPL-discriminated,MPL,0.05,5.0,72,0.08566980987021149,0.147334712863942,0.06166490299373052,True,20260911,2,1000
MPL-discriminated,MPL,0.05,5.0,73,0.07512829317938657,0.14740644374962547,0.0722781505702389,True,20260911,2,1000
MPL-discriminated,MPL,0.05,5.0,74,0.07885345802149102,0.14645578605579704,0.06760232803430602,True,20260911,2,1000
MPL-discriminated,MPL,0.05,5.0,75,0.07858011376010582,0.1527249621602489,0.07414484840014307,True,20260911,2,1000
MPL-discriminated,MPL,0.05,5.0,76,0.07235209858575525,0.14404490884605547,0.07169281026030022,True,20260911,2,1000
MPL-discriminated,MPL,0.05,5.0,77,0.07844363568303753,0.15377376286948194,0.07533012718644441,True,20260911,2,1000
MPL-discriminated,MPL,0.05,5.0,78,0.08046824808096836,0.15207549617138721,0.07160724809041885,True,20260911,2,1000
MPL-discriminated,MPL,0.05,5.0,79,0.08533432587258596,0.14563810882812225,0.06030378295553629,True,20260911,2,1000
MPL-discriminated,MPL,0.05,5.0,80,0.080656233220192,0.1511799345157926,0.0705237012956006,True,20260911,2,1000
MPL-discriminated,MPL,0.05,5.0,81,0.10339008336695461,0.15902530126558495,0.05563521789863034,True,20260911,2,1000
MPL-discriminated,MPL,0.05,5.0,82,0.0760908951275874,0.1484268363317938,0.07233594120420639,True,20260911,2,1000
MPL-discriminated,MPL,0.05,5.0,83,0.09053192133855445,0.15568893672469794,0.06515701538614349,True,20260911,2,1000
MPL-discriminated,MPL,0.05,5.0,84,0.0792776497206866,0.15128857144355193,0.07201092172286533,True,20260911,2,1000
MPL-discriminated,MPL,0.05,5.0,85,0.07532915865797286,0.15274826064119393,0.07741910198322106,True,20260911,2,1000
MPL-discriminated,MPL,0.05,5.0,86,0.0848549816052306,0.14762143363387603,0.06276645202864543,True,20260911,2,1000
MPL-discriminated,MPL,0.05,5.0,87,0.07118705812014019,0.14225475311545915,0.07106769499531897,True,20260911,2,1000
MPL-discriminated,MPL,0.05,5.0,88,0.08586790057952559,0.15971948060880378,0.07385158002927819,True,20260911,2,1000
MPL-discriminated,MPL,0.05,5.0,89,0.08654235252311207,0.15547321220964314,0.06893085968653107,True,20260911,2,1000
MPL-discriminated,MPL,0.05,5.0,90,0.08470475135555049,0.15369990369702016,0.06899515234146968,True,20260911,2,1000
MPL-discriminated,MPL,0.05,5.0,91,0.07118025247998105,0.14243632904078626,0.07125607656080521,True,20260911,2,1000
MPL-discriminated,MPL,0.05,5.0,92,0.0794753504855331,0.15674130483599213,0.07726595435045903,True,20260911,2,1000
MPL-discriminated,MPL,0.05,5.0,93,0.06956185038615964,0.1437027555427314,0.07414090515657176,True,20260911,2,1000
MPL-discriminated,MPL,0.05,5.0,94,0.06887894042264231,0.14939826544080548,0.08051932501816317,True,20260911,2,1000
MPL-discriminated,MPL,0.05,5.0,95,0.07450911645070994,0.14735195297896056,0.07284283652825062,True,20260911,2,1000
MPL-discriminated,MPL,0.05,5.0,96,0.07646714430837542,0.15299414214534754,0.07652699783697212,True,20260911,2,1000
MPL-discriminated,MPL,0.05,5.0,97,0.07658413088274425,0.14355343865419343,0.06696930777144917,True,20260911,2,1000
MPL-discriminated,MPL,0.05,5.0,98,0.07468249832261996,0.15034306374675038,0.07566056542413042,True,20260911,2,1000
MPL-discriminated,MPL,0.05,5.0,99,0.06912345266986525,0.1481009887438621,0.07897753607399685,True,20260911,2,1000
MPL-discriminated,MPL,0.05,5.0,100,0.08349529079781966,0.1557829361140821,0.07228764531626243,True,20260911,2,1000
MPL-discriminated,MPL,0.05,5.0,101,0.07180487824104957,0.14634913089846222,0.07454425265741264,True,20260911,2,1000
MPL-discriminated,MPL,0.05,5.0,102,0.07778999690968881,0.153107895882856,0.0753178989731672,True,20260911,2,1000
MPL-discriminated,MPL,0.05,5.0,103,0.12058441427051507,0.17224031337638404,0.05165589910586897,True,20260911,2,1000
MPL-discriminated,MPL,0.05,5.0,104,0.07687682782953126,0.1462919998591639,0.06941517202963265,True,20260911,2,1000
MPL-discriminated,MPL,0.05,5.0,105,0.07948537705609224,0.1484736402731669,0.06898826321707466,True,20260911,2,1000
MPL-discriminated,MPL,0.05,5.0,106,0.08139065006089759,0.15460282592578237,0.07321217586488478,True,20260911,2,1000
MPL-discriminated,MPL,0.05,5.0,107,0.07529570111019324,0.1517775174596084,0.07648181634941517,True,20260911,2,1000
MPL-discriminated,MPL,0.05,5.0,108,0.06967874004635198,0.14822870293589593,0.07854996288954395,True,20260911,2,1000
MPL-discriminated,MPL,0.05,5.0,109,0.08031346693031124,0.14738203367949018,0.06706856674917894,True,20260911,2,1000
MPL-discriminated,MPL,0.05,5.0,110,0.07821228513151296,0.14969364938219543,0.07148136425068247,True,20260911,2,1000
MPL-discriminated,MPL,0.05,5.0,111,0.07024343612714022,0.14704124684321127,0.07679781071607104,True,20260911,2,1000
MPL-discriminated,MPL,0.05,5.0,112,0.08711921180753925,0.15243790972978566,0.06531869792224641,True,20260911,2,1000
MPL-discriminated,MPL,0.05,5.0,113,0.07392373257803438,0.14309852231452744,0.06917478973649306,True,20260911,2,1000
MPL-discriminated,MPL,0.05,5.0,114,0.08814921201703531,0.15184940185511916,0.06370018983808386,True,20260911,2,1000
MPL-discriminated,MPL,0.05,5.0,115,0.08074678206293283,0.15448292749809384,0.07373614543516101,True,20260911,2,1000
MPL-discriminated,MPL,0.05,5.0,116,0.06880295624510091,0.1425994825106903,0.07379652626558938,True,20260911,2,1000
MPL-discriminated,MPL,0.05,5.0,117,0.07212401681502652,0.14658882140762003,0.07446480459259351,True,20260911,2,1000
MPL-discriminated,MPL,0.05,5.0,118,0.0791509945513877,0.15334969356440561,0.07419869901301791,True,20260911,2,1000
MPL-discriminated,MPL,0.05,5.0,119,0.08456262559134453,0.15720532507554388,0.07264269948419935,True,20260911,2,1000
MPL-discriminated,MPL,0.05,5.0,120,0.07425493837034063,0.1462973469924572,0.07204240862211657,True,20260911,2,1000
MPL-discriminated,MPL,0.05,5.0,121,0.08668897800396881,0.14852642764138654,0.06183744963741773,True,20260911,2,1000
MPL-discriminated,MPL,0.05,5.0,122,0.08166958973655969,0.1529852596421913,0.07131566990563162,True,20260911,2,1000
MPL-discriminated,MPL,0.05,5.0,123,0.0779603210736662,0.15179071639777567,0.07383039532410947,True,20260911,2,1000
MPL-discriminated,MPL,0.05,5.0,124,0.11388039731395705,0.1726030866692765,0.05872268935531946,True,20260911,2,1000
MPL-discriminated,MPL,0.05,5.0,125,0.08030298308103662,0.1492169540225406,0.06891397094150398,True,20260911,2,1000
MPL-discriminated,MPL,0.05,5.0,126,0.09317494328854223,0.15024489759788515,0.05706995430934292,True,20260911,2,1000
MPL-discriminated,MPL,0.05,5.0,127,0.08714277461818096,0.1561227253518327,0.06897995073365173,True,20260911,2,1000
MPL-discriminated,MPL,0.05,5.0,128,0.08393050751335575,0.14806504979655594,0.06413454228320019,True,20260911,2,1000
MPL-discriminated,MPL,0.05,5.0,129,0.07695464998777561,0.14845074539022513,0.07149609540244951,True,20260911,2,1000
MPL-discriminated,MPL,0.05,5.0,130,0.07254442615355934,0.15134135430618983,0.0787969281526305,True,20260911,2,1000
MPL-discriminated,MPL,0.05,5.0,131,0.07644200661588317,0.1447678099662306,0.06832580335034742,True,20260911,2,1000
MPL-discriminated,MPL,0.05,5.0,132,0.09287213859894973,0.15026500934935583,0.0573928707504061,True,20260911,2,1000
MPL-discriminated,MPL,0.05,5.0,133,0.08347914736260165,0.15733619890053568,0.07385705153793404,True,20260911,2,1000
MPL-discriminated,MPL,0.05,5.0,134,0.07839888139465642,0.15407701824932848,0.07567813685467206,True,20260911,2,1000
MPL-discriminated,MPL,0.05,5.0,135,0.07250377679939694,0.14418295517367802,0.07167917837428107,True,20260911,2,1000
MPL-discriminated,MPL,0.05,5.0,136,0.08547604743308303,0.15602602599467763,0.0705499785615946,True,20260911,2,1000
MPL-discriminated,MPL,0.05,5.0,137,0.09049855806293651,0.1563319392075275,0.06583338114459099,True,20260911,2,1000
MPL-discriminated,MPL,0.05,5.0,138,0.10768827853604702,0.16689759184637554,0.05920931331032851,True,20260911,2,1000
MPL-discriminated,MPL,0.05,5.0,139,0.08754140100753577,0.15567137438754985,0.06812997338001409,True,20260911,2,1000
MPL-discriminated,MPL,0.05,5.0,140,0.07460272495506778,0.15090491309384393,0.07630218813877615,True,20260911,2,1000
MPL-discriminated,MPL,0.05,5.0,141,0.0806388106018815,0.1511426888564081,0.07050387825452661,True,20260911,2,1000
MPL-discriminated,MPL,0.05,5.0,142,0.11307861918122977,0.1675112223737307,0.05443260319250093,True,20260911,2,1000
MPL-discriminated,MPL,0.05,5.0,143,0.0721501981254408,0.14190620025821798,0.06975600213277719,True,20260911,2,1000
MPL-discriminated,MPL,0.05,5.0,144,0.08979853885064999,0.1590805074028941,0.0692819685522441,True,20260911,2,1000
MPL-discriminated,MPL,0.05,5.0,145,0.08562413464893473,0.15490233550266652,0.06927820085373179,True,20260911,2,1000
MPL-discriminated,MPL,0.05,5.0,146,0.08121218595585168,0.15275228292876933,0.07154009697291765,True,20260911,2,1000
MPL-discriminated,MPL,0.05,5.0,147,0.09298845980976905,0.15445836303033897,0.061469903220569916,True,20260911,2,1000
MPL-discriminated,MPL,0.05,5.0,148,0.08233506250698162,0.1506108779835723,0.06827581547659069,True,20260911,2,1000
MPL-discriminated,MPL,0.05,5.0,149,0.08210614180306736,0.15421679608969094,0.07211065428662358,True,20260911,2,1000
MPL-discriminated,MPL,0.05,5.0,150,0.07825936617003364,0.14885894105648148,0.07059957488644784,True,20260911,2,1000
MPL-discriminated,MPL,0.05,5.0,151,0.08460393223819145,0.15359313312847891,0.06898920089028747,True,20260911,2,1000
MPL-discriminated,MPL,0.05,5.0,152,0.0710473352880262,0.14243229644047106,0.07138496115244486,True,20260911,2,1000
MPL-discriminated,MPL,0.05,5.0,153,0.07754166104547217,0.15121872051092392,0.07367705946545175,True,20260911,2,1000
MPL-discriminated,MPL,0.05,5.0,154,0.08086158259507616,0.14909867814697775,0.06823709555190159,True,20260911,2,1000
MPL-discriminated,MPL,0.05,5.0,155,0.07785294022562363,0.1491406620529447,0.07128772182732108,True,20260911,2,1000
MPL-discriminated,MPL,0.05,5.0,156,0.08797453631422206,0.15598748682548957,0.06801295051126752,True,20260911,2,1000
MPL-discriminated,MPL,0.05,5.0,157,0.07431302571987876,0.1448570364051241,0.07054401068524534,True,20260911,2,1000
MPL-discriminated,MPL,0.05,5.0,158,0.10078647718101662,0.16128151825374917,0.060495041072732555,True,20260911,2,1000
MPL-discriminated,MPL,0.05,5.0,159,0.08219300605042747,0.1501163021640339,0.06792329611360644,True,20260911,2,1000
MPL-discriminated,MPL,0.05,5.0,160,0.0768022892264775,0.14477764678460203,0.06797535755812453,True,20260911,2,1000
MPL-discriminated,MPL,0.05,5.0,161,0.1079299571701501,0.17123031556578067,0.06330035839563057,True,20260911,2,1000
MPL-discriminated,MPL,0.05,5.0,162,0.09607965755103043,0.14884174223186797,0.05276208468083754,True,20260911,2,1000
MPL-discriminated,MPL,0.05,5.0,163,0.07464033278715139,0.14595614118118228,0.07131580839403089,True,20260911,2,1000
MPL-discriminated,MPL,0.05,5.0,164,0.06897944382398248,0.13972234705951586,0.07074290323553338,True,20260911,2,1000
MPL-discriminated,MPL,0.05,5.0,165,0.07474425307124367,0.15111419707543713,0.07636994400419346,True,20260911,2,1000
MPL-discriminated,MPL,0.05,5.0,166,0.0817334168077361,0.15052641305225883,0.06879299624452273,True,20260911,2,1000
MPL-discriminated,MPL,0.05,5.0,167,0.07437362068794694,0.13960770199328373,0.0652340813053368,True,20260911,2,1000
MPL-discriminated,MPL,0.05,5.0,168,0.1014197454389061,0.1656465950359712,0.06422684959706511,True,20260911,2,1000
MPL-discriminated,MPL,0.05,5.0,169,0.08487354253852934,0.15477713811914118,0.06990359558061184,True,20260911,2,1000
MPL-discriminated,MPL,0.05,5.0,170,0.08409834265859112,0.15380155497114856,0.06970321231255744,True,20260911,2,1000
MPL-discriminated,MPL,0.05,5.0,171,0.07895799782877094,0.15267642892573202,0.07371843109696108,True,20260911,2,1000
MPL-discriminated,MPL,0.05,5.0,172,0.08676947058544973,0.15076255010396622,0.06399307951851649,True,20260911,2,1000
MPL-discriminated,MPL,0.05,5.0,173,0.08213124870408503,0.15361086317980982,0.07147961447572479,True,20260911,2,1000
MPL-discriminated,MPL,0.05,5.0,174,0.08820845083083467,0.1537127383964132,0.06550428756557852,True,20260911,2,1000
MPL-discriminated,MPL,0.05,5.0,175,0.085641753053889,0.15825391394217864,0.07261216088828963,True,20260911,2,1000
MPL-discriminated,MPL,0.05,5.0,176,0.07712423401814189,0.14837110673009726,0.07124687271195537,True,20260911,2,1000
MPL-discriminated,MPL,0.05,5.0,177,0.07419595785536927,0.14707919563081814,0.07288323777544888,True,20260911,2,1000
MPL-discriminated,MPL,0.05,5.0,178,0.07888131260552425,0.1539733061924577,0.07509199358693344,True,20260911,2,1000
MPL-discriminated,MPL,0.05,5.0,179,0.07514593602528738,0.1552256513893363,0.08007971536404893,True,20260911,2,1000
MPL-discriminated,MPL,0.05,5.0,180,0.09602284573191365,0.1531885545144643,0.05716570878255066,True,20260911,2,1000
MPL-discriminated,MPL,0.05,5.0,181,0.08384463590222677,0.15225652611756335,0.06841189021533658,True,20260911,2,1000
MPL-discriminated,MPL,0.05,5.0,182,0.07908942473659226,0.15018875163234233,0.07109932689575006,True,20260911,2,1000
MPL-discriminated,MPL,0.05,5.0,183,0.0842265321966986,0.15714439107460138,0.07291785887790278,True,20260911,2,1000
MPL-discriminated,MPL,0.05,5.0,184,0.07896594080031322,0.14608623083596978,0.06712029003565656,True,20260911,2,1000
MPL-discriminated,MPL,0.05,5.0,185,0.0781950738802172,0.1415836130857609,0.0633885392055437,True,20260911,2,1000
MPL-discriminated,MPL,0.05,5.0,186,0.0672746069400519,0.14044990776439606,0.07317530082434416,True,20260911,2,1000
MPL-discriminated,MPL,0.05,5.0,187,0.08723561553136382,0.16156229797287558,0.07432668244151176,True,20260911,2,1000
MPL-discriminated,MPL,0.05,5.0,188,0.07617193839717432,0.14902155283621518,0.07284961443904087,True,20260911,2,1000
MPL-discriminated,MPL,0.05,5.0,189,0.08148026480824397,0.1553375314473249,0.07385726663908093,True,20260911,2,1000
MPL-discriminated,MPL,0.05,5.0,190,0.09805638242166813,0.15833007821214903,0.060273695790480905,True,20260911,2,1000
MPL-discriminated,MPL,0.05,5.0,191,0.07599999678553657,0.14473753038826134,0.06873753360272478,True,20260911,2,1000
MPL-discriminated,MPL,0.05,5.0,192,0.08208430589159198,0.15324299215188186,0.07115868626028989,True,20260911,2,1000
MPL-discriminated,MPL,0.05,5.0,193,0.07905043227890485,0.14964549003857788,0.07059505775967304,True,20260911,2,1000
MPL-discriminated,MPL,0.05,5.0,194,0.07636761587978032,0.1479876979952204,0.07162008211544009,True,20260911,2,1000
MPL-discriminated,MPL,0.05,5.0,195,0.08663495541726131,0.14904088371527754,0.062405928298016236,True,20260911,2,1000
MPL-discriminated,MPL,0.05,5.0,196,0.08149579146436872,0.14792792995176754,0.06643213848739882,True,20260911,2,1000
MPL-discriminated,MPL,0.05,5.0,197,0.08107367140880226,0.15350746817416408,0.07243379676536182,True,20260911,2,1000
MPL-discriminated,MPL,0.05,5.0,198,0.09324131151233714,0.16041334577291608,0.06717203426057894,True,20260911,2,1000
MPL-discriminated,MPL,0.05,5.0,199,0.0804469898142979,0.1548673474427499,0.074420357628452,True,20260911,2,1000
MPL-discriminated,MPL,0.05,5.0,200,0.10679706881662313,0.1662604731939304,0.059463404377307266,True,20260911,2,1000
MPL-discriminated,MPL,0.05,5.0,201,0.06818744153995632,0.14817113993665934,0.07998369839670302,True,20260911,2,1000
MPL-discriminated,MPL,0.05,5.0,202,0.0890088823982306,0.14850928338368216,0.05950040098545156,True,20260911,2,1000
MPL-discriminated,MPL,0.05,5.0,203,0.09097811903976857,0.15436730745847357,0.063389188418705,True,20260911,2,1000
MPL-discriminated,MPL,0.05,5.0,204,0.07941818576172735,0.14963021207036498,0.07021202630863763,True,20260911,2,1000
MPL-discriminated,MPL,0.05,5.0,205,0.07990360733565112,0.152390052402851,0.07248644506719988,True,20260911,2,1000
MPL-discriminated,MPL,0.05,5.0,206,0.06902283897531801,0.1464472926353074,0.07742445365998939,True,20260911,2,1000
MPL-discriminated,MPL,0.05,5.0,207,0.09613689422829687,0.16264491292394317,0.0665080186956463,True,20260911,2,1000
MPL-discriminated,MPL,0.05,5.0,208,0.08471792822139958,0.15162535640466615,0.06690742818326657,True,20260911,2,1000
MPL-discriminated,MPL,0.05,5.0,209,0.07186011148623744,0.13904168510025866,0.06718157361402122,True,20260911,2,1000
MPL-discriminated,MPL,0.05,5.0,210,0.079639652061695,0.14879090318065682,0.06915125111896182,True,20260911,2,1000
MPL-discriminated,MPL,0.05,5.0,211,0.08796560798465788,0.1498193333487556,0.06185372536409772,True,20260911,2,1000
MPL-discriminated,MPL,0.05,5.0,212,0.12737232012919897,0.18041424082369972,0.053041920694500755,True,20260911,2,1000
MPL-discriminated,MPL,0.05,5.0,213,0.08776660544242469,0.1593088576776822,0.0715422522352575,True,20260911,2,1000
MPL-discriminated,MPL,0.05,5.0,214,0.07589420830783115,0.14981698502616952,0.07392277671833837,True,20260911,2,1000
MPL-discriminated,MPL,0.05,5.0,215,0.08659369240829208,0.15036830588887148,0.0637746134805794,True,20260911,2,1000
MPL-discriminated,MPL,0.05,5.0,216,0.07384927824474086,0.14382479375833557,0.06997551551359471,True,20260911,2,1000
MPL-discriminated,MPL,0.05,5.0,217,0.07816802992447859,0.1519184452253211,0.07375041530084252,True,20260911,2,1000
MPL-discriminated,MPL,0.05,5.0,218,0.08839827592236595,0.1600075054828049,0.07160922956043896,True,20260911,2,1000
MPL-discriminated,MPL,0.05,5.0,219,0.07810606539401516,0.15281402850182732,0.07470796310781216,True,20260911,2,1000
MPL-discriminated,MPL,0.05,5.0,220,0.10754923166160722,0.16424457533563552,0.0566953436740283,True,20260911,2,1000
MPL-discriminated,MPL,0.05,5.0,221,0.07057910421360802,0.14814149566223003,0.07756239144862201,True,20260911,2,1000
MPL-discriminated,MPL,0.05,5.0,222,0.09945775024276295,0.15288110751128833,0.05342335726852539,True,20260911,2,1000
MPL-discriminated,MPL,0.05,5.0,223,0.07937572450677925,0.14582708059971386,0.06645135609293461,True,20260911,2,1000
MPL-discriminated,MPL,0.05,5.0,224,0.07986036246383385,0.15109934024064953,0.07123897777681568,True,20260911,2,1000
MPL-discriminated,MPL,0.05,5.0,225,0.13448646484116694,0.18986258752073132,0.05537612267956438,True,20260911,2,1000
MPL-discriminated,MPL,0.05,5.0,226,0.08117021790292445,0.1583618575656993,0.07719163966277484,True,20260911,2,1000
MPL-discriminated,MPL,0.05,5.0,227,0.09166036694400714,0.1501759519477127,0.058515585003705545,True,20260911,2,1000
MPL-discriminated,MPL,0.05,5.0,228,0.07764811914814446,0.15601999209252118,0.07837187294437672,True,20260911,2,1000
MPL-discriminated,MPL,0.05,5.0,229,0.08578532813786748,0.15215210341529356,0.06636677527742608,True,20260911,2,1000
MPL-discriminated,MPL,0.05,5.0,230,0.08255820543946327,0.15174834480158958,0.06919013936212631,True,20260911,2,1000
MPL-discriminated,MPL,0.05,5.0,231,0.08432049149653383,0.15854887516511673,0.0742283836685829,True,20260911,2,1000
MPL-discriminated,MPL,0.05,5.0,232,0.0782435260517904,0.14980140498078273,0.07155787892899233,True,20260911,2,1000
MPL-discriminated,MPL,0.05,5.0,233,0.07907432075037503,0.1476779173998467,0.06860359664947167,True,20260911,2,1000
MPL-discriminated,MPL,0.05,5.0,234,0.07937234643861385,0.14846554273880463,0.06909319630019078,True,20260911,2,1000
MPL-discriminated,MPL,0.05,5.0,235,0.08491331515854011,0.1512127857149368,0.06629947055639668,True,20260911,2,1000
MPL-discriminated,MPL,0.05,5.0,236,0.07534203954908654,0.1473427817068171,0.07200074215773057,True,20260911,2,1000
MPL-discriminated,MPL,0.05,5.0,237,0.08614298610029679,0.15132486860942115,0.06518188250912436,True,20260911,2,1000
MPL-discriminated,MPL,0.05,5.0,238,0.08592831789771095,0.15610973415861468,0.07018141626090373,True,20260911,2,1000
MPL-discriminated,MPL,0.05,5.0,239,0.08341660185411152,0.14732368285391423,0.0639070809998027,True,20260911,2,1000
MPL-discriminated,MPL,0.05,5.0,240,0.0819025928080686,0.14815885655447747,0.06625626374640887,True,20260911,2,1000
MPL-discriminated,MPL,0.05,5.0,241,0.08659935277350897,0.15030226858684712,0.06370291581333815,True,20260911,2,1000
MPL-discriminated,MPL,0.05,5.0,242,0.07838494037574477,0.14879817347303118,0.0704132330972864,True,20260911,2,1000
MPL-discriminated,MPL,0.05,5.0,243,0.08024019549576619,0.1415976082819806,0.0613574127862144,True,20260911,2,1000
MPL-discriminated,MPL,0.05,5.0,244,0.07589608696534382,0.15188382996002373,0.0759877429946799,True,20260911,2,1000
MPL-discriminated,MPL,0.05,5.0,245,0.08292800047450576,0.15355440700084905,0.07062640652634329,True,20260911,2,1000
MPL-discriminated,MPL,0.05,5.0,246,0.09033615625704769,0.15501524738966715,0.06467909113261947,True,20260911,2,1000
MPL-discriminated,MPL,0.05,5.0,247,0.08048745641984828,0.150550424639195,0.07006296821934671,True,20260911,2,1000
MPL-discriminated,MPL,0.05,5.0,248,0.11747339131138898,0.17132749958840143,0.05385410827701245,True,20260911,2,1000
MPL-discriminated,MPL,0.05,5.0,249,0.0787126417215687,0.14551788919803552,0.06680524747646682,True,20260911,2,1000
MPL-discriminated,MPL,0.05,5.0,250,0.07731917930418533,0.14750862308466423,0.0701894437804789,True,20260911,2,1000
MPL-discriminated,MPL,0.05,5.0,251,0.11554167697299784,0.1672624833827429,0.051720806409745065,True,20260911,2,1000
MPL-discriminated,MPL,0.05,5.0,252,0.08600724262863386,0.14991737044127595,0.06391012781264209,True,20260911,2,1000
MPL-discriminated,MPL,0.05,5.0,253,0.07470441098865603,0.1485031369494092,0.07379872596075317,True,20260911,2,1000
MPL-discriminated,MPL,0.05,5.0,254,0.07188149714253488,0.141608555093528,0.06972705795099311,True,20260911,2,1000
MPL-discriminated,MPL,0.05,5.0,255,0.07561267245589158,0.1483891065684779,0.07277643411258632,True,20260911,2,1000
MPL-discriminated,MPL,0.05,5.0,256,0.0856978623160226,0.14951914411282977,0.06382128179680717,True,20260911,2,1000
MPL-discriminated,MPL,0.05,5.0,257,0.11090792219290115,0.16442913284009356,0.05352121064719241,True,20260911,2,1000
MPL-discriminated,MPL,0.05,5.0,258,0.07115987427388992,0.14992845047026537,0.07876857619637545,True,20260911,2,1000
MPL-discriminated,MPL,0.05,5.0,259,0.08192429118448229,0.15191839970667595,0.06999410852219366,True,20260911,2,1000
MPL-discriminated,MPL,0.05,5.0,260,0.07798178590772857,0.14880438051193684,0.07082259460420827,True,20260911,2,1000
MPL-discriminated,MPL,0.05,5.0,261,0.0913135436694055,0.15738786845541566,0.06607432478601016,True,20260911,2,1000
MPL-discriminated,MPL,0.05,5.0,262,0.07000130855002615,0.1467804685814397,0.07677916003141355,True,20260911,2,1000
MPL-discriminated,MPL,0.05,5.0,263,0.07958452512344306,0.15236559784220635,0.07278107271876329,True,20260911,2,1000
MPL-discriminated,MPL,0.05,5.0,264,0.08168908692703271,0.15760908611993169,0.07591999919289898,True,20260911,2,1000
MPL-discriminated,MPL,0.05,5.0,265,0.10733517101406682,0.16155167397027062,0.054216502956203796,True,20260911,2,1000
MPL-discriminated,MPL,0.05,5.0,266,0.07215558141501202,0.1431353013966659,0.07097971998165387,True,20260911,2,1000
MPL-discriminated,MPL,0.05,5.0,267,0.08077099893466232,0.14740589983920502,0.0666349009045427,True,20260911,2,1000
MPL-discriminated,MPL,0.05,5.0,268,0.07957632179235742,0.14524780936437323,0.06567148757201581,True,20260911,2,1000
MPL-discriminated,MPL,0.05,5.0,269,0.09247613696873472,0.15799055558183178,0.06551441861309706,True,20260911,2,1000
MPL-discriminated,MPL,0.05,5.0,270,0.10929846460338544,0.16652387817744327,0.05722541357405783,True,20260911,2,1000
MPL-discriminated,MPL,0.05,5.0,271,0.07489474502659482,0.15365330822947787,0.07875856320288305,True,20260911,2,1000
MPL-discriminated,MPL,0.05,5.0,272,0.0864318230051951,0.1553669450263382,0.06893512202114309,True,20260911,2,1000
MPL-discriminated,MPL,0.05,5.0,273,0.07688852197878034,0.15001521593409245,0.07312669395531211,True,20260911,2,1000
MPL-discriminated,MPL,0.05,5.0,274,0.08555774417995055,0.15760695850717749,0.07204921432722694,True,20260911,2,1000
MPL-discriminated,MPL,0.05,5.0,275,0.08213572137048701,0.15146600280494613,0.06933028143445912,True,20260911,2,1000
MPL-discriminated,MPL,0.05,5.0,276,0.07795794129770085,0.14616665102275073,0.06820870972504987,True,20260911,2,1000
MPL-discriminated,MPL,0.05,5.0,277,0.0795774317248624,0.1527669759215607,0.07318954419669829,True,20260911,2,1000
MPL-discriminated,MPL,0.05,5.0,278,0.07690644074958518,0.1525677716769872,0.07566133092740203,True,20260911,2,1000
MPL-discriminated,MPL,0.05,5.0,279,0.08484707397085899,0.1539638574150492,0.06911678344419021,True,20260911,2,1000
MPL-discriminated,MPL,0.05,5.0,280,0.08833994908505328,0.1556256761684507,0.0672857270833974,True,20260911,2,1000
MPL-discriminated,MPL,0.05,5.0,281,0.07535973718043028,0.14648465925668425,0.07112492207625397,True,20260911,2,1000
MPL-discriminated,MPL,0.05,5.0,282,0.08598736591264415,0.1502861751404695,0.06429880922782534,True,20260911,2,1000
MPL-discriminated,MPL,0.05,5.0,283,0.09214095893916882,0.1471359263742988,0.054994967435129966,True,20260911,2,1000
MPL-discriminated,MPL,0.05,5.0,284,0.07973505153033827,0.1488179415113379,0.06908288998099962,True,20260911,2,1000
MPL-discriminated,MPL,0.05,5.0,285,0.08205601841328575,0.14725673069596984,0.06520071228268409,True,20260911,2,1000
MPL-discriminated,MPL,0.05,5.0,286,0.07666744745959794,0.14956018219101158,0.07289273473141364,True,20260911,2,1000
MPL-discriminated,MPL,0.05,5.0,287,0.08025548620310967,0.1562496171095361,0.07599413090642644,True,20260911,2,1000
MPL-discriminated,MPL,0.05,5.0,288,0.07384811068912782,0.14584923308552827,0.07200112239640045,True,20260911,2,1000
MPL-discriminated,MPL,0.05,5.0,289,0.08172793428709789,0.14872762592496028,0.06699969163786239,True,20260911,2,1000
MPL-discriminated,MPL,0.05,5.0,290,0.07749693799347596,0.1429597350880685,0.06546279709459255,True,20260911,2,1000
MPL-discriminated,MPL,0.05,5.0,291,0.08857073722922011,0.1602079929154115,0.07163725568619138,True,20260911,2,1000
MPL-discriminated,MPL,0.05,5.0,292,0.08024485438832206,0.15385377993913074,0.07360892555080868,True,20260911,2,1000
MPL-discriminated,MPL,0.05,5.0,293,0.08310058697985688,0.15166809971051304,0.06856751273065616,True,20260911,2,1000
MPL-discriminated,MPL,0.05,5.0,294,0.0834623720444156,0.15009931486321434,0.06663694281879874,True,20260911,2,1000
MPL-discriminated,MPL,0.05,5.0,295,0.08473477166704171,0.15547545227870088,0.07074068061165917,True,20260911,2,1000
MPL-discriminated,MPL,0.05,5.0,296,0.09923681724402056,0.15717705825793404,0.057940241013913485,True,20260911,2,1000
MPL-discriminated,MPL,0.05,5.0,297,0.0736126109999883,0.14174489221927467,0.06813228121928637,True,20260911,2,1000
MPL-discriminated,MPL,0.05,5.0,298,0.07298183084014832,0.14635480964025208,0.07337297880010375,True,20260911,2,1000
MPL-discriminated,MPL,0.05,5.0,299,0.07700734098013115,0.15121417152960076,0.07420683054946961,True,20260911,2,1000
MPL-discriminated,MPL,0.05,5.0,300,0.08550067178667457,0.14933726713076026,0.06383659534408569,True,20260911,2,1000
MPL-discriminated,MPL,0.05,5.0,301,0.08200757945384216,0.1441112225859167,0.06210364313207453,True,20260911,2,1000
MPL-discriminated,MPL,0.05,5.0,302,0.08866860608780333,0.15095634891548262,0.06228774282767929,True,20260911,2,1000
MPL-discriminated,MPL,0.05,5.0,303,0.08235034665015253,0.1483952976277839,0.06604495097763136,True,20260911,2,1000
MPL-discriminated,MPL,0.05,5.0,304,0.07672481019632674,0.1434163315744524,0.06669152137812567,True,20260911,2,1000
MPL-discriminated,MPL,0.05,5.0,305,0.08098723225316937,0.14436512632373782,0.06337789407056846,True,20260911,2,1000
MPL-discriminated,MPL,0.05,5.0,306,0.07957646149230477,0.14604118538587915,0.06646472389357438,True,20260911,2,1000
MPL-discriminated,MPL,0.05,5.0,307,0.07530544011925715,0.1538029244759782,0.07849748435672106,True,20260911,2,1000
MPL-discriminated,MPL,0.05,5.0,308,0.0799175196907422,0.1550485985669981,0.07513107887625589,True,20260911,2,1000
MPL-discriminated,MPL,0.05,5.0,309,0.08571847878350149,0.15613513082739178,0.07041665204389029,True,20260911,2,1000
MPL-discriminated,MPL,0.05,5.0,310,0.08112248305651298,0.1597376078546178,0.07861512479810481,True,20260911,2,1000
MPL-discriminated,MPL,0.05,5.0,311,0.07411926948371961,0.15479250658421526,0.08067323710049565,True,20260911,2,1000
MPL-discriminated,MPL,0.05,5.0,312,0.08140611564154333,0.1481500344723921,0.06674391883084878,True,20260911,2,1000
MPL-discriminated,MPL,0.05,5.0,313,0.10314048647724547,0.16636949385536814,0.06322900737812268,True,20260911,2,1000
MPL-discriminated,MPL,0.05,5.0,314,0.07948739868938845,0.15546870658017162,0.07598130789078317,True,20260911,2,1000
MPL-discriminated,MPL,0.05,5.0,315,0.08418642410930613,0.15038830608690376,0.06620188197759763,True,20260911,2,1000
MPL-discriminated,MPL,0.05,5.0,316,0.07845777999730894,0.15344235652448512,0.07498457652717619,True,20260911,2,1000
MPL-discriminated,MPL,0.05,5.0,317,0.07382836096895729,0.14593525927605128,0.07210689830709399,True,20260911,2,1000
MPL-discriminated,MPL,0.05,5.0,318,0.0746943987964737,0.14405885570691623,0.06936445691044253,True,20260911,2,1000
MPL-discriminated,MPL,0.05,5.0,319,0.07682115327662364,0.1517111239658652,0.07488997068924155,True,20260911,2,1000
MPL-discriminated,MPL,0.05,5.0,320,0.08368325519376242,0.1565993335810037,0.07291607838724128,True,20260911,2,1000
MPL-discriminated,MPL,0.05,5.0,321,0.07548554237640172,0.14484610969892064,0.06936056732251893,True,20260911,2,1000
MPL-discriminated,MPL,0.05,5.0,322,0.09463084701949413,0.14827791690096678,0.05364706988147265,True,20260911,2,1000
MPL-discriminated,MPL,0.05,5.0,323,0.0759911975966598,0.15018701314183386,0.07419581554517406,True,20260911,2,1000
MPL-discriminated,MPL,0.05,5.0,324,0.09071468814126821,0.15044835581033733,0.059733667669069124,True,20260911,2,1000
MPL-discriminated,MPL,0.05,5.0,325,0.07094222684203735,0.14542706239544964,0.07448483555341229,True,20260911,2,1000
MPL-discriminated,MPL,0.05,5.0,326,0.10576559556984927,0.1629364148916565,0.05717081932180723,True,20260911,2,1000
MPL-discriminated,MPL,0.05,5.0,327,0.07836640175861755,0.1546094104081386,0.07624300864952106,True,20260911,2,1000
MPL-discriminated,MPL,0.05,5.0,328,0.08072755206394978,0.15295080247381332,0.07222325040986353,True,20260911,2,1000
MPL-discriminated,MPL,0.05,5.0,329,0.07874247435548082,0.14318531924440212,0.0644428448889213,True,20260911,2,1000
MPL-discriminated,MPL,0.05,5.0,330,0.08097026652246164,0.14476882509790479,0.06379855857544314,True,20260911,2,1000
MPL-discriminated,MPL,0.05,5.0,331,0.08442875646651503,0.1532712642503632,0.06884250778384816,True,20260911,2,1000
MPL-discriminated,MPL,0.05,5.0,332,0.09107357894589305,0.15550466962605028,0.06443109068015723,True,20260911,2,1000
MPL-discriminated,MPL,0.05,5.0,333,0.09496904203196965,0.1599095462084058,0.06494050417643615,True,20260911,2,1000
MPL-discriminated,MPL,0.05,5.0,334,0.08192761016341364,0.15939075978261205,0.07746314961919841,True,20260911,2,1000
MPL-discriminated,MPL,0.05,5.0,335,0.0802362014273595,0.15381655449761283,0.07358035307025333,True,20260911,2,1000
MPL-discriminated,MPL,0.05,5.0,336,0.09590669606258882,0.1614676497951784,0.06556095373258956,True,20260911,2,1000
MPL-discriminated,MPL,0.05,5.0,337,0.08160503163241051,0.15308416833964456,0.07147913670723405,True,20260911,2,1000
MPL-discriminated,MPL,0.05,5.0,338,0.08127040835517088,0.14989081673222504,0.06862040837705416,True,20260911,2,1000
MPL-discriminated,MPL,0.05,5.0,339,0.0877397504646998,0.15728547275933996,0.06954572229464016,True,20260911,2,1000
MPL-discriminated,MPL,0.05,5.0,340,0.08592511248229823,0.15173995525963221,0.06581484277733399,True,20260911,2,1000
MPL-discriminated,MPL,0.05,5.0,341,0.0763749818116813,0.14179203564003523,0.06541705382835393,True,20260911,2,1000
MPL-discriminated,MPL,0.05,5.0,342,0.07831222200650971,0.15315987120667762,0.07484764920016791,True,20260911,2,1000
MPL-discriminated,MPL,0.05,5.0,343,0.09351779703327437,0.15887578496618568,0.06535798793291131,True,20260911,2,1000
MPL-discriminated,MPL,0.05,5.0,344,0.09709626029669421,0.16133782418467219,0.06424156388797797,True,20260911,2,1000
MPL-discriminated,MPL,0.05,5.0,345,0.08818918647189815,0.15355405665218932,0.06536487018029118,True,20260911,2,1000
MPL-discriminated,MPL,0.05,5.0,346,0.09326143110468173,0.15186371904087406,0.058602287936192335,True,20260911,2,1000
MPL-discriminated,MPL,0.05,5.0,347,0.07460238770952056,0.1506185902046277,0.07601620249510714,True,20260911,2,1000
MPL-discriminated,MPL,0.05,5.0,348,0.08166924087535461,0.15383265551533204,0.07216341463997743,True,20260911,2,1000
MPL-discriminated,MPL,0.05,5.0,349,0.0830349582159969,0.15822083800419282,0.07518587978819591,True,20260911,2,1000
MPL-discriminated,MPL,0.05,5.0,350,0.07168199962873412,0.15006270222783816,0.07838070259910404,True,20260911,2,1000
MPL-discriminated,MPL,0.05,5.0,351,0.08233254611909203,0.1501967952867007,0.06786424916760868,True,20260911,2,1000
MPL-discriminated,MPL,0.05,5.0,352,0.08598983210401714,0.1553707679407251,0.06938093583670796,True,20260911,2,1000
MPL-discriminated,MPL,0.05,5.0,353,0.09307860998165114,0.15401753668366192,0.06093892670201077,True,20260911,2,1000
MPL-discriminated,MPL,0.05,5.0,354,0.09436867279227851,0.1544666284980209,0.06009795570574239,True,20260911,2,1000
MPL-discriminated,MPL,0.05,5.0,355,0.0694890688283727,0.1496230092220387,0.08013394039366599,True,20260911,2,1000
MPL-discriminated,MPL,0.05,5.0,356,0.08200760952163004,0.1577759105201974,0.07576830099856736,True,20260911,2,1000
MPL-discriminated,MPL,0.05,5.0,357,0.07501288170743062,0.1515352788932941,0.07652239718586348,True,20260911,2,1000
MPL-discriminated,MPL,0.05,5.0,358,0.07604605744229966,0.15149859305623378,0.07545253561393413,True,20260911,2,1000
MPL-discriminated,MPL,0.05,5.0,359,0.07448554890673044,0.15369432714571363,0.07920877823898319,True,20260911,2,1000
MPL-discriminated,MPL,0.05,5.0,360,0.08389184175365999,0.15071972518661578,0.06682788343295579,True,20260911,2,1000
MPL-discriminated,MPL,0.05,5.0,361,0.08580785692510536,0.1521978361366613,0.06638997921155594,True,20260911,2,1000
MPL-discriminated,MPL,0.05,5.0,362,0.08042692771582485,0.15683937050284144,0.07641244278701659,True,20260911,2,1000
MPL-discriminated,MPL,0.05,5.0,363,0.07595497912193663,0.14795924810230282,0.07200426898036619,True,20260911,2,1000
MPL-discriminated,MPL,0.05,5.0,364,0.07337055839374894,0.14375813072841648,0.07038757233466754,True,20260911,2,1000
MPL-discriminated,MPL,0.05,5.0,365,0.07666091305382502,0.14591967841326126,0.06925876535943623,True,20260911,2,1000
MPL-discriminated,MPL,0.05,5.0,366,0.07115869804076891,0.14044914654055135,0.06929044849978244,True,20260911,2,1000
MPL-discriminated,MPL,0.05,5.0,367,0.08146243977216101,0.15537636141491046,0.07391392164274944,True,20260911,2,1000
MPL-discriminated,MPL,0.05,5.0,368,0.07159047070444637,0.1528407206214822,0.08125024991703585,True,20260911,2,1000
MPL-discriminated,MPL,0.05,5.0,369,0.06896034913008753,0.1440270525711265,0.07506670344103897,True,20260911,2,1000
MPL-discriminated,MPL,0.05,5.0,370,0.08694940752685677,0.15696679084664955,0.07001738331979278,True,20260911,2,1000
MPL-discriminated,MPL,0.05,5.0,371,0.1120553696994422,0.16646569683159804,0.054410327132155836,True,20260911,2,1000
MPL-discriminated,MPL,0.05,5.0,372,0.07921338424183988,0.1506775835183274,0.07146419927648753,True,20260911,2,1000
MPL-discriminated,MPL,0.05,5.0,373,0.07340891567152101,0.1547523335660663,0.08134341789454529,True,20260911,2,1000
MPL-discriminated,MPL,0.05,5.0,374,0.08131284472584263,0.15675180215504075,0.07543895742919812,True,20260911,2,1000
MPL-discriminated,MPL,0.05,5.0,375,0.08491986670318889,0.1573659596498652,0.0724460929466763,True,20260911,2,1000
MPL-discriminated,MPL,0.05,5.0,376,0.08751488389601296,0.15210215197771934,0.06458726808170638,True,20260911,2,1000
MPL-discriminated,MPL,0.05,5.0,377,0.08069382189090513,0.14803238904499416,0.06733856715408904,True,20260911,2,1000
MPL-discriminated,MPL,0.05,5.0,378,0.08211400658806219,0.14896159263291364,0.06684758604485146,True,20260911,2,1000
MPL-discriminated,MPL,0.05,5.0,379,0.07830560169740373,0.14395798518160635,0.06565238348420262,True,20260911,2,1000
MPL-discriminated,MPL,0.05,5.0,380,0.08797315384171764,0.15112112110517195,0.06314796726345431,True,20260911,2,1000
MPL-discriminated,MPL,0.05,5.0,381,0.09238438368329743,0.15349061524350197,0.06110623156020453,True,20260911,2,1000
MPL-discriminated,MPL,0.05,5.0,382,0.08268342473772286,0.154053675055972,0.07137025031824915,True,20260911,2,1000
MPL-discriminated,MPL,0.05,5.0,383,0.09595928430470982,0.16004853739034242,0.0640892530856326,True,20260911,2,1000
MPL-discriminated,MPL,0.05,5.0,384,0.1430068466613265,0.18859609752009193,0.045589250858765445,True,20260911,2,1000
MPL-discriminated,MPL,0.05,5.0,385,0.08078048742506723,0.15124403583632387,0.07046354841125664,True,20260911,2,1000
MPL-discriminated,MPL,0.05,5.0,386,0.07021181725203972,0.15395912896455533,0.0837473117125156,True,20260911,2,1000
MPL-discriminated,MPL,0.05,5.0,387,0.09643793046508385,0.16109924648517504,0.06466131602009119,True,20260911,2,1000
MPL-discriminated,MPL,0.05,5.0,388,0.07921963262043093,0.1495424259051357,0.07032279328470477,True,20260911,2,1000
MPL-discriminated,MPL,0.05,5.0,389,0.07695366903893615,0.15520076736154542,0.07824709832260927,True,20260911,2,1000
MPL-discriminated,MPL,0.05,5.0,390,0.08255246357326385,0.15224201283828792,0.06968954926502408,True,20260911,2,1000
MPL-discriminated,MPL,0.05,5.0,391,0.07445396035630714,0.14826944949582524,0.0738154891395181,True,20260911,2,1000
MPL-discriminated,MPL,0.05,5.0,392,0.06948376144001966,0.14326020240144827,0.0737764409614286,True,20260911,2,1000
MPL-discriminated,MPL,0.05,5.0,393,0.07272181714254987,0.1442923820220068,0.07157056487945694,True,20260911,2,1000
MPL-discriminated,MPL,0.05,5.0,394,0.07479633431142366,0.15120267964137735,0.07640634532995369,True,20260911,2,1000
MPL-discriminated,MPL,0.05,5.0,395,0.07305548090709699,0.1455415186782965,0.07248603777119952,True,20260911,2,1000
MPL-discriminated,MPL,0.05,5.0,396,0.07870739839353862,0.14524984668892577,0.06654244829538715,True,20260911,2,1000
MPL-discriminated,MPL,0.05,5.0,397,0.08085486365399995,0.14937871537961714,0.06852385172561719,True,20260911,2,1000
MPL-discriminated,MPL,0.05,5.0,398,0.0905290931029579,0.14997265447449465,0.05944356137153675,True,20260911,2,1000
MPL-discriminated,MPL,0.05,5.0,399,0.10425717599525568,0.16001504107955708,0.0557578650843014,True,20260911,2,1000
MPL-discriminated,MPL,0.05,5.0,400,0.0845567986755827,0.15303421401741943,0.06847741534183673,True,20260911,2,1000
MPL-discriminated,MPL,0.05,5.0,401,0.08307683880228393,0.15810839151457554,0.0750315527122916,True,20260911,2,1000
MPL-discriminated,MPL,0.05,5.0,402,0.09087249351430991,0.159226184170479,0.0683536906561691,True,20260911,2,1000
MPL-discriminated,MPL,0.05,5.0,403,0.08305201081709777,0.1468596680100083,0.06380765719291052,True,20260911,2,1000
MPL-discriminated,MPL,0.05,5.0,404,0.0850064065548134,0.15731926154246115,0.07231285498764775,True,20260911,2,1000
MPL-discriminated,MPL,0.05,5.0,405,0.07578247115160279,0.1495548877335701,0.0737724165819673,True,20260911,2,1000
MPL-discriminated,MPL,0.05,5.0,406,0.0811476815603559,0.15557897717855976,0.07443129561820386,True,20260911,2,1000
MPL-discriminated,MPL,0.05,5.0,407,0.1082203915333749,0.16645669645211048,0.058236304918735576,True,20260911,2,1000
MPL-discriminated,MPL,0.05,5.0,408,0.08855280244039374,0.155644866969746,0.06709206452935226,True,20260911,2,1000
MPL-discriminated,MPL,0.05,5.0,409,0.07476616080536556,0.15341232544130493,0.07864616463593936,True,20260911,2,1000
MPL-discriminated,MPL,0.05,5.0,410,0.0758700675670421,0.14672087298964873,0.07085080542260663,True,20260911,2,1000
MPL-discriminated,MPL,0.05,5.0,411,0.09918857290132062,0.16349102666562437,0.06430245376430375,True,20260911,2,1000
MPL-discriminated,MPL,0.05,5.0,412,0.10139132639157808,0.1585339709354276,0.05714264454384951,True,20260911,2,1000
MPL-discriminated,MPL,0.05,5.0,413,0.08293365641124627,0.14844362503551856,0.06550996862427229,True,20260911,2,1000
MPL-discriminated,MPL,0.05,5.0,414,0.07086116777950506,0.1481561052088658,0.07729493742936074,True,20260911,2,1000
MPL-discriminated,MPL,0.05,5.0,415,0.07263562042205514,0.15001854760984254,0.0773829271877874,True,20260911,2,1000
MPL-discriminated,MPL,0.05,5.0,416,0.09089606803802164,0.16039860270340775,0.06950253466538611,True,20260911,2,1000
MPL-discriminated,MPL,0.05,5.0,417,0.07388810802269348,0.14939380430790064,0.07550569628520716,True,20260911,2,1000
MPL-discriminated,MPL,0.05,5.0,418,0.07981820005195375,0.15164929016155507,0.07183109010960131,True,20260911,2,1000
MPL-discriminated,MPL,0.05,5.0,419,0.08241974373309427,0.15304368379816627,0.070623940065072,True,20260911,2,1000
MPL-discriminated,MPL,0.05,5.0,420,0.07126460497482708,0.14806248345300022,0.07679787847817314,True,20260911,2,1000
MPL-discriminated,MPL,0.05,5.0,421,0.08682513622900083,0.15466202068307017,0.06783688445406934,True,20260911,2,1000
MPL-discriminated,MPL,0.05,5.0,422,0.07546086706038521,0.1477117877669016,0.0722509207065164,True,20260911,2,1000
MPL-discriminated,MPL,0.05,5.0,423,0.0769068152447894,0.14446432396557912,0.06755750872078972,True,20260911,2,1000
MPL-discriminated,MPL,0.05,5.0,424,0.07285057483432786,0.14475475794093554,0.07190418310660768,True,20260911,2,1000
MPL-discriminated,MPL,0.05,5.0,425,0.0972707264477713,0.15721059368901932,0.05993986724124803,True,20260911,2,1000
MPL-discriminated,MPL,0.05,5.0,426,0.07365910464429463,0.1407913292457838,0.06713222460148917,True,20260911,2,1000
MPL-discriminated,MPL,0.05,5.0,427,0.07886541665649856,0.14998262857890274,0.07111721192240418,True,20260911,2,1000
MPL-discriminated,MPL,0.05,5.0,428,0.07628558920256302,0.14374874425908865,0.06746315505652563,True,20260911,2,1000
MPL-discriminated,MPL,0.05,5.0,429,0.07998124079896592,0.14624829186224622,0.0662670510632803,True,20260911,2,1000
MPL-discriminated,MPL,0.05,5.0,430,0.08864352915735922,0.15570838596646452,0.0670648568091053,True,20260911,2,1000
MPL-discriminated,MPL,0.05,5.0,431,0.0770695363281575,0.14857838990531827,0.07150885357716077,True,20260911,2,1000
MPL-discriminated,MPL,0.05,5.0,432,0.0810125174359566,0.14958539876866944,0.06857288133271285,True,20260911,2,1000
MPL-discriminated,MPL,0.05,5.0,433,0.07297182788029458,0.1479701695729207,0.07499834169262612,True,20260911,2,1000
MPL-discriminated,MPL,0.05,5.0,434,0.08552835644075556,0.15277437690338538,0.06724602046262983,True,20260911,2,1000
MPL-discriminated,MPL,0.05,5.0,435,0.07613414140121944,0.15613972932820672,0.08000558792698728,True,20260911,2,1000
MPL-discriminated,MPL,0.05,5.0,436,0.0758052410910576,0.14165097450546044,0.06584573341440284,True,20260911,2,1000
MPL-discriminated,MPL,0.05,5.0,437,0.12946893828742193,0.18280251423943922,0.05333357595201729,True,20260911,2,1000
MPL-discriminated,MPL,0.05,5.0,438,0.08017430148570429,0.1522757850344698,0.07210148354876553,True,20260911,2,1000
MPL-discriminated,MPL,0.05,5.0,439,0.09423243792434306,0.1578172658577384,0.06358482793339533,True,20260911,2,1000
MPL-discriminated,MPL,0.05,5.0,440,0.06578772557087537,0.14711059251588174,0.08132286694500637,True,20260911,2,1000
MPL-discriminated,MPL,0.05,5.0,441,0.12982041942149783,0.18015617854294147,0.05033575912144364,True,20260911,2,1000
MPL-discriminated,MPL,0.05,5.0,442,0.0867021041042046,0.15440465021391483,0.06770254610971023,True,20260911,2,1000
MPL-discriminated,MPL,0.05,5.0,443,0.08538934870713526,0.15390072798521096,0.0685113792780757,True,20260911,2,1000
MPL-discriminated,MPL,0.05,5.0,444,0.07818107752186611,0.1469151396576866,0.06873406213582049,True,20260911,2,1000
MPL-discriminated,MPL,0.05,5.0,445,0.07656919767486202,0.14850890526642185,0.07193970759155983,True,20260911,2,1000
MPL-discriminated,MPL,0.05,5.0,446,0.08135225792925002,0.15414167084068287,0.07278941291143284,True,20260911,2,1000
MPL-discriminated,MPL,0.05,5.0,447,0.07412060769993657,0.1429716930971467,0.06885108539721012,True,20260911,2,1000
MPL-discriminated,MPL,0.05,5.0,448,0.08068066265788051,0.14815373449477034,0.06747307183688983,True,20260911,2,1000
MPL-discriminated,MPL,0.05,5.0,449,0.07493683150948237,0.14940995877410546,0.07447312726462309,True,20260911,2,1000
MPL-discriminated,MPL,0.05,5.0,450,0.08011785324777358,0.15290623168488965,0.07278837843711607,True,20260911,2,1000
MPL-discriminated,MPL,0.05,5.0,451,0.12255354420124187,0.172751054857639,0.05019751065639713,True,20260911,2,1000
MPL-discriminated,MPL,0.05,5.0,452,0.080862213787881,0.15107904094049687,0.07021682715261587,True,20260911,2,1000
MPL-discriminated,MPL,0.05,5.0,453,0.07541708146795773,0.14980328419947297,0.07438620273151525,True,20260911,2,1000
MPL-discriminated,MPL,0.05,5.0,454,0.07870499723240577,0.1464068478257264,0.06770185059332064,True,20260911,2,1000
MPL-discriminated,MPL,0.05,5.0,455,0.1795753016341451,0.21919377744602866,0.039618475811883574,True,20260911,2,1000
MPL-discriminated,MPL,0.05,5.0,456,0.09794408056164568,0.16258657868021126,0.06464249811856558,True,20260911,2,1000
MPL-discriminated,MPL,0.05,5.0,457,0.07770816850177344,0.14636667689630156,0.06865850839452813,True,20260911,2,1000
MPL-discriminated,MPL,0.05,5.0,458,0.07673885751038524,0.15230128372113091,0.07556242621074567,True,20260911,2,1000
MPL-discriminated,MPL,0.05,5.0,459,0.07765934011617028,0.15524597551119917,0.0775866353950289,True,20260911,2,1000
MPL-discriminated,MPL,0.05,5.0,460,0.09091049328940416,0.15755003892542355,0.06663954563601938,True,20260911,2,1000
MPL-discriminated,MPL,0.05,5.0,461,0.08346287486081574,0.15394432161261673,0.07048144675180099,True,20260911,2,1000
MPL-discriminated,MPL,0.05,5.0,462,0.09335087073126183,0.1628019053519197,0.06945103462065788,True,20260911,2,1000
MPL-discriminated,MPL,0.05,5.0,463,0.09601110095626356,0.1582923953667183,0.06228129441045474,True,20260911,2,1000
MPL-discriminated,MPL,0.05,5.0,464,0.08019024913049462,0.1561134189384378,0.07592316980794318,True,20260911,2,1000
MPL-discriminated,MPL,0.05,5.0,465,0.08869391543446062,0.15480982800749166,0.06611591257303104,True,20260911,2,1000
MPL-discriminated,MPL,0.05,5.0,466,0.07506419651252057,0.15124188705326472,0.07617769054074415,True,20260911,2,1000
MPL-discriminated,MPL,0.05,5.0,467,0.07322437066353948,0.142269973756523,0.06904560309298352,True,20260911,2,1000
MPL-discriminated,MPL,0.05,5.0,468,0.08051950552942662,0.15459317524097568,0.07407366971154906,True,20260911,2,1000
MPL-discriminated,MPL,0.05,5.0,469,0.07569697405976183,0.15127909378410334,0.0755821197243415,True,20260911,2,1000
MPL-discriminated,MPL,0.05,5.0,470,0.07269346731655062,0.14543374894434113,0.07274028162779052,True,20260911,2,1000
MPL-discriminated,MPL,0.05,5.0,471,0.08064154036788487,0.14734878539025703,0.06670724502237216,True,20260911,2,1000
MPL-discriminated,MPL,0.05,5.0,472,0.07011804746922347,0.147270139267832,0.07715209179860853,True,20260911,2,1000
MPL-discriminated,MPL,0.05,5.0,473,0.08672753593142872,0.15592269791953717,0.06919516198810845,True,20260911,2,1000
MPL-discriminated,MPL,0.05,5.0,474,0.07539856995872639,0.149761292171143,0.07436272221241662,True,20260911,2,1000
MPL-discriminated,MPL,0.05,5.0,475,0.07759313918118936,0.15213841763454927,0.07454527845335991,True,20260911,2,1000
MPL-discriminated,MPL,0.05,5.0,476,0.08183412025966409,0.1535886937050992,0.07175457344543511,True,20260911,2,1000
MPL-discriminated,MPL,0.05,5.0,477,0.0842276405244035,0.1601035807260201,0.0758759402016166,True,20260911,2,1000
MPL-discriminated,MPL,0.05,5.0,478,0.12595161416717515,0.17352669731982145,0.0475750831526463,True,20260911,2,1000
MPL-discriminated,MPL,0.05,5.0,479,0.07760428897251297,0.15079903741024273,0.07319474843772976,True,20260911,2,1000
MPL-discriminated,MPL,0.05,5.0,480,0.07639357691941061,0.15085389714839584,0.07446032022898523,True,20260911,2,1000
MPL-discriminated,MPL,0.05,5.0,481,0.0816594023488984,0.15079928903178083,0.06913988668288243,True,20260911,2,1000
MPL-discriminated,MPL,0.05,5.0,482,0.07131898285058326,0.14450449006079838,0.07318550721021512,True,20260911,2,1000
MPL-discriminated,MPL,0.05,5.0,483,0.07682927359072042,0.14793784193420786,0.07110856834348744,True,20260911,2,1000
MPL-discriminated,MPL,0.05,5.0,484,0.07995370171633358,0.1513450602243362,0.07139135850800261,True,20260911,2,1000
MPL-discriminated,MPL,0.05,5.0,485,0.10993307557700908,0.16827707199195827,0.05834399641494918,True,20260911,2,1000
MPL-discriminated,MPL,0.05,5.0,486,0.08472068386430055,0.1551393243705004,0.07041864050619985,True,20260911,2,1000
MPL-discriminated,MPL,0.05,5.0,487,0.08520606378618163,0.1576439651622769,0.07243790137609528,True,20260911,2,1000
MPL-discriminated,MPL,0.05,5.0,488,0.07203800200476136,0.14942783412364113,0.07738983211887977,True,20260911,2,1000
MPL-discriminated,MPL,0.05,5.0,489,0.0779979652380665,0.1433294226010288,0.0653314573629623,True,20260911,2,1000
MPL-discriminated,MPL,0.05,5.0,490,0.08521606689381389,0.15055387798629521,0.06533781109248132,True,20260911,2,1000
MPL-discriminated,MPL,0.05,5.0,491,0.07402698747351101,0.15208756855506436,0.07806058108155335,True,20260911,2,1000
MPL-discriminated,MPL,0.05,5.0,492,0.1486611742760657,0.19889452154143175,0.050233347265366046,True,20260911,2,1000
MPL-discriminated,MPL,0.05,5.0,493,0.06994820362962927,0.1506781858502611,0.08072998222063184,True,20260911,2,1000
MPL-discriminated,MPL,0.05,5.0,494,0.08611675899443877,0.15314915499856907,0.0670323960041303,True,20260911,2,1000
MPL-discriminated,MPL,0.05,5.0,495,0.09216616482848955,0.1554760793695717,0.06330991454108215,True,20260911,2,1000
MPL-discriminated,MPL,0.05,5.0,496,0.081719475403356,0.14985063077464456,0.06813115537128855,True,20260911,2,1000
MPL-discriminated,MPL,0.05,5.0,497,0.07983585322087042,0.15416660245709368,0.07433074923622326,True,20260911,2,1000
MPL-discriminated,MPL,0.05,5.0,498,0.09075977736543378,0.15171665890699862,0.06095688154156484,True,20260911,2,1000
MPL-discriminated,MPL,0.05,5.0,499,0.07867180416588375,0.15388205648975106,0.07521025232386731,True,20260911,2,1000
MPL-discriminated,MPL,0.05,5.0,500,0.09461757940682605,0.1585118378412886,0.06389425843446256,True,20260911,2,1000
MPL-discriminated,MPL,0.05,5.0,501,0.10846196956318377,0.16437159008884206,0.05590962052565829,True,20260911,2,1000
MPL-discriminated,MPL,0.05,5.0,502,0.08175036251318808,0.15124650967666703,0.06949614716347895,True,20260911,2,1000
MPL-discriminated,MPL,0.05,5.0,503,0.08381696057843584,0.150864974028635,0.06704801345019916,True,20260911,2,1000
MPL-discriminated,MPL,0.05,5.0,504,0.0771714025463016,0.15741816778471338,0.08024676523841177,True,20260911,2,1000
MPL-discriminated,MPL,0.05,5.0,505,0.079702202798129,0.1464096855895289,0.06670748279139992,True,20260911,2,1000
MPL-discriminated,MPL,0.05,5.0,506,0.08263608877070605,0.149151530334,0.06651544156329395,True,20260911,2,1000
MPL-discriminated,MPL,0.05,5.0,507,0.07844759988789066,0.15034588064205343,0.07189828075416277,True,20260911,2,1000
MPL-discriminated,MPL,0.05,5.0,508,0.07198973794405765,0.1456029032105077,0.07361316526645005,True,20260911,2,1000
MPL-discriminated,MPL,0.05,5.0,509,0.09695417350136555,0.1553353699665826,0.05838119646521704,True,20260911,2,1000
MPL-discriminated,MPL,0.05,5.0,510,0.08424346028613218,0.15059453482024301,0.06635107453411083,True,20260911,2,1000
MPL-discriminated,MPL,0.05,5.0,511,0.08471214429107098,0.15353029643173435,0.06881815214066338,True,20260911,2,1000
MPL-discriminated,MPL,0.05,5.0,512,0.08935642194340895,0.15467530017418826,0.06531887823077931,True,20260911,2,1000
MPL-discriminated,MPL,0.05,5.0,513,0.08382507412119189,0.15458715758702143,0.07076208346582955,True,20260911,2,1000
MPL-discriminated,MPL,0.05,5.0,514,0.08988840155518357,0.1566169479456785,0.06672854639049491,True,20260911,2,1000
MPL-discriminated,MPL,0.05,5.0,515,0.0786703067569702,0.15062066553328593,0.07195035877631573,True,20260911,2,1000
MPL-discriminated,MPL,0.05,5.0,516,0.08111530741862691,0.154147335241705,0.0730320278230781,True,20260911,2,1000
MPL-discriminated,MPL,0.05,5.0,517,0.07662192839362834,0.14736899680425528,0.07074706841062693,True,20260911,2,1000
MPL-discriminated,MPL,0.05,5.0,518,0.07683759678659226,0.15269626079440574,0.07585866400781348,True,20260911,2,1000
MPL-discriminated,MPL,0.05,5.0,519,0.0777076324148029,0.14597076948678006,0.06826313707197716,True,20260911,2,1000
MPL-discriminated,MPL,0.05,5.0,520,0.09420762886956784,0.1495711911434611,0.05536356227389326,True,20260911,2,1000
MPL-discriminated,MPL,0.05,5.0,521,0.08173171748881927,0.15928181370788005,0.07755009621906078,True,20260911,2,1000
MPL-discriminated,MPL,0.05,5.0,522,0.07876806373579857,0.14511606152971593,0.06634799779391735,True,20260911,2,1000
MPL-discriminated,MPL,0.05,5.0,523,0.07875545992827829,0.1550141594183075,0.07625869949002922,True,20260911,2,1000
MPL-discriminated,MPL,0.05,5.0,524,0.08220023928753943,0.15507675944052615,0.07287652015298672,True,20260911,2,1000
MPL-discriminated,MPL,0.05,5.0,525,0.07881045796303769,0.15287630410313482,0.07406584614009713,True,20260911,2,1000
MPL-discriminated,MPL,0.05,5.0,526,0.07070744690680558,0.14966749877700972,0.07896005187020413,True,20260911,2,1000
MPL-discriminated,MPL,0.05,5.0,527,0.08734168505389442,0.15210441215335033,0.06476272709945591,True,20260911,2,1000
MPL-discriminated,MPL,0.05,5.0,528,0.07482001139920276,0.1502003391748002,0.07538032777559743,True,20260911,2,1000
MPL-discriminated,MPL,0.05,5.0,529,0.06958532075227301,0.14438213717613094,0.07479681642385792,True,20260911,2,1000
MPL-discriminated,MPL,0.05,5.0,530,0.0789264564370208,0.1517643168908174,0.0728378604537966,True,20260911,2,1000
MPL-discriminated,MPL,0.05,5.0,531,0.07613747583990278,0.1477887611568848,0.07165128531698202,True,20260911,2,1000
MPL-discriminated,MPL,0.05,5.0,532,0.0808209838190439,0.14717808299756305,0.06635709917851915,True,20260911,2,1000
MPL-discriminated,MPL,0.05,5.0,533,0.13472592475846004,0.17727876776644544,0.0425528430079854,True,20260911,2,1000
MPL-discriminated,MPL,0.05,5.0,534,0.10300590583690167,0.1599523895163103,0.05694648367940863,True,20260911,2,1000
MPL-discriminated,MPL,0.05,5.0,535,0.08704636075380943,0.15306734065189248,0.06602097989808305,True,20260911,2,1000
MPL-discriminated,MPL,0.05,5.0,536,0.08531085639415248,0.15209995782808558,0.0667891014339331,True,20260911,2,1000
MPL-discriminated,MPL,0.05,5.0,537,0.07382140461485598,0.14605073285757378,0.0722293282427178,True,20260911,2,1000
MPL-discriminated,MPL,0.05,5.0,538,0.12310323260840288,0.1777867142652266,0.054683481656823726,True,20260911,2,1000
MPL-discriminated,MPL,0.05,5.0,539,0.07582192972852218,0.14679842016354308,0.0709764904350209,True,20260911,2,1000
MPL-discriminated,MPL,0.05,5.0,540,0.11568539663538695,0.17340729128186055,0.05772189464647361,True,20260911,2,1000
MPL-discriminated,MPL,0.05,5.0,541,0.1212332310532787,0.17170370606425475,0.050470475010976054,True,20260911,2,1000
MPL-discriminated,MPL,0.05,5.0,542,0.07768238277587303,0.15457609381245774,0.07689371103658471,True,20260911,2,1000
MPL-discriminated,MPL,0.05,5.0,543,0.08055115824112796,0.15697248646051604,0.07642132821938807,True,20260911,2,1000
MPL-discriminated,MPL,0.05,5.0,544,0.07731684917726754,0.15331007029980293,0.07599322112253538,True,20260911,2,1000
MPL-discriminated,MPL,0.05,5.0,545,0.07807546358823661,0.14885945261420014,0.07078398902596353,True,20260911,2,1000
MPL-discriminated,MPL,0.05,5.0,546,0.11417694787209606,0.1711635777115143,0.05698662983941824,True,20260911,2,1000
MPL-discriminated,MPL,0.05,5.0,547,0.07908876880793514,0.1494622678728755,0.07037349906494036,True,20260911,2,1000
MPL-discriminated,MPL,0.05,5.0,548,0.08456168298728697,0.15743059662653022,0.07286891363924325,True,20260911,2,1000
MPL-discriminated,MPL,0.05,5.0,549,0.06900126316624904,0.1454097889211582,0.07640852575490915,True,20260911,2,1000
MPL-discriminated,MPL,0.05,5.0,550,0.09164556131011045,0.1447380768665485,0.05309251555643804,True,20260911,2,1000
MPL-discriminated,MPL,0.05,5.0,551,0.08473728932592968,0.14934514100200746,0.06460785167607778,True,20260911,2,1000
MPL-discriminated,MPL,0.05,5.0,552,0.07449216684868668,0.14873225969628925,0.07424009284760258,True,20260911,2,1000
MPL-discriminated,MPL,0.05,5.0,553,0.08056011773256264,0.15101062891328762,0.07045051118072498,True,20260911,2,1000
MPL-discriminated,MPL,0.05,5.0,554,0.0809182973325406,0.15227701994696738,0.07135872261442677,True,20260911,2,1000
MPL-discriminated,MPL,0.05,5.0,555,0.0724618744935861,0.13962164891747764,0.06715977442389154,True,20260911,2,1000
MPL-discriminated,MPL,0.05,5.0,556,0.076864187029313,0.15100960139381217,0.07414541436449917,True,20260911,2,1000
MPL-discriminated,MPL,0.05,5.0,557,0.07858938141115676,0.15352453816882802,0.07493515675767126,True,20260911,2,1000
MPL-discriminated,MPL,0.05,5.0,558,0.07751400844110767,0.14668727712705854,0.06917326868595086,True,20260911,2,1000
MPL-discriminated,MPL,0.05,5.0,559,0.07286177016822358,0.14986372506728876,0.07700195489906518,True,20260911,2,1000
MPL-discriminated,MPL,0.05,5.0,560,0.07844504048889858,0.1491538701390639,0.07070882965016531,True,20260911,2,1000
MPL-discriminated,MPL,0.05,5.0,561,0.08274452301472297,0.15080554487616363,0.06806102186144065,True,20260911,2,1000
MPL-discriminated,MPL,0.05,5.0,562,0.08452989679896909,0.15280111640504268,0.06827121960607359,True,20260911,2,1000
MPL-discriminated,MPL,0.05,5.0,563,0.08313007292541032,0.14661411318756856,0.06348404026215825,True,20260911,2,1000
MPL-discriminated,MPL,0.05,5.0,564,0.0756239335135779,0.15492033021514484,0.07929639670156693,True,20260911,2,1000
MPL-discriminated,MPL,0.05,5.0,565,0.07698995317584044,0.14798930708134356,0.07099935390550312,True,20260911,2,1000
MPL-discriminated,MPL,0.05,5.0,566,0.08371426228832787,0.15700181797827642,0.07328755568994855,True,20260911,2,1000
MPL-discriminated,MPL,0.05,5.0,567,0.08259862673106254,0.14925728332373342,0.06665865659267088,True,20260911,2,1000
MPL-discriminated,MPL,0.05,5.0,568,0.12425553308726145,0.17762324201279306,0.05336770892553161,True,20260911,2,1000
MPL-discriminated,MPL,0.05,5.0,569,0.07780370952317078,0.14536156740155698,0.0675578578783862,True,20260911,2,1000
MPL-discriminated,MPL,0.05,5.0,570,0.07310053468460732,0.15428072391757666,0.08118018923296934,True,20260911,2,1000
MPL-discriminated,MPL,0.05,5.0,571,0.07907930054579859,0.14452514032644875,0.06544583978065016,True,20260911,2,1000
MPL-discriminated,MPL,0.05,5.0,572,0.12378213153438121,0.17524285215566401,0.051460720621282804,True,20260911,2,1000
MPL-discriminated,MPL,0.05,5.0,573,0.08065477307264045,0.14601270600290178,0.06535793293026133,True,20260911,2,1000
MPL-discriminated,MPL,0.05,5.0,574,0.08384377714148375,0.15895967110561987,0.07511589396413612,True,20260911,2,1000
MPL-discriminated,MPL,0.05,5.0,575,0.07528624287092296,0.1508188565067023,0.07553261363577933,True,20260911,2,1000
MPL-discriminated,MPL,0.05,5.0,576,0.07412793370238176,0.1538792561035551,0.07975132240117334,True,20260911,2,1000
MPL-discriminated,MPL,0.05,5.0,577,0.08873058480808535,0.15345756980542447,0.06472698499733912,True,20260911,2,1000
MPL-discriminated,MPL,0.05,5.0,578,0.08225213935205276,0.1571856030846192,0.07493346373256644,True,20260911,2,1000
MPL-discriminated,MPL,0.05,5.0,579,0.08547094723816158,0.15595546645046568,0.0704845192123041,True,20260911,2,1000
MPL-discriminated,MPL,0.05,5.0,580,0.07952210054578711,0.15190526847395752,0.07238316792817041,True,20260911,2,1000
MPL-discriminated,MPL,0.05,5.0,581,0.07401067953718009,0.1431665096528795,0.06915583011569941,True,20260911,2,1000
MPL-discriminated,MPL,0.05,5.0,582,0.08229377510795893,0.14940674553956051,0.06711297043160158,True,20260911,2,1000
MPL-discriminated,MPL,0.05,5.0,583,0.08065192495909518,0.14753666087380024,0.06688473591470506,True,20260911,2,1000
MPL-discriminated,MPL,0.05,5.0,584,0.13877760840532616,0.18492599206351779,0.04614838365819163,True,20260911,2,1000
MPL-discriminated,MPL,0.05,5.0,585,0.08229801206635727,0.15136776870001234,0.06906975663365507,True,20260911,2,1000
MPL-discriminated,MPL,0.05,5.0,586,0.0791936939845319,0.14813945683745078,0.06894576285291888,True,20260911,2,1000
MPL-discriminated,MPL,0.05,5.0,587,0.06881139169997527,0.14623438439746253,0.07742299269748726,True,20260911,2,1000
MPL-discriminated,MPL,0.05,5.0,588,0.0736965861585832,0.15268923741687535,0.07899265125829215,True,20260911,2,1000
MPL-discriminated,MPL,0.05,5.0,589,0.07564837695315338,0.15540696524681366,0.07975858829366028,True,20260911,2,1000
MPL-discriminated,MPL,0.05,5.0,590,0.07907633670608849,0.14623698662016416,0.06716064991407567,True,20260911,2,1000
MPL-discriminated,MPL,0.05,5.0,591,0.0793152124058225,0.1475647795648645,0.068249567159042,True,20260911,2,1000
MPL-discriminated,MPL,0.05,5.0,592,0.07347883646100169,0.14377910773749947,0.07030027127649778,True,20260911,2,1000
MPL-discriminated,MPL,0.05,5.0,593,0.08201828666176128,0.16210498153096023,0.08008669486919895,True,20260911,2,1000
MPL-discriminated,MPL,0.05,5.0,594,0.07911931428642933,0.1504002692319158,0.07128095494548646,True,20260911,2,1000
MPL-discriminated,MPL,0.05,5.0,595,0.07538594377339425,0.14697311729589047,0.07158717352249622,True,20260911,2,1000
MPL-discriminated,MPL,0.05,5.0,596,0.07678972312147564,0.14465028564564494,0.0678605625241693,True,20260911,2,1000
MPL-discriminated,MPL,0.05,5.0,597,0.08152425924998079,0.1476713697415898,0.066147110491609,True,20260911,2,1000
MPL-discriminated,MPL,0.05,5.0,598,0.07539785267021154,0.1516991599558647,0.07630130728565315,True,20260911,2,1000
MPL-discriminated,MPL,0.05,5.0,599,0.10399950298122547,0.1614409359833194,0.057441433002093936,True,20260911,2,1000
MPL-discriminated,MPL,0.05,5.0,600,0.07986041583091069,0.15157317540901433,0.07171275957810364,True,20260911,2,1000
MPL-discriminated,MPL,0.05,5.0,601,0.0727235615334265,0.15104122925194938,0.07831766771852287,True,20260911,2,1000
MPL-discriminated,MPL,0.05,5.0,602,0.06710241287001643,0.13853468856025092,0.07143227569023448,True,20260911,2,1000
MPL-discriminated,MPL,0.05,5.0,603,0.07357024551334525,0.1512080165701838,0.07763777105683854,True,20260911,2,1000
MPL-discriminated,MPL,0.05,5.0,604,0.08368261055370516,0.14903299687808022,0.06535038632437506,True,20260911,2,1000
MPL-discriminated,MPL,0.05,5.0,605,0.0809315306932609,0.15185978447807574,0.07092825378481485,True,20260911,2,1000
MPL-discriminated,MPL,0.05,5.0,606,0.08468314623775389,0.1609777201310785,0.07629457389332461,True,20260911,2,1000
MPL-discriminated,MPL,0.05,5.0,607,0.08425647466272522,0.1534289511722086,0.06917247650948337,True,20260911,2,1000
MPL-discriminated,MPL,0.05,5.0,608,0.07760555020840573,0.14241664245867575,0.06481109225027001,True,20260911,2,1000
MPL-discriminated,MPL,0.05,5.0,609,0.07126946096410351,0.14677749781771096,0.07550803685360745,True,20260911,2,1000
MPL-discriminated,MPL,0.05,5.0,610,0.07640722328515534,0.15283991195835073,0.07643268867319539,True,20260911,2,1000
MPL-discriminated,MPL,0.05,5.0,611,0.08558231603979363,0.15712548844637347,0.07154317240657984,True,20260911,2,1000
MPL-discriminated,MPL,0.05,5.0,612,0.08015019277803179,0.15115653825968736,0.07100634548165558,True,20260911,2,1000
MPL-discriminated,MPL,0.05,5.0,613,0.12081460391838861,0.17376725527342826,0.052952651355039654,True,20260911,2,1000
MPL-discriminated,MPL,0.05,5.0,614,0.08295300813870601,0.15289516135403272,0.06994215321532671,True,20260911,2,1000
MPL-discriminated,MPL,0.05,5.0,615,0.08575354714548575,0.15576774929932255,0.0700142021538368,True,20260911,2,1000
MPL-discriminated,MPL,0.05,5.0,616,0.07923099531808434,0.14677637059660187,0.06754537527851753,True,20260911,2,1000
MPL-discriminated,MPL,0.05,5.0,617,0.07741105520152695,0.14602720035522848,0.06861614515370153,True,20260911,2,1000
MPL-discriminated,MPL,0.05,5.0,618,0.08210734499111044,0.15268023691134763,0.07057289192023719,True,20260911,2,1000
MPL-discriminated,MPL,0.05,5.0,619,0.07521649214948979,0.1499007105076936,0.07468421835820381,True,20260911,2,1000
MPL-discriminated,MPL,0.05,5.0,620,0.09030698371311335,0.15667529903828728,0.06636831532517393,True,20260911,2,1000
MPL-discriminated,MPL,0.05,5.0,621,0.1155470067680109,0.17533585764900378,0.05978885088099288,True,20260911,2,1000
MPL-discriminated,MPL,0.05,5.0,622,0.07831380253177146,0.1458876914327225,0.06757388890095105,True,20260911,2,1000
MPL-discriminated,MPL,0.05,5.0,623,0.0882268054791761,0.15231545395904542,0.06408864847986931,True,20260911,2,1000
MPL-discriminated,MPL,0.05,5.0,624,0.07365335791629592,0.1464154361865478,0.07276207827025187,True,20260911,2,1000
MPL-discriminated,MPL,0.05,5.0,625,0.07904752433288881,0.1528451741718982,0.07379764983900938,True,20260911,2,1000
MPL-discriminated,MPL,0.05,5.0,626,0.07602569908728053,0.1462438053734987,0.07021810628621818,True,20260911,2,1000
MPL-discriminated,MPL,0.05,5.0,627,0.0745288104674066,0.14825833105445155,0.07372952058704495,True,20260911,2,1000
MPL-discriminated,MPL,0.05,5.0,628,0.08518168231967223,0.1513245567211338,0.06614287440146156,True,20260911,2,1000
MPL-discriminated,MPL,0.05,5.0,629,0.07240818191987745,0.15061370209703284,0.07820552017715539,True,20260911,2,1000
MPL-discriminated,MPL,0.05,5.0,630,0.07334168805029384,0.14354250012900097,0.07020081207870713,True,20260911,2,1000
MPL-discriminated,MPL,0.05,5.0,631,0.07656254128969019,0.14908964160298938,0.07252710031329919,True,20260911,2,1000
MPL-discriminated,MPL,0.05,5.0,632,0.07765072457002686,0.14000702987426922,0.062356305304242354,True,20260911,2,1000
MPL-discriminated,MPL,0.05,5.0,633,0.07604278007793001,0.14865883202666638,0.07261605194873637,True,20260911,2,1000
MPL-discriminated,MPL,0.05,5.0,634,0.06800172405150876,0.1428197627795125,0.07481803872800374,True,20260911,2,1000
MPL-discriminated,MPL,0.05,5.0,635,0.07815018553658493,0.15134958811030447,0.07319940257371954,True,20260911,2,1000
MPL-discriminated,MPL,0.05,5.0,636,0.08769520500963156,0.15163879364052693,0.06394358863089537,True,20260911,2,1000
MPL-discriminated,MPL,0.05,5.0,637,0.08723715164184448,0.1627342963255452,0.07549714468370072,True,20260911,2,1000
MPL-discriminated,MPL,0.05,5.0,638,0.08468825926379908,0.15168190486294678,0.0669936455991477,True,20260911,2,1000
MPL-discriminated,MPL,0.05,5.0,639,0.07104019393275282,0.14869462978100234,0.07765443584824952,True,20260911,2,1000
MPL-discriminated,MPL,0.05,5.0,640,0.08190585011828484,0.1509144698330205,0.06900861971473567,True,20260911,2,1000
MPL-discriminated,MPL,0.05,5.0,641,0.11282711780559802,0.17058153848345942,0.05775442067786139,True,20260911,2,1000
MPL-discriminated,MPL,0.05,5.0,642,0.10708413232786333,0.1674922561182593,0.060408123790395965,True,20260911,2,1000
MPL-discriminated,MPL,0.05,5.0,643,0.0739458778136132,0.14983332926553405,0.07588745145192086,True,20260911,2,1000
MPL-discriminated,MPL,0.05,5.0,644,0.08196505855200956,0.15406732535781448,0.07210226680580492,True,20260911,2,1000
MPL-discriminated,MPL,0.05,5.0,645,0.07696140750359266,0.14590196045307235,0.06894055294947969,True,20260911,2,1000
MPL-discriminated,MPL,0.05,5.0,646,0.07317971153796149,0.14482716314693161,0.07164745160897013,True,20260911,2,1000
MPL-discriminated,MPL,0.05,5.0,647,0.07889628129930294,0.15436530931793,0.07546902801862705,True,20260911,2,1000
MPL-discriminated,MPL,0.05,5.0,648,0.08323819146494353,0.15273889940092156,0.06950070793597803,True,20260911,2,1000
MPL-discriminated,MPL,0.05,5.0,649,0.09165174255338293,0.15169983095974446,0.06004808840636153,True,20260911,2,1000
MPL-discriminated,MPL,0.05,5.0,650,0.07785842902856423,0.1533309894060749,0.07547256037751067,True,20260911,2,1000
MPL-discriminated,MPL,0.05,5.0,651,0.08510324910960199,0.15323473653346767,0.06813148742386568,True,20260911,2,1000
MPL-discriminated,MPL,0.05,5.0,652,0.08316698708779116,0.149879792117734,0.06671280502994284,True,20260911,2,1000
MPL-discriminated,MPL,0.05,5.0,653,0.08014058674317201,0.1505505065579411,0.0704099198147691,True,20260911,2,1000
MPL-discriminated,MPL,0.05,5.0,654,0.07785276278458489,0.15330922358555607,0.07545646080097118,True,20260911,2,1000
MPL-discriminated,MPL,0.05,5.0,655,0.08223307418809642,0.14756488123869854,0.06533180705060213,True,20260911,2,1000
MPL-discriminated,MPL,0.05,5.0,656,0.11117153330687964,0.16697009128584805,0.05579855797896842,True,20260911,2,1000
MPL-discriminated,MPL,0.05,5.0,657,0.08076738390812498,0.15270549215827503,0.07193810825015005,True,20260911,2,1000
MPL-discriminated,MPL,0.05,5.0,658,0.07182249970298159,0.14165245021906056,0.06982995051607897,True,20260911,2,1000
MPL-discriminated,MPL,0.05,5.0,659,0.09949959414795752,0.16438672206143518,0.06488712791347766,True,20260911,2,1000
MPL-discriminated,MPL,0.05,5.0,660,0.08885485224566401,0.14649905900815108,0.05764420676248706,True,20260911,2,1000
MPL-discriminated,MPL,0.05,5.0,661,0.09954233762174264,0.16058986216401816,0.06104752454227552,True,20260911,2,1000
MPL-discriminated,MPL,0.05,5.0,662,0.06920313520995529,0.14612890717804036,0.07692577196808507,True,20260911,2,1000
MPL-discriminated,MPL,0.05,5.0,663,0.08180047327378466,0.14976254448656756,0.0679620712127829,True,20260911,2,1000
MPL-discriminated,MPL,0.05,5.0,664,0.11021638873806915,0.1624437451743218,0.05222735643625266,True,20260911,2,1000
MPL-discriminated,MPL,0.05,5.0,665,0.0731122359088508,0.1475143041234325,0.0744020682145817,True,20260911,2,1000
MPL-discriminated,MPL,0.05,5.0,666,0.11346461962493035,0.16888004884532704,0.05541542922039669,True,20260911,2,1000
MPL-discriminated,MPL,0.05,5.0,667,0.07617216173932442,0.15498877803467515,0.07881661629535072,True,20260911,2,1000
MPL-discriminated,MPL,0.05,5.0,668,0.08771441424626772,0.15562093351434184,0.06790651926807412,True,20260911,2,1000
MPL-discriminated,MPL,0.05,5.0,669,0.07236240365456861,0.15224557435440925,0.07988317069984063,True,20260911,2,1000
MPL-discriminated,MPL,0.05,5.0,670,0.0738823489041276,0.15126811522505315,0.07738576632092554,True,20260911,2,1000
MPL-discriminated,MPL,0.05,5.0,671,0.0793908914497453,0.15164204416175378,0.07225115271200848,True,20260911,2,1000
MPL-discriminated,MPL,0.05,5.0,672,0.06940576727193232,0.1412321368533405,0.07182636958140817,True,20260911,2,1000
MPL-discriminated,MPL,0.05,5.0,673,0.07386235260425875,0.1550293300530082,0.08116697744874946,True,20260911,2,1000
MPL-discriminated,MPL,0.05,5.0,674,0.08412458552001888,0.1499581805789694,0.06583359505895052,True,20260911,2,1000
MPL-discriminated,MPL,0.05,5.0,675,0.0778462648347979,0.1497691288235911,0.07192286398879322,True,20260911,2,1000
MPL-discriminated,MPL,0.05,5.0,676,0.0792716358176328,0.15301977429976366,0.07374813848213085,True,20260911,2,1000
MPL-discriminated,MPL,0.05,5.0,677,0.11039880784671036,0.1681168423642139,0.05771803451750354,True,20260911,2,1000
MPL-discriminated,MPL,0.05,5.0,678,0.13138694074134571,0.1802543805360298,0.04886743979468408,True,20260911,2,1000
MPL-discriminated,MPL,0.05,5.0,679,0.08424707013701387,0.15461892525122894,0.07037185511421508,True,20260911,2,1000
MPL-discriminated,MPL,0.05,5.0,680,0.08010054486737771,0.1499077608480686,0.06980721598069088,True,20260911,2,1000
MPL-discriminated,MPL,0.05,5.0,681,0.10542968867542271,0.1615829465385183,0.05615325786309558,True,20260911,2,1000
MPL-discriminated,MPL,0.05,5.0,682,0.07411833298192372,0.1505424614395108,0.07642412845758709,True,20260911,2,1000
MPL-discriminated,MPL,0.05,5.0,683,0.0730783752943673,0.15242117318892162,0.07934279789455433,True,20260911,2,1000
MPL-discriminated,MPL,0.05,5.0,684,0.07343741451426873,0.1474330462741785,0.07399563175990977,True,20260911,2,1000
MPL-discriminated,MPL,0.05,5.0,685,0.08101132323287316,0.15245735590804624,0.07144603267517308,True,20260911,2,1000
MPL-discriminated,MPL,0.05,5.0,686,0.07736259896099751,0.155831298971035,0.0784687000100375,True,20260911,2,1000
MPL-discriminated,MPL,0.05,5.0,687,0.07202148341685549,0.1481161868649322,0.0760947034480767,True,20260911,2,1000
MPL-discriminated,MPL,0.05,5.0,688,0.0730695803222548,0.14685003001703367,0.07378044969477887,True,20260911,2,1000
MPL-discriminated,MPL,0.05,5.0,689,0.08231466984719904,0.15763894175669688,0.07532427190949784,True,20260911,2,1000
MPL-discriminated,MPL,0.05,5.0,690,0.0824869354928227,0.1520367418169351,0.06954980632411241,True,20260911,2,1000
MPL-discriminated,MPL,0.05,5.0,691,0.07262877331306557,0.14782774441285448,0.07519897109978892,True,20260911,2,1000
MPL-discriminated,MPL,0.05,5.0,692,0.07394411622303093,0.15036795139559875,0.07642383517256782,True,20260911,2,1000
MPL-discriminated,MPL,0.05,5.0,693,0.10788319351007608,0.16179246661945754,0.053909273109381456,True,20260911,2,1000
MPL-discriminated,MPL,0.05,5.0,694,0.08418850527718451,0.15717993653207887,0.07299143125489437,True,20260911,2,1000
MPL-discriminated,MPL,0.05,5.0,695,0.08388794935478978,0.15407112654654045,0.07018317719175067,True,20260911,2,1000
MPL-discriminated,MPL,0.05,5.0,696,0.08168343956755042,0.1432846815416457,0.06160124197409528,True,20260911,2,1000
MPL-discriminated,MPL,0.05,5.0,697,0.07962007079076844,0.149697064788142,0.07007699399737355,True,20260911,2,1000
MPL-discriminated,MPL,0.05,5.0,698,0.09088775090902927,0.16248681422667766,0.07159906331764838,True,20260911,2,1000
MPL-discriminated,MPL,0.05,5.0,699,0.0885043397757625,0.15410939466547646,0.06560505488971397,True,20260911,2,1000
MPL-discriminated,MPL,0.05,5.0,700,0.07847224485279079,0.15149000798545387,0.07301776313266307,True,20260911,2,1000
MPL-discriminated,MPL,0.05,5.0,701,0.08208802077823653,0.14922548619762233,0.0671374654193858,True,20260911,2,1000
MPL-discriminated,MPL,0.05,5.0,702,0.07304743538902665,0.1483960402260552,0.07534860483702856,True,20260911,2,1000
MPL-discriminated,MPL,0.05,5.0,703,0.09693933109459937,0.15897571709573666,0.062036386001137284,True,20260911,2,1000
MPL-discriminated,MPL,0.05,5.0,704,0.10108444676699972,0.1540110588767636,0.05292661210976389,True,20260911,2,1000
MPL-discriminated,MPL,0.05,5.0,705,0.07502629742159982,0.1502908358351349,0.07526453841353507,True,20260911,2,1000
MPL-discriminated,MPL,0.05,5.0,706,0.08235200506398543,0.14978444749232797,0.06743244242834254,True,20260911,2,1000
MPL-discriminated,MPL,0.05,5.0,707,0.07237726284271945,0.14604351001925112,0.07366624717653167,True,20260911,2,1000
MPL-discriminated,MPL,0.05,5.0,708,0.09167901876359473,0.15638484280680967,0.06470582404321494,True,20260911,2,1000
MPL-discriminated,MPL,0.05,5.0,709,0.08241294590020115,0.15919661902053733,0.07678367312033618,True,20260911,2,1000
MPL-discriminated,MPL,0.05,5.0,710,0.10623407195597687,0.15790534950363513,0.05167127754765827,True,20260911,2,1000
MPL-discriminated,MPL,0.05,5.0,711,0.06914166985893284,0.1489658847985074,0.07982421493957455,True,20260911,2,1000
MPL-discriminated,MPL,0.05,5.0,712,0.08139408621866982,0.14958355869778311,0.06818947247911329,True,20260911,2,1000
MPL-discriminated,MPL,0.05,5.0,713,0.08268977238546889,0.14801123449744188,0.065321462111973,True,20260911,2,1000
MPL-discriminated,MPL,0.05,5.0,714,0.08144778352940946,0.15017382684731426,0.0687260433179048,True,20260911,2,1000
MPL-discriminated,MPL,0.05,5.0,715,0.07364917213706436,0.1530741744029939,0.07942500226592954,True,20260911,2,1000
MPL-discriminated,MPL,0.05,5.0,716,0.08957585788664679,0.15694640291351517,0.06737054502686837,True,20260911,2,1000
MPL-discriminated,MPL,0.05,5.0,717,0.07338291037407642,0.14621981808763845,0.07283690771356204,True,20260911,2,1000
MPL-discriminated,MPL,0.05,5.0,718,0.08344510578358355,0.15234456443586428,0.06889945865228073,True,20260911,2,1000
MPL-discriminated,MPL,0.05,5.0,719,0.0770445435271171,0.15100076939128815,0.07395622586417105,True,20260911,2,1000
MPL-discriminated,MPL,0.05,5.0,720,0.07856298456090682,0.15384460747082032,0.0752816229099135,True,20260911,2,1000
MPL-discriminated,MPL,0.05,5.0,721,0.07102032923709774,0.14647477181594631,0.07545444257884858,True,20260911,2,1000
MPL-discriminated,MPL,0.05,5.0,722,0.07846413987246292,0.15923296822361852,0.08076882835115559,True,20260911,2,1000
MPL-discriminated,MPL,0.05,5.0,723,0.07902755562970369,0.1504695155710873,0.0714419599413836,True,20260911,2,1000
MPL-discriminated,MPL,0.05,5.0,724,0.07762666676570626,0.14428365631158316,0.0666569895458769,True,20260911,2,1000
MPL-discriminated,MPL,0.05,5.0,725,0.11738055011693425,0.166752433874486,0.049371883757551735,True,20260911,2,1000
MPL-discriminated,MPL,0.05,5.0,726,0.0771510257537492,0.154822180284734,0.07767115453098479,True,20260911,2,1000
MPL-discriminated,MPL,0.05,5.0,727,0.07961148879830775,0.14967991006038328,0.07006842126207553,True,20260911,2,1000
MPL-discriminated,MPL,0.05,5.0,728,0.07582668563408675,0.15370873880271207,0.07788205316862533,True,20260911,2,1000
MPL-discriminated,MPL,0.05,5.0,729,0.0763616048323928,0.14897548447027817,0.07261387963788538,True,20260911,2,1000
MPL-discriminated,MPL,0.05,5.0,730,0.07822103940161486,0.15254787522652472,0.07432683582490986,True,20260911,2,1000
MPL-discriminated,MPL,0.05,5.0,731,0.07162692607210727,0.14626726058566938,0.07464033451356211,True,20260911,2,1000
MPL-discriminated,MPL,0.05,5.0,732,0.08359547195603949,0.15384763066838208,0.0702521587123426,True,20260911,2,1000
MPL-discriminated,MPL,0.05,5.0,733,0.0782812541406662,0.15408504030289505,0.07580378616222885,True,20260911,2,1000
MPL-discriminated,MPL,0.05,5.0,734,0.07109166597891665,0.14563144434874858,0.07453977836983193,True,20260911,2,1000
MPL-discriminated,MPL,0.05,5.0,735,0.07085144613493752,0.15074053237193685,0.07988908623699933,True,20260911,2,1000
MPL-discriminated,MPL,0.05,5.0,736,0.07350379501156003,0.14505276631977285,0.07154897130821282,True,20260911,2,1000
MPL-discriminated,MPL,0.05,5.0,737,0.07156394170428096,0.15100682220419218,0.07944288049991122,True,20260911,2,1000
MPL-discriminated,MPL,0.05,5.0,738,0.07546030920933926,0.15692187657216522,0.08146156736282596,True,20260911,2,1000
MPL-discriminated,MPL,0.05,5.0,739,0.08065312843048199,0.151979941513415,0.07132681308293302,True,20260911,2,1000
MPL-discriminated,MPL,0.05,5.0,740,0.07344444690517593,0.15097875088496696,0.07753430397979102,True,20260911,2,1000
MPL-discriminated,MPL,0.05,5.0,741,0.07030897105949617,0.14860437144420982,0.07829540038471365,True,20260911,2,1000
MPL-discriminated,MPL,0.05,5.0,742,0.09343097327702227,0.1576778246587416,0.06424685138171934,True,20260911,2,1000
MPL-discriminated,MPL,0.05,5.0,743,0.07978628231005466,0.15171971902020365,0.07193343671014898,True,20260911,2,1000
MPL-discriminated,MPL,0.05,5.0,744,0.11572141947798695,0.17103995156017224,0.05531853208218529,True,20260911,2,1000
MPL-discriminated,MPL,0.05,5.0,745,0.0776458655914697,0.14292930978500307,0.06528344419353337,True,20260911,2,1000
MPL-discriminated,MPL,0.05,5.0,746,0.07606474915716299,0.14791799796014776,0.07185324880298477,True,20260911,2,1000
MPL-discriminated,MPL,0.05,5.0,747,0.07957044954993167,0.15095412401944802,0.07138367446951635,True,20260911,2,1000
MPL-discriminated,MPL,0.05,5.0,748,0.0749739482964585,0.14735725011952588,0.07238330182306739,True,20260911,2,1000
MPL-discriminated,MPL,0.05,5.0,749,0.07972288001367671,0.14525503034825948,0.06553215033458278,True,20260911,2,1000
MPL-discriminated,MPL,0.05,5.0,750,0.07070289494506884,0.14684962619992642,0.07614673125485757,True,20260911,2,1000
MPL-discriminated,MPL,0.05,5.0,751,0.07731738948922941,0.1482548303488884,0.07093744085965899,True,20260911,2,1000
MPL-discriminated,MPL,0.05,5.0,752,0.1207006867093811,0.17112540942958882,0.05042472272020772,True,20260911,2,1000
MPL-discriminated,MPL,0.05,5.0,753,0.10347744922215908,0.16739793643054837,0.06392048720838929,True,20260911,2,1000
MPL-discriminated,MPL,0.05,5.0,754,0.0833887040599856,0.1563865676943833,0.07299786363439771,True,20260911,2,1000
MPL-discriminated,MPL,0.05,5.0,755,0.09773611622889895,0.15864627183288263,0.060910155603983676,True,20260911,2,1000
MPL-discriminated,MPL,0.05,5.0,756,0.07545139530233423,0.14293208701075158,0.06748069170841735,True,20260911,2,1000
MPL-discriminated,MPL,0.05,5.0,757,0.07749896016878703,0.1489642138269864,0.07146525365819938,True,20260911,2,1000
MPL-discriminated,MPL,0.05,5.0,758,0.1173529483547572,0.17595540726014647,0.058602458905389274,True,20260911,2,1000
MPL-discriminated,MPL,0.05,5.0,759,0.09151554886620898,0.150963436498865,0.05944788763265603,True,20260911,2,1000
MPL-discriminated,MPL,0.05,5.0,760,0.0870301326116754,0.1584141316511231,0.07138399903944771,True,20260911,2,1000
MPL-discriminated,MPL,0.05,5.0,761,0.07314226798703137,0.14882944589094593,0.07568717790391456,True,20260911,2,1000
MPL-discriminated,MPL,0.05,5.0,762,0.07876591811827575,0.1543538096682312,0.07558789154995545,True,20260911,2,1000
MPL-discriminated,MPL,0.05,5.0,763,0.0734107991164761,0.14965744444363568,0.07624664532715958,True,20260911,2,1000
MPL-discriminated,MPL,0.05,5.0,764,0.08038637032682192,0.1463247669255404,0.06593839659871847,True,20260911,2,1000
MPL-discriminated,MPL,0.05,5.0,765,0.07309287296348296,0.14897926777893541,0.07588639481545245,True,20260911,2,1000
MPL-discriminated,MPL,0.05,5.0,766,0.07329508155419394,0.15475275513700276,0.08145767358280882,True,20260911,2,1000
MPL-discriminated,MPL,0.05,5.0,767,0.08354838095540545,0.15067858508019819,0.06713020412479273,True,20260911,2,1000
MPL-discriminated,MPL,0.05,5.0,768,0.08472618754119758,0.1564117189671051,0.07168553142590751,True,20260911,2,1000
MPL-discriminated,MPL,0.05,5.0,769,0.08649882152450344,0.15591945103181343,0.06942062950730998,True,20260911,2,1000
MPL-discriminated,MPL,0.05,5.0,770,0.0689120224679888,0.14321224119876624,0.07430021873077744,True,20260911,2,1000
MPL-discriminated,MPL,0.05,5.0,771,0.07383011431833403,0.14734986326602065,0.07351974894768662,True,20260911,2,1000
MPL-discriminated,MPL,0.05,5.0,772,0.08450946512181047,0.15673181055098728,0.07222234542917681,True,20260911,2,1000
MPL-discriminated,MPL,0.05,5.0,773,0.1023077409385458,0.15596128591346622,0.05365354497492042,True,20260911,2,1000
MPL-discriminated,MPL,0.05,5.0,774,0.08172865750702006,0.14813411923107173,0.06640546172405166,True,20260911,2,1000
MPL-discriminated,MPL,0.05,5.0,775,0.0791673379239953,0.1540178907049292,0.07485055278093389,True,20260911,2,1000
MPL-discriminated,MPL,0.05,5.0,776,0.07358553545291507,0.14771958346937322,0.07413404801645815,True,20260911,2,1000
MPL-discriminated,MPL,0.05,5.0,777,0.08590277769430658,0.1595982066683553,0.07369542897404872,True,20260911,2,1000
MPL-discriminated,MPL,0.05,5.0,778,0.08067865598875816,0.1502470002090625,0.06956834422030435,True,20260911,2,1000
MPL-discriminated,MPL,0.05,5.0,779,0.07979194773186113,0.14716183791508763,0.0673698901832265,True,20260911,2,1000
MPL-discriminated,MPL,0.05,5.0,780,0.07952685721948585,0.14712086519760736,0.06759400797812151,True,20260911,2,1000
MPL-discriminated,MPL,0.05,5.0,781,0.07459926612252982,0.14516435318972207,0.07056508706719225,True,20260911,2,1000
MPL-discriminated,MPL,0.05,5.0,782,0.06843252146067479,0.15023328724270563,0.08180076578203084,True,20260911,2,1000
MPL-discriminated,MPL,0.05,5.0,783,0.07262078932797562,0.14510560495561517,0.07248481562763955,True,20260911,2,1000
MPL-discriminated,MPL,0.05,5.0,784,0.0820833655676589,0.15243302888092147,0.07034966331326258,True,20260911,2,1000
MPL-discriminated,MPL,0.05,5.0,785,0.0756354629745478,0.14669104311151052,0.07105558013696271,True,20260911,2,1000
MPL-discriminated,MPL,0.05,5.0,786,0.08250291213470833,0.1482942988727973,0.06579138673808897,True,20260911,2,1000
MPL-discriminated,MPL,0.05,5.0,787,0.08818364434178677,0.1524477593978578,0.06426411505607102,True,20260911,2,1000
MPL-discriminated,MPL,0.05,5.0,788,0.07993651856657498,0.15165372970001692,0.07171721113344194,True,20260911,2,1000
MPL-discriminated,MPL,0.05,5.0,789,0.08001485063681008,0.1511695538459859,0.07115470320917583,True,20260911,2,1000
MPL-discriminated,MPL,0.05,5.0,790,0.07647957436400145,0.14701497275317232,0.07053539838917088,True,20260911,2,1000
MPL-discriminated,MPL,0.05,5.0,791,0.08402906666231481,0.15274582935768086,0.06871676269536604,True,20260911,2,1000
MPL-discriminated,MPL,0.05,5.0,792,0.07831284349376409,0.14872973242922294,0.07041688893545885,True,20260911,2,1000
MPL-discriminated,MPL,0.05,5.0,793,0.08556619155147073,0.14788829378859902,0.06232210223712829,True,20260911,2,1000
MPL-discriminated,MPL,0.05,5.0,794,0.08079658428375178,0.15102434375034068,0.07022775946658891,True,20260911,2,1000
MPL-discriminated,MPL,0.05,5.0,795,0.09549253565064518,0.16045852228827842,0.06496598663763324,True,20260911,2,1000
MPL-discriminated,MPL,0.05,5.0,796,0.11052983531532999,0.1654778588630841,0.05494802354775412,True,20260911,2,1000
MPL-discriminated,MPL,0.05,5.0,797,0.0692849735760404,0.14640822837764578,0.07712325480160538,True,20260911,2,1000
MPL-discriminated,MPL,0.05,5.0,798,0.08225621506759088,0.15192514621634767,0.06966893114875679,True,20260911,2,1000
MPL-discriminated,MPL,0.05,5.0,799,0.10568343579796886,0.16562257254067286,0.059939136742704,True,20260911,2,1000
MPL-discriminated,MPL,0.05,5.0,800,0.08007195437027495,0.14804577226666193,0.06797381789638698,True,20260911,2,1000
MPL-discriminated,MPL,0.05,5.0,801,0.07398562836377327,0.1396955647955193,0.06570993643174604,True,20260911,2,1000
MPL-discriminated,MPL,0.05,5.0,802,0.07952091773995816,0.15416240028792064,0.07464148254796248,True,20260911,2,1000
MPL-discriminated,MPL,0.05,5.0,803,0.08293816201214138,0.15061141471988326,0.06767325270774188,True,20260911,2,1000
MPL-discriminated,MPL,0.05,5.0,804,0.1256793578826366,0.1823885722292263,0.05670921434658971,True,20260911,2,1000
MPL-discriminated,MPL,0.05,5.0,805,0.10227461026877976,0.16839933800230694,0.06612472773352718,True,20260911,2,1000
MPL-discriminated,MPL,0.05,5.0,806,0.08153083380462112,0.14639421757202767,0.06486338376740655,True,20260911,2,1000
MPL-discriminated,MPL,0.05,5.0,807,0.0774930360322766,0.14373006097681656,0.06623702494453997,True,20260911,2,1000
MPL-discriminated,MPL,0.05,5.0,808,0.07720424345951916,0.15234937376696175,0.07514513030744259,True,20260911,2,1000
MPL-discriminated,MPL,0.05,5.0,809,0.07825945417174734,0.13972461061971633,0.06146515644796899,True,20260911,2,1000
MPL-discriminated,MPL,0.05,5.0,810,0.09368171477279695,0.15609818643034343,0.06241647165754648,True,20260911,2,1000
MPL-discriminated,MPL,0.05,5.0,811,0.07961945553589934,0.1517421673176805,0.07212271178178116,True,20260911,2,1000
MPL-discriminated,MPL,0.05,5.0,812,0.08433089984382713,0.15135814026112893,0.06702724041730179,True,20260911,2,1000
MPL-discriminated,MPL,0.05,5.0,813,0.08039890514074827,0.1495901429365376,0.06919123779578934,True,20260911,2,1000
MPL-discriminated,MPL,0.05,5.0,814,0.0781340259021145,0.15353872651291783,0.07540470061080333,True,20260911,2,1000
MPL-discriminated,MPL,0.05,5.0,815,0.11538373275049588,0.17055944231270934,0.05517570956221346,True,20260911,2,1000
MPL-discriminated,MPL,0.05,5.0,816,0.07714504883913091,0.14665624942469246,0.06951120058556155,True,20260911,2,1000
MPL-discriminated,MPL,0.05,5.0,817,0.09033136566681736,0.1569754269125505,0.06664406124573315,True,20260911,2,1000
MPL-discriminated,MPL,0.05,5.0,818,0.07667066920183739,0.15004127871384723,0.07337060951200984,True,20260911,2,1000
MPL-discriminated,MPL,0.05,5.0,819,0.0760423470173619,0.15208148333589538,0.07603913631853348,True,20260911,2,1000
MPL-discriminated,MPL,0.05,5.0,820,0.07579310142187466,0.15602510391768984,0.08023200249581518,True,20260911,2,1000
MPL-discriminated,MPL,0.05,5.0,821,0.10185553056113439,0.1627247969798724,0.06086926641873802,True,20260911,2,1000
MPL-discriminated,MPL,0.05,5.0,822,0.07490171025792033,0.14478384075384257,0.06988213049592223,True,20260911,2,1000
MPL-discriminated,MPL,0.05,5.0,823,0.09137490851794461,0.1638427108831762,0.07246780236523159,True,20260911,2,1000
MPL-discriminated,MPL,0.05,5.0,824,0.08742542809680212,0.15341413184966116,0.06598870375285903,True,20260911,2,1000
MPL-discriminated,MPL,0.05,5.0,825,0.07135935020412822,0.1517904699972804,0.08043111979315219,True,20260911,2,1000
MPL-discriminated,MPL,0.05,5.0,826,0.08593074327097291,0.15252834041803362,0.0665975971470607,True,20260911,2,1000
MPL-discriminated,MPL,0.05,5.0,827,0.07667593597689402,0.14330008341787076,0.06662414744097674,True,20260911,2,1000
MPL-discriminated,MPL,0.05,5.0,828,0.11722770745239477,0.170819819416492,0.05359211196409722,True,20260911,2,1000
MPL-discriminated,MPL,0.05,5.0,829,0.08337387622749812,0.16158239345067868,0.07820851722318056,True,20260911,2,1000
MPL-discriminated,MPL,0.05,5.0,830,0.08611912644210248,0.15550206183222604,0.06938293539012355,True,20260911,2,1000
MPL-discriminated,MPL,0.05,5.0,831,0.07817820434135735,0.1550033406613678,0.07682513632001046,True,20260911,2,1000
MPL-discriminated,MPL,0.05,5.0,832,0.07908824955153937,0.1521660914891151,0.07307784193757574,True,20260911,2,1000
MPL-discriminated,MPL,0.05,5.0,833,0.0817966226746866,0.14834204341049112,0.06654542073580452,True,20260911,2,1000
MPL-discriminated,MPL,0.05,5.0,834,0.07817735347677743,0.1481828460714413,0.07000549259466388,True,20260911,2,1000
MPL-discriminated,MPL,0.05,5.0,835,0.07692973816679702,0.14674841144225786,0.06981867327546085,True,20260911,2,1000
MPL-discriminated,MPL,0.05,5.0,836,0.0777200486308957,0.14360806071880527,0.06588801208790958,True,20260911,2,1000
MPL-discriminated,MPL,0.05,5.0,837,0.09712470030878735,0.14430349579716537,0.047178795488378014,True,20260911,2,1000
MPL-discriminated,MPL,0.05,5.0,838,0.07269212941532399,0.1472001570446594,0.07450802762933542,True,20260911,2,1000
MPL-discriminated,MPL,0.05,5.0,839,0.07004070992660909,0.14614847680452459,0.0761077668779155,True,20260911,2,1000
MPL-discriminated,MPL,0.05,5.0,840,0.06598184973618824,0.1438712235693747,0.07788937383318646,True,20260911,2,1000
MPL-discriminated,MPL,0.05,5.0,841,0.08121421230754164,0.14960604705154704,0.0683918347440054,True,20260911,2,1000
MPL-discriminated,MPL,0.05,5.0,842,0.07570542315688121,0.14611364940051821,0.070408226243637,True,20260911,2,1000
MPL-discriminated,MPL,0.05,5.0,843,0.07465651218934333,0.14491716547718628,0.07026065328784295,True,20260911,2,1000
MPL-discriminated,MPL,0.05,5.0,844,0.07689816761303082,0.14286820990156868,0.06597004228853785,True,20260911,2,1000
MPL-discriminated,MPL,0.05,5.0,845,0.07814630363996242,0.14742652039046583,0.06928021675050341,True,20260911,2,1000
MPL-discriminated,MPL,0.05,5.0,846,0.07623158845454318,0.1502099476650596,0.07397835921051642,True,20260911,2,1000
MPL-discriminated,MPL,0.05,5.0,847,0.06860135836181447,0.14942010409273465,0.08081874573092018,True,20260911,2,1000
MPL-discriminated,MPL,0.05,5.0,848,0.0782802431523909,0.14672095945781072,0.06844071630541981,True,20260911,2,1000
MPL-discriminated,MPL,0.05,5.0,849,0.11171661575557237,0.16373101746912583,0.052014401713553454,True,20260911,2,1000
MPL-discriminated,MPL,0.05,5.0,850,0.07586048369486287,0.14593308895349852,0.07007260525863565,True,20260911,2,1000
MPL-discriminated,MPL,0.05,5.0,851,0.0731019635304494,0.14683635181962623,0.07373438828917683,True,20260911,2,1000
MPL-discriminated,MPL,0.05,5.0,852,0.0790535439002366,0.1515512693214587,0.07249772542122211,True,20260911,2,1000
MPL-discriminated,MPL,0.05,5.0,853,0.08040686025828112,0.1491688540911311,0.06876199383284998,True,20260911,2,1000
MPL-discriminated,MPL,0.05,5.0,854,0.07496509328326859,0.15479776208360177,0.07983266880033318,True,20260911,2,1000
MPL-discriminated,MPL,0.05,5.0,855,0.0813472561401588,0.15140645795800475,0.07005920181784596,True,20260911,2,1000
MPL-discriminated,MPL,0.05,5.0,856,0.11357943167895777,0.16942416017874554,0.05584472849978776,True,20260911,2,1000
MPL-discriminated,MPL,0.05,5.0,857,0.08454541693228176,0.14893003682356523,0.06438461989128347,True,20260911,2,1000
MPL-discriminated,MPL,0.05,5.0,858,0.08308393035490323,0.15354447913176558,0.07046054877686235,True,20260911,2,1000
MPL-discriminated,MPL,0.05,5.0,859,0.0687977828826237,0.1458233209674384,0.07702553808481472,True,20260911,2,1000
MPL-discriminated,MPL,0.05,5.0,860,0.10773272797372813,0.15942297097012717,0.051690242996399044,True,20260911,2,1000
MPL-discriminated,MPL,0.05,5.0,861,0.08480152453234986,0.15072045287705932,0.06591892834470946,True,20260911,2,1000
MPL-discriminated,MPL,0.05,5.0,862,0.09615525741883679,0.1648450560855601,0.06868979866672331,True,20260911,2,1000
MPL-discriminated,MPL,0.05,5.0,863,0.07996096917559026,0.15022867499192427,0.07026770581633401,True,20260911,2,1000
MPL-discriminated,MPL,0.05,5.0,864,0.09787601925987949,0.16174337651735302,0.06386735725747353,True,20260911,2,1000
MPL-discriminated,MPL,0.05,5.0,865,0.07390198657433082,0.15041463045101064,0.07651264387667982,True,20260911,2,1000
MPL-discriminated,MPL,0.05,5.0,866,0.07576126236468146,0.14892956483555045,0.07316830247086899,True,20260911,2,1000
MPL-discriminated,MPL,0.05,5.0,867,0.07905401506546215,0.1464177518949427,0.06736373682948053,True,20260911,2,1000
MPL-discriminated,MPL,0.05,5.0,868,0.09510523405925585,0.15792349501488104,0.06281826095562519,True,20260911,2,1000
MPL-discriminated,MPL,0.05,5.0,869,0.12375191116346736,0.17251426867582725,0.0487623575123599,True,20260911,2,1000
MPL-discriminated,MPL,0.05,5.0,870,0.08833264821267413,0.15299889690679647,0.06466624869412234,True,20260911,2,1000
MPL-discriminated,MPL,0.05,5.0,871,0.07905879348801487,0.14421926925637515,0.06516047576836029,True,20260911,2,1000
MPL-discriminated,MPL,0.05,5.0,872,0.09934383693840554,0.1545574631791367,0.05521362624073117,True,20260911,2,1000
MPL-discriminated,MPL,0.05,5.0,873,0.07166675263720643,0.1443850718811943,0.07271831924398786,True,20260911,2,1000
MPL-discriminated,MPL,0.05,5.0,874,0.08523785914986887,0.15114550435891472,0.06590764520904585,True,20260911,2,1000
MPL-discriminated,MPL,0.05,5.0,875,0.08123405863712414,0.15223774788836664,0.0710036892512425,True,20260911,2,1000
MPL-discriminated,MPL,0.05,5.0,876,0.09264697091694532,0.14837703812430306,0.055730067207357736,True,20260911,2,1000
MPL-discriminated,MPL,0.05,5.0,877,0.07338922528669223,0.14875575137482563,0.0753665260881334,True,20260911,2,1000
MPL-discriminated,MPL,0.05,5.0,878,0.08748018166682711,0.14854289836918813,0.06106271670236102,True,20260911,2,1000
MPL-discriminated,MPL,0.05,5.0,879,0.07523454822050744,0.14561820538472886,0.07038365716422142,True,20260911,2,1000
MPL-discriminated,MPL,0.05,5.0,880,0.09161315697463641,0.15325783766791096,0.06164468069327454,True,20260911,2,1000
MPL-discriminated,MPL,0.05,5.0,881,0.07667685947208586,0.14660792271770856,0.0699310632456227,True,20260911,2,1000
MPL-discriminated,MPL,0.05,5.0,882,0.07417642604916151,0.14596638128343725,0.07178995523427574,True,20260911,2,1000
MPL-discriminated,MPL,0.05,5.0,883,0.06926046749735518,0.14619996644580352,0.07693949894844834,True,20260911,2,1000
MPL-discriminated,MPL,0.05,5.0,884,0.07970995616106953,0.15055358473470695,0.07084362857363742,True,20260911,2,1000
MPL-discriminated,MPL,0.05,5.0,885,0.07628693595940554,0.1512773133888803,0.07499037742947477,True,20260911,2,1000
MPL-discriminated,MPL,0.05,5.0,886,0.07349876133349206,0.15079035934154342,0.07729159800805135,True,20260911,2,1000
MPL-discriminated,MPL,0.05,5.0,887,0.07751130380303632,0.15107070753423224,0.07355940373119592,True,20260911,2,1000
MPL-discriminated,MPL,0.05,5.0,888,0.08086397227918886,0.15068554708687107,0.06982157480768221,True,20260911,2,1000
MPL-discriminated,MPL,0.05,5.0,889,0.08041250107188118,0.15513735650293084,0.07472485543104966,True,20260911,2,1000
MPL-discriminated,MPL,0.05,5.0,890,0.0849349193234979,0.15040325156072026,0.06546833223722236,True,20260911,2,1000
MPL-discriminated,MPL,0.05,5.0,891,0.08240834120392407,0.14987281350994405,0.06746447230601998,True,20260911,2,1000
MPL-discriminated,MPL,0.05,5.0,892,0.08111479922954645,0.14753033452672148,0.06641553529717503,True,20260911,2,1000
MPL-discriminated,MPL,0.05,5.0,893,0.07026690080036213,0.14977492893659697,0.07950802813623484,True,20260911,2,1000
MPL-discriminated,MPL,0.05,5.0,894,0.06771247424193248,0.14629089583553487,0.07857842159360238,True,20260911,2,1000
MPL-discriminated,MPL,0.05,5.0,895,0.08285756623751397,0.1487771722449006,0.06591960600738664,True,20260911,2,1000
MPL-discriminated,MPL,0.05,5.0,896,0.08357116694769125,0.1555912473617057,0.07202008041401446,True,20260911,2,1000
MPL-discriminated,MPL,0.05,5.0,897,0.07428955566470756,0.1491413945642881,0.07485183889958054,True,20260911,2,1000
MPL-discriminated,MPL,0.05,5.0,898,0.0738673583760154,0.1447344071668004,0.070867048790785,True,20260911,2,1000
MPL-discriminated,MPL,0.05,5.0,899,0.09562908475095327,0.1607150530405123,0.06508596828955904,True,20260911,2,1000
MPL-discriminated,MPL,0.05,5.0,900,0.07882173122789876,0.15067911215767973,0.07185738092978097,True,20260911,2,1000
MPL-discriminated,MPL,0.05,5.0,901,0.07874801285704852,0.15324738993257547,0.07449937707552695,True,20260911,2,1000
MPL-discriminated,MPL,0.05,5.0,902,0.08655527424792309,0.15161076454791908,0.065055490299996,True,20260911,2,1000
MPL-discriminated,MPL,0.05,5.0,903,0.09879708357922252,0.1590178329704065,0.06022074939118398,True,20260911,2,1000
MPL-discriminated,MPL,0.05,5.0,904,0.08159513779460045,0.14075571784299545,0.059160580048395,True,20260911,2,1000
MPL-discriminated,MPL,0.05,5.0,905,0.07800713200334133,0.15298163980945487,0.07497450780611353,True,20260911,2,1000
MPL-discriminated,MPL,0.05,5.0,906,0.0789338649070212,0.15269989546816237,0.07376603056114117,True,20260911,2,1000
MPL-discriminated,MPL,0.05,5.0,907,0.08544681821884684,0.15388194744838668,0.06843512922953984,True,20260911,2,1000
MPL-discriminated,MPL,0.05,5.0,908,0.07642739897824125,0.14423694623333813,0.06780954725509689,True,20260911,2,1000
MPL-discriminated,MPL,0.05,5.0,909,0.07542441176361465,0.1494676474287917,0.07404323566517705,True,20260911,2,1000
MPL-discriminated,MPL,0.05,5.0,910,0.0778650631927525,0.15143902696112063,0.07357396376836813,True,20260911,2,1000
MPL-discriminated,MPL,0.05,5.0,911,0.06929916355534578,0.14699039603713077,0.07769123248178499,True,20260911,2,1000
MPL-discriminated,MPL,0.05,5.0,912,0.09046979664744063,0.15659773936833168,0.06612794272089105,True,20260911,2,1000
MPL-discriminated,MPL,0.05,5.0,913,0.0845532069866317,0.15216781244725708,0.06761460546062538,True,20260911,2,1000
MPL-discriminated,MPL,0.05,5.0,914,0.08012922977894056,0.14794299587975723,0.06781376610081667,True,20260911,2,1000
MPL-discriminated,MPL,0.05,5.0,915,0.09706523141493917,0.16534413288824348,0.06827890147330432,True,20260911,2,1000
MPL-discriminated,MPL,0.05,5.0,916,0.07111250620149215,0.14322228297686565,0.0721097767753735,True,20260911,2,1000
MPL-discriminated,MPL,0.05,5.0,917,0.08524897190757078,0.1526235147878427,0.06737454288027192,True,20260911,2,1000
MPL-discriminated,MPL,0.05,5.0,918,0.07843635720390557,0.15540082481939177,0.0769644676154862,True,20260911,2,1000
MPL-discriminated,MPL,0.05,5.0,919,0.07690869912837442,0.1444096952142958,0.06750099608592139,True,20260911,2,1000
MPL-discriminated,MPL,0.05,5.0,920,0.0770778872624762,0.1580083973837324,0.0809305101212562,True,20260911,2,1000
MPL-discriminated,MPL,0.05,5.0,921,0.07923744225206805,0.14343538157840877,0.06419793932634071,True,20260911,2,1000
MPL-discriminated,MPL,0.05,5.0,922,0.07593186976007398,0.15051001466680464,0.07457814490673066,True,20260911,2,1000
MPL-discriminated,MPL,0.05,5.0,923,0.0760064397525332,0.1435764467436528,0.0675700069911196,True,20260911,2,1000
MPL-discriminated,MPL,0.05,5.0,924,0.08038558073168212,0.14673238581380063,0.06634680508211852,True,20260911,2,1000
MPL-discriminated,MPL,0.05,5.0,925,0.08046854995853565,0.15336399328469646,0.07289544332616081,True,20260911,2,1000
MPL-discriminated,MPL,0.05,5.0,926,0.08336534641032753,0.1534672931736223,0.07010194676329476,True,20260911,2,1000
MPL-discriminated,MPL,0.05,5.0,927,0.07712164947200187,0.14899628105020457,0.0718746315782027,True,20260911,2,1000
MPL-discriminated,MPL,0.05,5.0,928,0.07452893537219137,0.14795366863445905,0.07342473326226769,True,20260911,2,1000
MPL-discriminated,MPL,0.05,5.0,929,0.0867957244481439,0.15225746287307196,0.06546173842492806,True,20260911,2,1000
MPL-discriminated,MPL,0.05,5.0,930,0.07927337236647408,0.14627021800700804,0.06699684564053396,True,20260911,2,1000
MPL-discriminated,MPL,0.05,5.0,931,0.14004870614931783,0.1880992707237061,0.04805056457438828,True,20260911,2,1000
MPL-discriminated,MPL,0.05,5.0,932,0.12251479973347543,0.17628930420238484,0.05377450446890941,True,20260911,2,1000
MPL-discriminated,MPL,0.05,5.0,933,0.0737442739145464,0.15651328828775107,0.08276901437320468,True,20260911,2,1000
MPL-discriminated,MPL,0.05,5.0,934,0.087360433702055,0.15558002426902698,0.06821959056697198,True,20260911,2,1000
MPL-discriminated,MPL,0.05,5.0,935,0.0795124683823384,0.15312179909951276,0.07360933071717436,True,20260911,2,1000
MPL-discriminated,MPL,0.05,5.0,936,0.06720065223954233,0.14196741855735182,0.07476676631780949,True,20260911,2,1000
MPL-discriminated,MPL,0.05,5.0,937,0.08274801344453356,0.15661206716428064,0.07386405371974708,True,20260911,2,1000
MPL-discriminated,MPL,0.05,5.0,938,0.07342454097996459,0.14331356419527688,0.06988902321531229,True,20260911,2,1000
MPL-discriminated,MPL,0.05,5.0,939,0.07447872434594827,0.15135548650321373,0.07687676215726547,True,20260911,2,1000
MPL-discriminated,MPL,0.05,5.0,940,0.0907256225512003,0.15125475400216398,0.06052913145096368,True,20260911,2,1000
MPL-discriminated,MPL,0.05,5.0,941,0.11299127914915033,0.16885621436923423,0.0558649352200839,True,20260911,2,1000
MPL-discriminated,MPL,0.05,5.0,942,0.0891233665352971,0.15617686312241644,0.06705349658711934,True,20260911,2,1000
MPL-discriminated,MPL,0.05,5.0,943,0.08817305833381754,0.15104759252609504,0.0628745341922775,True,20260911,2,1000
MPL-discriminated,MPL,0.05,5.0,944,0.11301786973523743,0.17106055697414582,0.05804268723890839,True,20260911,2,1000
MPL-discriminated,MPL,0.05,5.0,945,0.07578608315133215,0.1474809972225356,0.07169491407120346,True,20260911,2,1000
MPL-discriminated,MPL,0.05,5.0,946,0.11469685346863931,0.1646499393755146,0.04995308590687528,True,20260911,2,1000
MPL-discriminated,MPL,0.05,5.0,947,0.0745040963780181,0.14976065219105272,0.07525655581303463,True,20260911,2,1000
MPL-discriminated,MPL,0.05,5.0,948,0.0756239096489189,0.14833405898842508,0.07271014933950619,True,20260911,2,1000
MPL-discriminated,MPL,0.05,5.0,949,0.0849273640665122,0.15481550008683864,0.06988813602032644,True,20260911,2,1000
MPL-discriminated,MPL,0.05,5.0,950,0.0970302309315291,0.15529745487904092,0.058267223947511826,True,20260911,2,1000
MPL-discriminated,MPL,0.05,5.0,951,0.07441838605338505,0.15160695336377522,0.07718856731039017,True,20260911,2,1000
MPL-discriminated,MPL,0.05,5.0,952,0.08612335542361248,0.1524081562291533,0.06628480080554082,True,20260911,2,1000
MPL-discriminated,MPL,0.05,5.0,953,0.08536072973838107,0.1533636086847241,0.06800287894634302,True,20260911,2,1000
MPL-discriminated,MPL,0.05,5.0,954,0.07983712426557948,0.15194446470636278,0.07210734044078329,True,20260911,2,1000
MPL-discriminated,MPL,0.05,5.0,955,0.09180395290877638,0.15590692041122772,0.06410296750245134,True,20260911,2,1000
MPL-discriminated,MPL,0.05,5.0,956,0.0834916162469819,0.15138167721202767,0.06789006096504577,True,20260911,2,1000
MPL-discriminated,MPL,0.05,5.0,957,0.08781310106749782,0.15387273472672525,0.06605963365922743,True,20260911,2,1000
MPL-discriminated,MPL,0.05,5.0,958,0.1292007152885774,0.17569174587776662,0.046491030589189214,True,20260911,2,1000
MPL-discriminated,MPL,0.05,5.0,959,0.07112084228408948,0.14558706700070861,0.07446622471661914,True,20260911,2,1000
MPL-discriminated,MPL,0.05,5.0,960,0.07281550706219433,0.1468837905640138,0.07406828350181946,True,20260911,2,1000
MPL-discriminated,MPL,0.05,5.0,961,0.0715109893949458,0.14821800195363308,0.07670701255868728,True,20260911,2,1000
MPL-discriminated,MPL,0.05,5.0,962,0.08134099591892155,0.1586115472757526,0.07727055135683106,True,20260911,2,1000
MPL-discriminated,MPL,0.05,5.0,963,0.09318629640445791,0.1597067216308942,0.06652042522643628,True,20260911,2,1000
MPL-discriminated,MPL,0.05,5.0,964,0.07118780283024988,0.14744594608661113,0.07625814325636125,True,20260911,2,1000
MPL-discriminated,MPL,0.05,5.0,965,0.07495091696483151,0.14840757063691165,0.07345665367208014,True,20260911,2,1000
MPL-discriminated,MPL,0.05,5.0,966,0.08285008205067877,0.1487605009154664,0.06591041886478761,True,20260911,2,1000
MPL-discriminated,MPL,0.05,5.0,967,0.08168939429603335,0.15071646311148224,0.06902706881544889,True,20260911,2,1000
MPL-discriminated,MPL,0.05,5.0,968,0.0837166903874376,0.15506709034082305,0.07135039995338545,True,20260911,2,1000
MPL-discriminated,MPL,0.05,5.0,969,0.08247157933453045,0.1427440104221055,0.060272431087575046,True,20260911,2,1000
MPL-discriminated,MPL,0.05,5.0,970,0.08623242481175558,0.15306530749821348,0.0668328826864579,True,20260911,2,1000
MPL-discriminated,MPL,0.05,5.0,971,0.07974066784959885,0.1531744006918002,0.07343373284220134,True,20260911,2,1000
MPL-discriminated,MPL,0.05,5.0,972,0.09488140051863317,0.15879617382487146,0.06391477330623829,True,20260911,2,1000
MPL-discriminated,MPL,0.05,5.0,973,0.07958321822022658,0.1511487329646515,0.07156551474442492,True,20260911,2,1000
MPL-discriminated,MPL,0.05,5.0,974,0.08187593095647056,0.1477574627123815,0.06588153175591094,True,20260911,2,1000
MPL-discriminated,MPL,0.05,5.0,975,0.08262091853221006,0.15598248052480315,0.0733615619925931,True,20260911,2,1000
MPL-discriminated,MPL,0.05,5.0,976,0.07580091577421001,0.1536765878175443,0.0778756720433343,True,20260911,2,1000
MPL-discriminated,MPL,0.05,5.0,977,0.077882158159787,0.14438767328219737,0.06650551512241037,True,20260911,2,1000
MPL-discriminated,MPL,0.05,5.0,978,0.08424635353713857,0.14868246525198997,0.0644361117148514,True,20260911,2,1000
MPL-discriminated,MPL,0.05,5.0,979,0.07731859002766361,0.15305059256653805,0.07573200253887444,True,20260911,2,1000
MPL-discriminated,MPL,0.05,5.0,980,0.0819316393851801,0.15025883405103746,0.06832719466585736,True,20260911,2,1000
MPL-discriminated,MPL,0.05,5.0,981,0.08610447544520837,0.15845079953922298,0.0723463240940146,True,20260911,2,1000
MPL-discriminated,MPL,0.05,5.0,982,0.069705841890384,0.1406269453520546,0.07092110346167062,True,20260911,2,1000
MPL-discriminated,MPL,0.05,5.0,983,0.08223864370125056,0.1473797764692913,0.06514113276804073,True,20260911,2,1000
MPL-discriminated,MPL,0.05,5.0,984,0.08430093488095124,0.1551165502181787,0.07081561533722745,True,20260911,2,1000
MPL-discriminated,MPL,0.05,5.0,985,0.08246420051133252,0.15035283918206357,0.06788863867073106,True,20260911,2,1000
MPL-discriminated,MPL,0.05,5.0,986,0.09399596933629487,0.15946230601153363,0.06546633667523877,True,20260911,2,1000
MPL-discriminated,MPL,0.05,5.0,987,0.0726766971445872,0.1433444585173804,0.0706677613727932,True,20260911,2,1000
MPL-discriminated,MPL,0.05,5.0,988,0.1030949969607554,0.15151332446190585,0.04841832750115045,True,20260911,2,1000
MPL-discriminated,MPL,0.05,5.0,989,0.09779700677772409,0.15910692780111882,0.061309921023394734,True,20260911,2,1000
MPL-discriminated,MPL,0.05,5.0,990,0.08156600400965963,0.15332861873056522,0.07176261472090559,True,20260911,2,1000
MPL-discriminated,MPL,0.05,5.0,991,0.07943391071575423,0.15204239998267444,0.0726084892669202,True,20260911,2,1000
MPL-discriminated,MPL,0.05,5.0,992,0.08295706899542853,0.14759819653066916,0.06464112753524064,True,20260911,2,1000
MPL-discriminated,MPL,0.05,5.0,993,0.09491776221925337,0.16160553879769698,0.06668777657844362,True,20260911,2,1000
MPL-discriminated,MPL,0.05,5.0,994,0.07159192118639414,0.14861463852415305,0.07702271733775891,True,20260911,2,1000
MPL-discriminated,MPL,0.05,5.0,995,0.08336741658720502,0.15079679806380927,0.06742938147660425,True,20260911,2,1000
MPL-discriminated,MPL,0.05,5.0,996,0.07969195757023646,0.15557504727701776,0.0758830897067813,True,20260911,2,1000
MPL-discriminated,MPL,0.05,5.0,997,0.07579984426778447,0.14306324211985838,0.06726339785207391,True,20260911,2,1000
MPL-discriminated,MPL,0.05,5.0,998,0.07533220043609874,0.1469478905976804,0.07161569016158166,True,20260911,2,1000
MPL-discriminated,MPL,0.05,5.0,999,0.08190893434175814,0.14680561046558638,0.06489667612382824,True,20260911,2,1000
LN-near-degenerate,LN,0.01,1.0,0,0.019757551889398036,0.01905635981040797,-0.0007011920789900677,False,20260911,3,1000
LN-near-degenerate,LN,0.01,1.0,1,0.016801149249603544,0.022309264712494555,0.005508115462891011,True,20260911,3,1000
LN-near-degenerate,LN,0.01,1.0,2,0.014452714979086477,0.017584854023920363,0.0031321390448338857,True,20260911,3,1000
LN-near-degenerate,LN,0.01,1.0,3,0.016698680299606063,0.02020904064129215,0.0035103603416860862,True,20260911,3,1000
LN-near-degenerate,LN,0.01,1.0,4,0.02413401149692229,0.030917737080345627,0.006783725583423338,True,20260911,3,1000
LN-near-degenerate,LN,0.01,1.0,5,0.014269661021295319,0.017475813226598434,0.003206152205303115,True,20260911,3,1000
LN-near-degenerate,LN,0.01,1.0,6,0.020623921521796356,0.030166890770375564,0.009542969248579208,True,20260911,3,1000
LN-near-degenerate,LN,0.01,1.0,7,0.01585135355783918,0.021807977344699084,0.005956623786859905,True,20260911,3,1000
LN-near-degenerate,LN,0.01,1.0,8,0.016916550509087913,0.023029674806081982,0.006113124296994069,True,20260911,3,1000
LN-near-degenerate,LN,0.01,1.0,9,0.014291771552184074,0.018791452656733175,0.0044996811045491004,True,20260911,3,1000
LN-near-degenerate,LN,0.01,1.0,10,0.017294480129635453,0.023210173252291043,0.00591569312265559,True,20260911,3,1000
LN-near-degenerate,LN,0.01,1.0,11,0.016631897427944072,0.019854271907530533,0.003222374479586461,True,20260911,3,1000
LN-near-degenerate,LN,0.01,1.0,12,0.014965321379123044,0.017914643041893323,0.002949321662770279,True,20260911,3,1000
LN-near-degenerate,LN,0.01,1.0,13,0.015604017381931014,0.018427907267463715,0.0028238898855327006,True,20260911,3,1000
LN-near-degenerate,LN,0.01,1.0,14,0.020142277072105468,0.0200264864367862,-0.00011579063531926698,False,20260911,3,1000
LN-near-degenerate,LN,0.01,1.0,15,0.019602143300010477,0.02043371366425555,0.0008315703642450718,True,20260911,3,1000
LN-near-degenerate,LN,0.01,1.0,16,0.02597328303634566,0.024906184106754152,-0.001067098929591507,False,20260911,3,1000
LN-near-degenerate,LN,0.01,1.0,17,0.015491247525756407,0.01820397671088221,0.002712729185125804,True,20260911,3,1000
LN-near-degenerate,LN,0.01,1.0,18,0.020859767756952443,0.019537887088070652,-0.0013218806688817912,False,20260911,3,1000
LN-near-degenerate,LN,0.01,1.0,19,0.018769287998270184,0.019914380927884355,0.0011450929296141707,True,20260911,3,1000
LN-near-degenerate,LN,0.01,1.0,20,0.014375139610028429,0.018130348504031973,0.0037552088940035443,True,20260911,3,1000
LN-near-degenerate,LN,0.01,1.0,21,0.016474944273294972,0.020221836687180188,0.003746892413885216,True,20260911,3,1000
LN-near-degenerate,LN,0.01,1.0,22,0.019186331344596047,0.019810206370390892,0.0006238750257948449,True,20260911,3,1000
LN-near-degenerate,LN,0.01,1.0,23,0.017433099782830308,0.024072065897630366,0.006638966114800058,True,20260911,3,1000
LN-near-degenerate,LN,0.01,1.0,24,0.01740938103784396,0.020152791152221645,0.002743410114377686,True,20260911,3,1000
LN-near-degenerate,LN,0.01,1.0,25,0.02351287271504703,0.023278087650590255,-0.0002347850644567745,False,20260911,3,1000
LN-near-degenerate,LN,0.01,1.0,26,0.015632958791651958,0.019158538636805618,0.0035255798451536598,True,20260911,3,1000
LN-near-degenerate,LN,0.01,1.0,27,0.015736868428785133,0.018556682304071613,0.0028198138752864796,True,20260911,3,1000
LN-near-degenerate,LN,0.01,1.0,28,0.014570219504956941,0.01944800526877247,0.004877785763815529,True,20260911,3,1000
LN-near-degenerate,LN,0.01,1.0,29,0.016043417203951027,0.017754939906003065,0.001711522702052038,True,20260911,3,1000
LN-near-degenerate,LN,0.01,1.0,30,0.02135214675109565,0.02107100659751792,-0.00028114015357772956,False,20260911,3,1000
LN-near-degenerate,LN,0.01,1.0,31,0.017218689343577613,0.0198749303925317,0.0026562410489540875,True,20260911,3,1000
LN-near-degenerate,LN,0.01,1.0,32,0.017164607193040214,0.022691559373916537,0.0055269521808763225,True,20260911,3,1000
LN-near-degenerate,LN,0.01,1.0,33,0.01592823507144711,0.018205086168115957,0.0022768510966688464,True,20260911,3,1000
LN-near-degenerate,LN,0.01,1.0,34,0.01802414676280162,0.020262795912335357,0.0022386491495337384,True,20260911,3,1000
LN-near-degenerate,LN,0.01,1.0,35,0.020058932350659017,0.02764197587125722,0.007583043520598201,True,20260911,3,1000
LN-near-degenerate,LN,0.01,1.0,36,0.014575513426675245,0.01744930768353344,0.0028737942568581934,True,20260911,3,1000
LN-near-degenerate,LN,0.01,1.0,37,0.01748629629436046,0.01706645417214752,-0.0004198421222129413,False,20260911,3,1000
LN-near-degenerate,LN,0.01,1.0,38,0.013748738712325551,0.016672020751702172,0.002923282039376621,True,20260911,3,1000
LN-near-degenerate,LN,0.01,1.0,39,0.015125481879698005,0.01814428952369998,0.003018807644001975,True,20260911,3,1000
LN-near-degenerate,LN,0.01,1.0,40,0.01543006617266777,0.019210385028887864,0.0037803188562200944,True,20260911,3,1000
LN-near-degenerate,LN,0.01,1.0,41,0.019689022407171446,0.02121843907465332,0.001529416667481874,True,20260911,3,1000
LN-near-degenerate,LN,0.01,1.0,42,0.014754661397340099,0.01955297278307373,0.00479831138573363,True,20260911,3,1000
LN-near-degenerate,LN,0.01,1.0,43,0.017495989776132887,0.017541168265311862,4.517848917897499e-05,True,20260911,3,1000
LN-near-degenerate,LN,0.01,1.0,44,0.014150885567011147,0.01823833724878918,0.004087451681778034,True,20260911,3,1000
LN-near-degenerate,LN,0.01,1.0,45,0.01782797286911704,0.01788930229963784,6.132943052080189e-05,True,20260911,3,1000
LN-near-degenerate,LN,0.01,1.0,46,0.015331548686190011,0.02091901748009404,0.0055874687939040275,True,20260911,3,1000
LN-near-degenerate,LN,0.01,1.0,47,0.02605786232813289,0.024156355501004232,-0.001901506827128658,False,20260911,3,1000
LN-near-degenerate,LN,0.01,1.0,48,0.018742241636670636,0.020806191643190437,0.0020639500065198005,True,20260911,3,1000
LN-near-degenerate,LN,0.01,1.0,49,0.020621555989683293,0.028379500888354295,0.0077579448986710015,True,20260911,3,1000
LN-near-degenerate,LN,0.01,1.0,50,0.024127172765747402,0.02244000645936844,-0.0016871663063789608,False,20260911,3,1000
LN-near-degenerate,LN,0.01,1.0,51,0.014753845666454601,0.019022344382023597,0.0042684987155689955,True,20260911,3,1000
LN-near-degenerate,LN,0.01,1.0,52,0.022400510848637423,0.021780157098866756,-0.0006203537497706663,False,20260911,3,1000
LN-near-degenerate,LN,0.01,1.0,53,0.01818482506419112,0.024195480919720177,0.0060106558555290575,True,20260911,3,1000
LN-near-degenerate,LN,0.01,1.0,54,0.021480917535591566,0.018311697294116462,-0.003169220241475104,False,20260911,3,1000
LN-near-degenerate,LN,0.01,1.0,55,0.016729603844568713,0.019158663862394704,0.002429060017825991,True,20260911,3,1000
LN-near-degenerate,LN,0.01,1.0,56,0.017087048384231692,0.018890111554074784,0.0018030631698430916,True,20260911,3,1000
LN-near-degenerate,LN,0.01,1.0,57,0.029550660847384277,0.024453940524653786,-0.005096720322730491,False,20260911,3,1000
LN-near-degenerate,LN,0.01,1.0,58,0.025192189009750163,0.026987076276066967,0.001794887266316804,True,20260911,3,1000
LN-near-degenerate,LN,0.01,1.0,59,0.022544241870281576,0.022313848544967235,-0.00023039332531434031,False,20260911,3,1000
LN-near-degenerate,LN,0.01,1.0,60,0.013928918806912207,0.019306624094785528,0.005377705287873321,True,20260911,3,1000
LN-near-degenerate,LN,0.01,1.0,61,0.01526402319896852,0.01862764954063659,0.0033636263416680703,True,20260911,3,1000
LN-near-degenerate,LN,0.01,1.0,62,0.018324185181571986,0.019374516583675665,0.0010503314021036783,True,20260911,3,1000
LN-near-degenerate,LN,0.01,1.0,63,0.021407777913766638,0.019937739900163644,-0.0014700380136029936,False,20260911,3,1000
LN-near-degenerate,LN,0.01,1.0,64,0.016219722854224912,0.01831998898449702,0.002100266130272109,True,20260911,3,1000
LN-near-degenerate,LN,0.01,1.0,65,0.01936064252361496,0.022900856337683736,0.0035402138140687746,True,20260911,3,1000
LN-near-degenerate,LN,0.01,1.0,66,0.014334433400605978,0.01977429763319613,0.005439864232590153,True,20260911,3,1000
LN-near-degenerate,LN,0.01,1.0,67,0.021881634806533042,0.019462483054452154,-0.0024191517520808885,False,20260911,3,1000
LN-near-degenerate,LN,0.01,1.0,68,0.016430992429429893,0.01807618225435012,0.0016451898249202276,True,20260911,3,1000
LN-near-degenerate,LN,0.01,1.0,69,0.016079570398214872,0.022190067730571115,0.006110497332356243,True,20260911,3,1000
LN-near-degenerate,LN,0.01,1.0,70,0.018289528482000588,0.026469621433241688,0.0081800929512411,True,20260911,3,1000
LN-near-degenerate,LN,0.01,1.0,71,0.021244109223173147,0.02167727444675744,0.0004331652235842927,True,20260911,3,1000
LN-near-degenerate,LN,0.01,1.0,72,0.015935808664923192,0.01924676945343627,0.0033109607885130794,True,20260911,3,1000
LN-near-degenerate,LN,0.01,1.0,73,0.02062275231325065,0.019162605575182172,-0.0014601467380684768,False,20260911,3,1000
LN-near-degenerate,LN,0.01,1.0,74,0.024242127719335854,0.021774859203063927,-0.002467268516271926,False,20260911,3,1000
LN-near-degenerate,LN,0.01,1.0,75,0.019725051540672934,0.024484094470734602,0.004759042930061668,True,20260911,3,1000
LN-near-degenerate,LN,0.01,1.0,76,0.015971401114647586,0.018339465848965158,0.0023680647343175716,True,20260911,3,1000
LN-near-degenerate,LN,0.01,1.0,77,0.02169856831972922,0.023131015294447443,0.0014324469747182232,True,20260911,3,1000
LN-near-degenerate,LN,0.01,1.0,78,0.027874260295246374,0.024539918858618687,-0.0033343414366276865,False,20260911,3,1000
LN-near-degenerate,LN,0.01,1.0,79,0.022590424033311282,0.020896316353231307,-0.0016941076800799752,False,20260911,3,1000
LN-near-degenerate,LN,0.01,1.0,80,0.01840628377266964,0.024665130713221895,0.006258846940552256,True,20260911,3,1000
LN-near-degenerate,LN,0.01,1.0,81,0.014266752366574355,0.02025556758769632,0.005988815221121966,True,20260911,3,1000
LN-near-degenerate,LN,0.01,1.0,82,0.025197601419277255,0.024025135774363236,-0.001172465644914019,False,20260911,3,1000
LN-near-degenerate,LN,0.01,1.0,83,0.015344385814659947,0.01893121333609967,0.0035868275214397238,True,20260911,3,1000
LN-near-degenerate,LN,0.01,1.0,84,0.015203261517654965,0.020793008814841963,0.005589747297186998,True,20260911,3,1000
LN-near-degenerate,LN,0.01,1.0,85,0.01614895852455422,0.020532215977490505,0.004383257452936284,True,20260911,3,1000
LN-near-degenerate,LN,0.01,1.0,86,0.02581256545687624,0.03565515895633773,0.00984259349946149,True,20260911,3,1000
LN-near-degenerate,LN,0.01,1.0,87,0.01480712028225081,0.019009455229790015,0.004202334947539205,True,20260911,3,1000
LN-near-degenerate,LN,0.01,1.0,88,0.01872540819465428,0.01941330119429819,0.0006878929996439083,True,20260911,3,1000
LN-near-degenerate,LN,0.01,1.0,89,0.029176984481348568,0.024307649581769307,-0.004869334899579261,False,20260911,3,1000
LN-near-degenerate,LN,0.01,1.0,90,0.017896516517912995,0.019410967410392214,0.0015144508924792195,True,20260911,3,1000
LN-near-degenerate,LN,0.01,1.0,91,0.015427910826188176,0.018388064223888494,0.002960153397700317,True,20260911,3,1000
LN-near-degenerate,LN,0.01,1.0,92,0.015167742449731385,0.020359136338873714,0.005191393889142328,True,20260911,3,1000
LN-near-degenerate,LN,0.01,1.0,93,0.016644107340066286,0.0237169491117023,0.007072841771636015,True,20260911,3,1000
LN-near-degenerate,LN,0.01,1.0,94,0.018715580697901118,0.025678567385112976,0.006962986687211858,True,20260911,3,1000
LN-near-degenerate,LN,0.01,1.0,95,0.020207649446891327,0.018039492103666496,-0.002168157343224831,False,20260911,3,1000
LN-near-degenerate,LN,0.01,1.0,96,0.027651005348949893,0.03075410502819202,0.003103099679242126,True,20260911,3,1000
LN-near-degenerate,LN,0.01,1.0,97,0.014892041139694237,0.016523002112507422,0.001630960972813185,True,20260911,3,1000
LN-near-degenerate,LN,0.01,1.0,98,0.024255384292938727,0.021235789625831707,-0.0030195946671070194,False,20260911,3,1000
LN-near-degenerate,LN,0.01,1.0,99,0.018258341555551044,0.019264145056531744,0.001005803500980701,True,20260911,3,1000
LN-near-degenerate,LN,0.01,1.0,100,0.023182275837800498,0.02100578199874767,-0.0021764938390528288,False,20260911,3,1000
LN-near-degenerate,LN,0.01,1.0,101,0.027588483592923756,0.037064426102586416,0.00947594250966266,True,20260911,3,1000
LN-near-degenerate,LN,0.01,1.0,102,0.015953151213592105,0.02172070503064885,0.005767553817056747,True,20260911,3,1000
LN-near-degenerate,LN,0.01,1.0,103,0.015504764459566727,0.017243850334608377,0.0017390858750416498,True,20260911,3,1000
LN-near-degenerate,LN,0.01,1.0,104,0.018895414617720287,0.022403453976104926,0.003508039358384639,True,20260911,3,1000
LN-near-degenerate,LN,0.01,1.0,105,0.01723928897837666,0.01984521677364828,0.0026059277952716203,True,20260911,3,1000
LN-near-degenerate,LN,0.01,1.0,106,0.01626081004374041,0.019699301004097128,0.0034384909603567167,True,20260911,3,1000
LN-near-degenerate,LN,0.01,1.0,107,0.01686116196666353,0.021960260134786646,0.005099098168123116,True,20260911,3,1000
LN-near-degenerate,LN,0.01,1.0,108,0.014949673615338693,0.020709354103792932,0.0057596804884542385,True,20260911,3,1000
LN-near-degenerate,LN,0.01,1.0,109,0.01696140644447785,0.024013082937324914,0.007051676492847065,True,20260911,3,1000
LN-near-degenerate,LN,0.01,1.0,110,0.019839153965276173,0.02212640972617819,0.002287255760902017,True,20260911,3,1000
LN-near-degenerate,LN,0.01,1.0,111,0.017393665584204104,0.0180045399510885,0.0006108743668843952,True,20260911,3,1000
LN-near-degenerate,LN,0.01,1.0,112,0.02313968615729152,0.021768598553404423,-0.0013710876038870966,False,20260911,3,1000
LN-near-degenerate,LN,0.01,1.0,113,0.016338217441316753,0.017995000176190677,0.0016567827348739246,True,20260911,3,1000
LN-near-degenerate,LN,0.01,1.0,114,0.021938549861709754,0.02142580015099583,-0.0005127497107139251,False,20260911,3,1000
LN-near-degenerate,LN,0.01,1.0,115,0.0258627543661208,0.023203432248759266,-0.0026593221173615324,False,20260911,3,1000
LN-near-degenerate,LN,0.01,1.0,116,0.021425138229422526,0.019824753443661372,-0.001600384785761154,False,20260911,3,1000
LN-near-degenerate,LN,0.01,1.0,117,0.020655454904888095,0.01888125775251203,-0.0017741971523760648,False,20260911,3,1000
LN-near-degenerate,LN,0.01,1.0,118,0.01984128365200479,0.02548628294394332,0.005644999291938527,True,20260911,3,1000
LN-near-degenerate,LN,0.01,1.0,119,0.022677997582703762,0.020730369531228855,-0.0019476280514749075,False,20260911,3,1000
LN-near-degenerate,LN,0.01,1.0,120,0.018950848370216686,0.018426518656572816,-0.0005243297136438702,False,20260911,3,1000
LN-near-degenerate,LN,0.01,1.0,121,0.0243046182152864,0.02097829632914175,-0.003326321886144651,False,20260911,3,1000
LN-near-degenerate,LN,0.01,1.0,122,0.017232773185567443,0.018868130666253494,0.0016353574806860505,True,20260911,3,1000
LN-near-degenerate,LN,0.01,1.0,123,0.015992188298478316,0.01942147944070814,0.0034292911422298226,True,20260911,3,1000
LN-near-degenerate,LN,0.01,1.0,124,0.023664153986253596,0.022869879229062532,-0.0007942747571910644,False,20260911,3,1000
LN-near-degenerate,LN,0.01,1.0,125,0.01572798166993544,0.022610235974852646,0.006882254304917207,True,20260911,3,1000
LN-near-degenerate,LN,0.01,1.0,126,0.014524990296882891,0.018689484639115787,0.004164494342232896,True,20260911,3,1000
LN-near-degenerate,LN,0.01,1.0,127,0.030067575151259306,0.03383662810059937,0.0037690529493400633,True,20260911,3,1000
LN-near-degenerate,LN,0.01,1.0,128,0.016271929346016307,0.023459598941213064,0.007187669595196757,True,20260911,3,1000
LN-near-degenerate,LN,0.01,1.0,129,0.020764712715939288,0.019435928992103516,-0.0013287837238357726,False,20260911,3,1000
LN-near-degenerate,LN,0.01,1.0,130,0.01957645226355231,0.026571712346956895,0.006995260083404585,True,20260911,3,1000
LN-near-degenerate,LN,0.01,1.0,131,0.01600474905414633,0.01727523744310658,0.001270488388960253,True,20260911,3,1000
LN-near-degenerate,LN,0.01,1.0,132,0.02553407755385814,0.024605447747481583,-0.0009286298063765561,False,20260911,3,1000
LN-near-degenerate,LN,0.01,1.0,133,0.029873317292251043,0.02641422020711443,-0.0034590970851366143,False,20260911,3,1000
LN-near-degenerate,LN,0.01,1.0,134,0.03110054435014936,0.02849000960714747,-0.0026105347430018903,False,20260911,3,1000
LN-near-degenerate,LN,0.01,1.0,135,0.0176961342230501,0.019402450855545268,0.0017063166324951667,True,20260911,3,1000
LN-near-degenerate,LN,0.01,1.0,136,0.01532354705253555,0.021462560879575505,0.006139013827039954,True,20260911,3,1000
LN-near-degenerate,LN,0.01,1.0,137,0.018753663120625912,0.0181748799830945,-0.0005787831375314127,False,20260911,3,1000
LN-near-degenerate,LN,0.01,1.0,138,0.016817915764133527,0.018388460987632076,0.0015705452234985491,True,20260911,3,1000
LN-near-degenerate,LN,0.01,1.0,139,0.015258745964869936,0.019757248906468582,0.004498502941598646,True,20260911,3,1000
LN-near-degenerate,LN,0.01,1.0,140,0.02205165271893624,0.023090762855113037,0.0010391101361767983,True,20260911,3,1000
LN-near-degenerate,LN,0.01,1.0,141,0.027293454786692282,0.024238819476083973,-0.00305463531060831,False,20260911,3,1000
LN-near-degenerate,LN,0.01,1.0,142,0.024703833500200896,0.023871747841383392,-0.0008320856588175038,False,20260911,3,1000
LN-near-degenerate,LN,0.01,1.0,143,0.015072254590656071,0.01774085589709419,0.0026686013064381193,True,20260911,3,1000
LN-near-degenerate,LN,0.01,1.0,144,0.025466630946453097,0.021304531826831882,-0.004162099119621215,False,20260911,3,1000
LN-near-degenerate,LN,0.01,1.0,145,0.017618210571743533,0.018949133302321643,0.0013309227305781102,True,20260911,3,1000
LN-near-degenerate,LN,0.01,1.0,146,0.017469660481998113,0.023000277517029537,0.005530617035031424,True,20260911,3,1000
LN-near-degenerate,LN,0.01,1.0,147,0.01572500652661899,0.02045837195114751,0.00473336542452852,True,20260911,3,1000
LN-near-degenerate,LN,0.01,1.0,148,0.018372184790977793,0.0189325707708474,0.0005603859798696056,True,20260911,3,1000
LN-near-degenerate,LN,0.01,1.0,149,0.016521303115668472,0.02429306542706277,0.007771762311394297,True,20260911,3,1000
LN-near-degenerate,LN,0.01,1.0,150,0.02276806065930976,0.022458754956349844,-0.0003093057029599153,False,20260911,3,1000
LN-near-degenerate,LN,0.01,1.0,151,0.01804596024684234,0.02180447542242659,0.003758515175584249,True,20260911,3,1000
LN-near-degenerate,LN,0.01,1.0,152,0.0157985358338338,0.02131898649703041,0.005520450663196612,True,20260911,3,1000
LN-near-degenerate,LN,0.01,1.0,153,0.015904810113745924,0.017047431814267034,0.0011426217005211098,True,20260911,3,1000
LN-near-degenerate,LN,0.01,1.0,154,0.023959951739528917,0.023575324493599538,-0.0003846272459293795,False,20260911,3,1000
LN-near-degenerate,LN,0.01,1.0,155,0.018993415492530738,0.02464263165735727,0.005649216164826533,True,20260911,3,1000
LN-near-degenerate,LN,0.01,1.0,156,0.017008616600974143,0.01787688327773801,0.0008682666767638667,True,20260911,3,1000
LN-near-degenerate,LN,0.01,1.0,157,0.01681045892306142,0.019770824897301024,0.002960365974239605,True,20260911,3,1000
LN-near-degenerate,LN,0.01,1.0,158,0.014663198167244509,0.018362686379435826,0.0036994882121913174,True,20260911,3,1000
LN-near-degenerate,LN,0.01,1.0,159,0.016489553281339053,0.01886677260595526,0.0023772193246162053,True,20260911,3,1000
LN-near-degenerate,LN,0.01,1.0,160,0.020900930718342228,0.0229754914683327,0.002074560749990472,True,20260911,3,1000
LN-near-degenerate,LN,0.01,1.0,161,0.025694275705505507,0.030554616640008237,0.00486034093450273,True,20260911,3,1000
LN-near-degenerate,LN,0.01,1.0,162,0.017361043940446123,0.018191031270356546,0.0008299873299104227,True,20260911,3,1000
LN-near-degenerate,LN,0.01,1.0,163,0.02571819176661204,0.03418390903586716,0.008465717269255123,True,20260911,3,1000
LN-near-degenerate,LN,0.01,1.0,164,0.015363157841068698,0.019058010637680436,0.0036948527966117386,True,20260911,3,1000
LN-near-degenerate,LN,0.01,1.0,165,0.019745839306397023,0.018709933844619674,-0.0010359054617773492,False,20260911,3,1000
LN-near-degenerate,LN,0.01,1.0,166,0.014342041744070269,0.019159648202021422,0.004817606457951153,True,20260911,3,1000
LN-near-degenerate,LN,0.01,1.0,167,0.016083645830641223,0.01706342762265722,0.000979781792015997,True,20260911,3,1000
LN-near-degenerate,LN,0.01,1.0,168,0.014950765047031007,0.02007878192804557,0.005128016881014564,True,20260911,3,1000
LN-near-degenerate,LN,0.01,1.0,169,0.01581814810963445,0.02369034754225424,0.007872199432619787,True,20260911,3,1000
LN-near-degenerate,LN,0.01,1.0,170,0.015761576141961726,0.020494298224168442,0.004732722082206715,True,20260911,3,1000
LN-near-degenerate,LN,0.01,1.0,171,0.02831726314080792,0.02616676003644749,-0.002150503104360428,False,20260911,3,1000
LN-near-degenerate,LN,0.01,1.0,172,0.02322404090426039,0.02065186479487738,-0.0025721761093830085,False,20260911,3,1000
LN-near-degenerate,LN,0.01,1.0,173,0.022723419450117906,0.03120542598055139,0.008482006530433482,True,20260911,3,1000
LN-near-degenerate,LN,0.01,1.0,174,0.01676088597423947,0.019340759720186618,0.0025798737459471477,True,20260911,3,1000
LN-near-degenerate,LN,0.01,1.0,175,0.018117797186470233,0.02167046450729292,0.003552667320822687,True,20260911,3,1000
LN-near-degenerate,LN,0.01,1.0,176,0.015161754305053846,0.019673440322323068,0.004511686017269222,True,20260911,3,1000
LN-near-degenerate,LN,0.01,1.0,177,0.0173647322934863,0.021267309129857852,0.0039025768363715532,True,20260911,3,1000
LN-near-degenerate,LN,0.01,1.0,178,0.019665299837934226,0.021670397848185603,0.0020050980102513764,True,20260911,3,1000
LN-near-degenerate,LN,0.01,1.0,179,0.016830460931765864,0.018457601950913456,0.0016271410191475918,True,20260911,3,1000
LN-near-degenerate,LN,0.01,1.0,180,0.023056718308664435,0.02601363506808278,0.0029569167594183446,True,20260911,3,1000
LN-near-degenerate,LN,0.01,1.0,181,0.015889653615472822,0.020778384761142632,0.00488873114566981,True,20260911,3,1000
LN-near-degenerate,LN,0.01,1.0,182,0.029118016683844252,0.028676293524824516,-0.0004417231590197364,False,20260911,3,1000
LN-near-degenerate,LN,0.01,1.0,183,0.01542379237932747,0.021959690811187565,0.006535898431860096,True,20260911,3,1000
LN-near-degenerate,LN,0.01,1.0,184,0.021331595563478165,0.026944335135780168,0.005612739572302003,True,20260911,3,1000
LN-near-degenerate,LN,0.01,1.0,185,0.022827323806123012,0.01988857047527055,-0.0029387533308524623,False,20260911,3,1000
LN-near-degenerate,LN,0.01,1.0,186,0.022291385535812495,0.021085424964459462,-0.0012059605713530333,False,20260911,3,1000
LN-near-degenerate,LN,0.01,1.0,187,0.018093977732359028,0.01720636353871055,-0.0008876141936484776,False,20260911,3,1000
LN-near-degenerate,LN,0.01,1.0,188,0.014914519070414462,0.018091058609798344,0.003176539539383882,True,20260911,3,1000
LN-near-degenerate,LN,0.01,1.0,189,0.020216477343941778,0.02710148447913447,0.006885007135192692,True,20260911,3,1000
LN-near-degenerate,LN,0.01,1.0,190,0.01447950898838493,0.018519964806064767,0.004040455817679837,True,20260911,3,1000
LN-near-degenerate,LN,0.01,1.0,191,0.01730261991697702,0.018298779325626638,0.0009961594086496176,True,20260911,3,1000
LN-near-degenerate,LN,0.01,1.0,192,0.017597995490149263,0.025201958050418992,0.007603962560269729,True,20260911,3,1000
LN-near-degenerate,LN,0.01,1.0,193,0.01785212164166742,0.02159158862024242,0.003739466978574999,True,20260911,3,1000
LN-near-degenerate,LN,0.01,1.0,194,0.015085624940955365,0.017230073448656694,0.002144448507701329,True,20260911,3,1000
LN-near-degenerate,LN,0.01,1.0,195,0.019618889980458194,0.023686039594125307,0.004067149613667113,True,20260911,3,1000
LN-near-degenerate,LN,0.01,1.0,196,0.018643216854389553,0.019315633486054872,0.0006724166316653193,True,20260911,3,1000
LN-near-degenerate,LN,0.01,1.0,197,0.018473577795069824,0.023592419747605738,0.005118841952535914,True,20260911,3,1000
LN-near-degenerate,LN,0.01,1.0,198,0.024551303696887846,0.020393080164512786,-0.00415822353237506,False,20260911,3,1000
LN-near-degenerate,LN,0.01,1.0,199,0.018734455865067338,0.017725519247853518,-0.0010089366172138202,False,20260911,3,1000
LN-near-degenerate,LN,0.01,1.0,200,0.020705152011677573,0.021422159868008165,0.0007170078563305919,True,20260911,3,1000
LN-near-degenerate,LN,0.01,1.0,201,0.014518266506020875,0.01799727860567585,0.003479012099654977,True,20260911,3,1000
LN-near-degenerate,LN,0.01,1.0,202,0.01511478532577276,0.017614565456278562,0.0024997801305058024,True,20260911,3,1000
LN-near-degenerate,LN,0.01,1.0,203,0.033513199868647404,0.03561177945594311,0.0020985795872957083,True,20260911,3,1000
LN-near-degenerate,LN,0.01,1.0,204,0.01631072371873772,0.01723262584865201,0.0009219021299142899,True,20260911,3,1000
LN-near-degenerate,LN,0.01,1.0,205,0.014766050844972477,0.019795631360522963,0.0050295805155504865,True,20260911,3,1000
LN-near-degenerate,LN,0.01,1.0,206,0.015343225653299292,0.021839907979485318,0.006496682326186026,True,20260911,3,1000
LN-near-degenerate,LN,0.01,1.0,207,0.023659373573432577,0.021275494281362797,-0.00238387929206978,False,20260911,3,1000
LN-near-degenerate,LN,0.01,1.0,208,0.02916205190608569,0.027029970925906775,-0.002132080980178915,False,20260911,3,1000
LN-near-degenerate,LN,0.01,1.0,209,0.014602185975049828,0.0162983947027537,0.0016962087277038723,True,20260911,3,1000
LN-near-degenerate,LN,0.01,1.0,210,0.014455993908830126,0.018292920889313957,0.0038369269804838305,True,20260911,3,1000
LN-near-degenerate,LN,0.01,1.0,211,0.018773515085026417,0.0171278023357073,-0.0016457127493191177,False,20260911,3,1000
LN-near-degenerate,LN,0.01,1.0,212,0.015384966072480678,0.021505952494339568,0.00612098642185889,True,20260911,3,1000
LN-near-degenerate,LN,0.01,1.0,213,0.012809803584258955,0.017312435845984287,0.004502632261725332,True,20260911,3,1000
LN-near-degenerate,LN,0.01,1.0,214,0.01844977418718275,0.019838165546075277,0.001388391358892526,True,20260911,3,1000
LN-near-degenerate,LN,0.01,1.0,215,0.015083298386797006,0.017258843477749357,0.0021755450909523508,True,20260911,3,1000
LN-near-degenerate,LN,0.01,1.0,216,0.015570757433542007,0.021749500751702868,0.006178743318160861,True,20260911,3,1000
LN-near-degenerate,LN,0.01,1.0,217,0.015484472585195346,0.019975884910903373,0.004491412325708027,True,20260911,3,1000
LN-near-degenerate,LN,0.01,1.0,218,0.014243420076832394,0.019241259447402674,0.00499783937057028,True,20260911,3,1000
LN-near-degenerate,LN,0.01,1.0,219,0.02840166516507342,0.02458213022661295,-0.0038195349384604685,False,20260911,3,1000
LN-near-degenerate,LN,0.01,1.0,220,0.017472413946228074,0.02339699954667787,0.005924585600449797,True,20260911,3,1000
LN-near-degenerate,LN,0.01,1.0,221,0.02400791455438405,0.022552575128894414,-0.0014553394254896365,False,20260911,3,1000
LN-near-degenerate,LN,0.01,1.0,222,0.02148389644953409,0.02197647050584752,0.0004925740563134322,True,20260911,3,1000
LN-near-degenerate,LN,0.01,1.0,223,0.01930016858615004,0.018424174455563772,-0.000875994130586269,False,20260911,3,1000
LN-near-degenerate,LN,0.01,1.0,224,0.019720595817486863,0.02645151193778322,0.006730916120296356,True,20260911,3,1000
LN-near-degenerate,LN,0.01,1.0,225,0.026312313139453782,0.0244646542859519,-0.0018476588535018823,False,20260911,3,1000
LN-near-degenerate,LN,0.01,1.0,226,0.014259553711399453,0.01676951334977998,0.0025099596383805264,True,20260911,3,1000
LN-near-degenerate,LN,0.01,1.0,227,0.018776878753196932,0.020569768163184177,0.0017928894099872444,True,20260911,3,1000
LN-near-degenerate,LN,0.01,1.0,228,0.017638526427559465,0.018554689369260538,0.0009161629417010729,True,20260911,3,1000
LN-near-degenerate,LN,0.01,1.0,229,0.01366878090800056,0.019021549723598645,0.005352768815598085,True,20260911,3,1000
LN-near-degenerate,LN,0.01,1.0,230,0.015479223086827022,0.021890996871154613,0.0064117737843275915,True,20260911,3,1000
LN-near-degenerate,LN,0.01,1.0,231,0.02229040307594025,0.021712977892896754,-0.0005774251830434965,False,20260911,3,1000
LN-near-degenerate,LN,0.01,1.0,232,0.018158930784814765,0.01930319156918815,0.0011442607843733833,True,20260911,3,1000
LN-near-degenerate,LN,0.01,1.0,233,0.024278333737954502,0.03098582173731559,0.0067074879993610885,True,20260911,3,1000
LN-near-degenerate,LN,0.01,1.0,234,0.014941402586363126,0.018971762684152103,0.004030360097788977,True,20260911,3,1000
LN-near-degenerate,LN,0.01,1.0,235,0.016734686467277514,0.021914528333802856,0.005179841866525342,True,20260911,3,1000
LN-near-degenerate,LN,0.01,1.0,236,0.016395590672262778,0.02178673291431282,0.005391142242050041,True,20260911,3,1000
LN-near-degenerate,LN,0.01,1.0,237,0.015405137400435571,0.01894197318313089,0.0035368357826953186,True,20260911,3,1000
LN-near-degenerate,LN,0.01,1.0,238,0.024259736634250233,0.023323980528318855,-0.0009357561059313776,False,20260911,3,1000
LN-near-degenerate,LN,0.01,1.0,239,0.01700382075924895,0.01889369834396079,0.0018898775847118396,True,20260911,3,1000
LN-near-degenerate,LN,0.01,1.0,240,0.014218069335826368,0.018440761075485312,0.004222691739658944,True,20260911,3,1000
LN-near-degenerate,LN,0.01,1.0,241,0.022804026215451884,0.030841475753409675,0.008037449537957791,True,20260911,3,1000
LN-near-degenerate,LN,0.01,1.0,242,0.015706525492652418,0.02133600308263484,0.005629477589982421,True,20260911,3,1000
LN-near-degenerate,LN,0.01,1.0,243,0.01565836070148165,0.020036420341439102,0.004378059639957452,True,20260911,3,1000
LN-near-degenerate,LN,0.01,1.0,244,0.01934695023391609,0.020003399405431294,0.0006564491715152047,True,20260911,3,1000
LN-near-degenerate,LN,0.01,1.0,245,0.014359052335464886,0.017684451580103965,0.0033253992446390795,True,20260911,3,1000
LN-near-degenerate,LN,0.01,1.0,246,0.01704400230399112,0.01934776047638177,0.00230375817239065,True,20260911,3,1000
LN-near-degenerate,LN,0.01,1.0,247,0.01561400046921546,0.021174488615012393,0.005560488145796934,True,20260911,3,1000
LN-near-degenerate,LN,0.01,1.0,248,0.01573903298187734,0.024014736400804423,0.008275703418927083,True,20260911,3,1000
LN-near-degenerate,LN,0.01,1.0,249,0.020885540266121466,0.020472456815611564,-0.0004130834505099018,False,20260911,3,1000
LN-near-degenerate,LN,0.01,1.0,250,0.021169833131386963,0.021075825357326525,-9.40077740604374e-05,False,20260911,3,1000
LN-near-degenerate,LN,0.01,1.0,251,0.016783724284718145,0.018853110680829396,0.002069386396111251,True,20260911,3,1000
LN-near-degenerate,LN,0.01,1.0,252,0.015214452814511031,0.017969687296640977,0.002755234482129946,True,20260911,3,1000
LN-near-degenerate,LN,0.01,1.0,253,0.018581030448025095,0.021686331341504862,0.0031053008934797677,True,20260911,3,1000
LN-near-degenerate,LN,0.01,1.0,254,0.016305718570181114,0.017068877797400885,0.0007631592272197701,True,20260911,3,1000
LN-near-degenerate,LN,0.01,1.0,255,0.01478459602496498,0.017879003533187814,0.003094407508222834,True,20260911,3,1000
LN-near-degenerate,LN,0.01,1.0,256,0.01464295056707359,0.018833067046127614,0.0041901164790540246,True,20260911,3,1000
LN-near-degenerate,LN,0.01,1.0,257,0.018322744501252933,0.023558513538438786,0.005235769037185853,True,20260911,3,1000
LN-near-degenerate,LN,0.01,1.0,258,0.022868724787978818,0.03202298091323526,0.00915425612525644,True,20260911,3,1000
LN-near-degenerate,LN,0.01,1.0,259,0.025390060025810093,0.023902250761419296,-0.0014878092643907971,False,20260911,3,1000
LN-near-degenerate,LN,0.01,1.0,260,0.022155249825035746,0.029927012831653412,0.007771763006617666,True,20260911,3,1000
LN-near-degenerate,LN,0.01,1.0,261,0.017850715394589524,0.021251396303889246,0.003400680909299722,True,20260911,3,1000
LN-near-degenerate,LN,0.01,1.0,262,0.025207585992397398,0.03124325923533506,0.006035673242937661,True,20260911,3,1000
LN-near-degenerate,LN,0.01,1.0,263,0.016447531133254575,0.01823748680998199,0.001789955676727413,True,20260911,3,1000
LN-near-degenerate,LN,0.01,1.0,264,0.02260215881327502,0.0300152237476536,0.0074130649343785784,True,20260911,3,1000
LN-near-degenerate,LN,0.01,1.0,265,0.016571391609702564,0.019265886268287184,0.0026944946585846195,True,20260911,3,1000
LN-near-degenerate,LN,0.01,1.0,266,0.018617529789909746,0.018142106831613783,-0.00047542295829596307,False,20260911,3,1000
LN-near-degenerate,LN,0.01,1.0,267,0.031699098446974446,0.028150597504359,-0.003548500942615447,False,20260911,3,1000
LN-near-degenerate,LN,0.01,1.0,268,0.015573295549393986,0.018374201723229747,0.0028009061738357606,True,20260911,3,1000
LN-near-degenerate,LN,0.01,1.0,269,0.01677885494054219,0.01852704607104453,0.0017481911305023412,True,20260911,3,1000
LN-near-degenerate,LN,0.01,1.0,270,0.019437514086672308,0.018254354644323924,-0.0011831594423483832,False,20260911,3,1000
LN-near-degenerate,LN,0.01,1.0,271,0.025815849189246138,0.02361647761470996,-0.0021993715745361776,False,20260911,3,1000
LN-near-degenerate,LN,0.01,1.0,272,0.015427714274204715,0.020687936730072274,0.005260222455867559,True,20260911,3,1000
LN-near-degenerate,LN,0.01,1.0,273,0.017349705401988588,0.01710034581641747,-0.000249359585571117,False,20260911,3,1000
LN-near-degenerate,LN,0.01,1.0,274,0.018685159035928087,0.024754292584522133,0.006069133548594046,True,20260911,3,1000
LN-near-degenerate,LN,0.01,1.0,275,0.0198466330590156,0.02494340434188448,0.005096771282868881,True,20260911,3,1000
LN-near-degenerate,LN,0.01,1.0,276,0.01855014080374265,0.019879386419798493,0.001329245616055845,True,20260911,3,1000
LN-near-degenerate,LN,0.01,1.0,277,0.020289820694150487,0.02046662110108498,0.0001768004069344943,True,20260911,3,1000
LN-near-degenerate,LN,0.01,1.0,278,0.015735239479742848,0.016952114808435465,0.0012168753286926175,True,20260911,3,1000
LN-near-degenerate,LN,0.01,1.0,279,0.018194088209714517,0.018709945030740225,0.0005158568210257078,True,20260911,3,1000
LN-near-degenerate,LN,0.01,1.0,280,0.017035368863285643,0.018834963620971062,0.0017995947576854195,True,20260911,3,1000
LN-near-degenerate,LN,0.01,1.0,281,0.02516349591276281,0.03477449390131985,0.009610997988557038,True,20260911,3,1000
LN-near-degenerate,LN,0.01,1.0,282,0.030112315499580627,0.03454988172259349,0.004437566223012862,True,20260911,3,1000
LN-near-degenerate,LN,0.01,1.0,283,0.022976134956402158,0.02314242064574714,0.00016628568934498253,True,20260911,3,1000
LN-near-degenerate,LN,0.01,1.0,284,0.014808178255640224,0.018214658791230513,0.003406480535590289,True,20260911,3,1000
LN-near-degenerate,LN,0.01,1.0,285,0.023444777498881728,0.019481676134472044,-0.003963101364409683,False,20260911,3,1000
LN-near-degenerate,LN,0.01,1.0,286,0.01826253580506433,0.022529963066623335,0.004267427261559004,True,20260911,3,1000
LN-near-degenerate,LN,0.01,1.0,287,0.015782943442086285,0.016889168789043583,0.0011062253469572986,True,20260911,3,1000
LN-near-degenerate,LN,0.01,1.0,288,0.018908107781692305,0.020387680979394474,0.0014795731977021685,True,20260911,3,1000
LN-near-degenerate,LN,0.01,1.0,289,0.016026308842060695,0.02079531945787791,0.004769010615817214,True,20260911,3,1000
LN-near-degenerate,LN,0.01,1.0,290,0.022301463630514648,0.020324088670773136,-0.0019773749597415125,False,20260911,3,1000
LN-near-degenerate,LN,0.01,1.0,291,0.019121161297631847,0.019064858780702548,-5.630251692929911e-05,False,20260911,3,1000
LN-near-degenerate,LN,0.01,1.0,292,0.02309999447976953,0.020151015451573225,-0.002948979028196304,False,20260911,3,1000
LN-near-degenerate,LN,0.01,1.0,293,0.02158870572266701,0.02988105040908133,0.008292344686414321,True,20260911,3,1000
LN-near-degenerate,LN,0.01,1.0,294,0.018433377570106838,0.019968325590437052,0.0015349480203302145,True,20260911,3,1000
LN-near-degenerate,LN,0.01,1.0,295,0.01634086545202743,0.019288529451813568,0.002947663999786139,True,20260911,3,1000
LN-near-degenerate,LN,0.01,1.0,296,0.02730486231952693,0.023588533356701632,-0.0037163289628252966,False,20260911,3,1000
LN-near-degenerate,LN,0.01,1.0,297,0.015309314875971734,0.019271169975858496,0.003961855099886762,True,20260911,3,1000
LN-near-degenerate,LN,0.01,1.0,298,0.015085860601697205,0.020787398731942564,0.005701538130245359,True,20260911,3,1000
LN-near-degenerate,LN,0.01,1.0,299,0.02073736274403313,0.025849621038103242,0.0051122582940701135,True,20260911,3,1000
LN-near-degenerate,LN,0.01,1.0,300,0.014873267856839373,0.019435838665910126,0.004562570809070753,True,20260911,3,1000
LN-near-degenerate,LN,0.01,1.0,301,0.02537489760842261,0.03371389638776912,0.008338998779346511,True,20260911,3,1000
LN-near-degenerate,LN,0.01,1.0,302,0.016475886688856623,0.018739422065200694,0.002263535376344071,True,20260911,3,1000
LN-near-degenerate,LN,0.01,1.0,303,0.01608971350348705,0.023418255100336145,0.007328541596849095,True,20260911,3,1000
LN-near-degenerate,LN,0.01,1.0,304,0.016125096209691405,0.02313151678663971,0.007006420576948304,True,20260911,3,1000
LN-near-degenerate,LN,0.01,1.0,305,0.014979460638481053,0.01878810065932219,0.0038086400208411364,True,20260911,3,1000
LN-near-degenerate,LN,0.01,1.0,306,0.013926053522129566,0.01792891424345108,0.004002860721321513,True,20260911,3,1000
LN-near-degenerate,LN,0.01,1.0,307,0.021442876889407124,0.02946722622942815,0.008024349340021025,True,20260911,3,1000
LN-near-degenerate,LN,0.01,1.0,308,0.015542938432810143,0.017487212003023146,0.0019442735702130034,True,20260911,3,1000
LN-near-degenerate,LN,0.01,1.0,309,0.02008522174508504,0.02027850185415596,0.0001932801090709195,True,20260911,3,1000
LN-near-degenerate,LN,0.01,1.0,310,0.016994568775316608,0.018913054586568303,0.0019184858112516953,True,20260911,3,1000
LN-near-degenerate,LN,0.01,1.0,311,0.01818429310712499,0.026292647906004964,0.008108354798879974,True,20260911,3,1000
LN-near-degenerate,LN,0.01,1.0,312,0.014340249364729647,0.018023242495492444,0.003682993130762797,True,20260911,3,1000
LN-near-degenerate,LN,0.01,1.0,313,0.019264236727356495,0.019442209776490346,0.00017797304913385117,True,20260911,3,1000
LN-near-degenerate,LN,0.01,1.0,314,0.013484039340000122,0.017893146308658413,0.004409106968658292,True,20260911,3,1000
LN-near-degenerate,LN,0.01,1.0,315,0.02139656448023242,0.01987668385882592,-0.0015198806214065004,False,20260911,3,1000
LN-near-degenerate,LN,0.01,1.0,316,0.017003794402708813,0.02035864903840252,0.003354854635693707,True,20260911,3,1000
LN-near-degenerate,LN,0.01,1.0,317,0.017680239239351875,0.018356684234902398,0.0006764449955505222,True,20260911,3,1000
LN-near-degenerate,LN,0.01,1.0,318,0.02201441991433866,0.028902386098420205,0.006887966184081544,True,20260911,3,1000
LN-near-degenerate,LN,0.01,1.0,319,0.01546663032021281,0.02087336051813235,0.00540673019791954,True,20260911,3,1000
LN-near-degenerate,LN,0.01,1.0,320,0.015593685486313754,0.017815583972429834,0.0022218984861160796,True,20260911,3,1000
LN-near-degenerate,LN,0.01,1.0,321,0.025874023146218644,0.02376572720615024,-0.0021082959400684047,False,20260911,3,1000
LN-near-degenerate,LN,0.01,1.0,322,0.018815559245840142,0.018397539054381667,-0.00041802019145847566,False,20260911,3,1000
LN-near-degenerate,LN,0.01,1.0,323,0.0174226857167745,0.018114015422831163,0.000691329706056662,True,20260911,3,1000
LN-near-degenerate,LN,0.01,1.0,324,0.017524935951933194,0.021341330755706198,0.0038163948037730037,True,20260911,3,1000
LN-near-degenerate,LN,0.01,1.0,325,0.015739822025343735,0.01934908278257852,0.003609260757234785,True,20260911,3,1000
LN-near-degenerate,LN,0.01,1.0,326,0.02653525317578264,0.02583558603644495,-0.0006996671393376917,False,20260911,3,1000
LN-near-degenerate,LN,0.01,1.0,327,0.019130681181354182,0.02296034317286347,0.0038296619915092894,True,20260911,3,1000
LN-near-degenerate,LN,0.01,1.0,328,0.016647553942302124,0.019287916596438283,0.0026403626541361587,True,20260911,3,1000
LN-near-degenerate,LN,0.01,1.0,329,0.018387865859269936,0.020286607631581844,0.0018987417723119078,True,20260911,3,1000
LN-near-degenerate,LN,0.01,1.0,330,0.01784880777762427,0.02115113689997465,0.003302329122350383,True,20260911,3,1000
LN-near-degenerate,LN,0.01,1.0,331,0.015525999351961606,0.020519467618988093,0.004993468267026487,True,20260911,3,1000
LN-near-degenerate,LN,0.01,1.0,332,0.016854619819862384,0.020811523944543858,0.003956904124681474,True,20260911,3,1000
LN-near-degenerate,LN,0.01,1.0,333,0.014581464721892035,0.017493423736679205,0.00291195901478717,True,20260911,3,1000
LN-near-degenerate,LN,0.01,1.0,334,0.01759141051934214,0.017405707540183165,-0.00018570297915897552,False,20260911,3,1000
LN-near-degenerate,LN,0.01,1.0,335,0.0230621616722516,0.021041906250058057,-0.0020202554221935426,False,20260911,3,1000
LN-near-degenerate,LN,0.01,1.0,336,0.01692240946528422,0.018559815136667976,0.0016374056713837556,True,20260911,3,1000
LN-near-degenerate,LN,0.01,1.0,337,0.023461487655457643,0.02159768777388055,-0.001863799881577092,False,20260911,3,1000
LN-near-degenerate,LN,0.01,1.0,338,0.017303305094301124,0.02477592459210458,0.0074726194978034545,True,20260911,3,1000
LN-near-degenerate,LN,0.01,1.0,339,0.021644621145778246,0.020263236106060768,-0.0013813850397174782,False,20260911,3,1000
LN-near-degenerate,LN,0.01,1.0,340,0.015111261262039781,0.018882779014889262,0.003771517752849481,True,20260911,3,1000
LN-near-degenerate,LN,0.01,1.0,341,0.02120467822024166,0.02575097673321824,0.004546298512976582,True,20260911,3,1000
LN-near-degenerate,LN,0.01,1.0,342,0.013689406108352006,0.01820263059638445,0.004513224488032444,True,20260911,3,1000
LN-near-degenerate,LN,0.01,1.0,343,0.01799014645782285,0.025337261500574696,0.007347115042751845,True,20260911,3,1000
LN-near-degenerate,LN,0.01,1.0,344,0.030839221501884694,0.04246228093031829,0.0116230594284336,True,20260911,3,1000
LN-near-degenerate,LN,0.01,1.0,345,0.018657495198266164,0.025064414062764898,0.006406918864498734,True,20260911,3,1000
LN-near-degenerate,LN,0.01,1.0,346,0.02424701861778307,0.0210959467382096,-0.0031510718795734714,False,20260911,3,1000
LN-near-degenerate,LN,0.01,1.0,347,0.017712642629173724,0.018726312540003887,0.001013669910830163,True,20260911,3,1000
LN-near-degenerate,LN,0.01,1.0,348,0.015486592467895946,0.01826080256964951,0.002774210101753565,True,20260911,3,1000
LN-near-degenerate,LN,0.01,1.0,349,0.016107029150478857,0.02222168055483688,0.0061146514043580215,True,20260911,3,1000
LN-near-degenerate,LN,0.01,1.0,350,0.01679170882327494,0.023973220630651035,0.007181511807376095,True,20260911,3,1000
LN-near-degenerate,LN,0.01,1.0,351,0.021389895172940862,0.021813205799337657,0.0004233106263967952,True,20260911,3,1000
LN-near-degenerate,LN,0.01,1.0,352,0.020648869890276943,0.025866943109915833,0.0052180732196388906,True,20260911,3,1000
LN-near-degenerate,LN,0.01,1.0,353,0.016882382363493823,0.021231918183618425,0.004349535820124602,True,20260911,3,1000
LN-near-degenerate,LN,0.01,1.0,354,0.016734493511243988,0.023598592188587474,0.006864098677343486,True,20260911,3,1000
LN-near-degenerate,LN,0.01,1.0,355,0.015940520891612815,0.021381329701142635,0.00544080880952982,True,20260911,3,1000
LN-near-degenerate,LN,0.01,1.0,356,0.018409735909401377,0.019516887845741824,0.0011071519363404468,True,20260911,3,1000
LN-near-degenerate,LN,0.01,1.0,357,0.015126730112511071,0.016424144357826267,0.0012974142453151954,True,20260911,3,1000
LN-near-degenerate,LN,0.01,1.0,358,0.013850522109612481,0.01785747292237325,0.004006950812760769,True,20260911,3,1000
LN-near-degenerate,LN,0.01,1.0,359,0.01908804751992224,0.019448954677033708,0.0003609071571114668,True,20260911,3,1000
LN-near-degenerate,LN,0.01,1.0,360,0.028683107212849307,0.03232454601800019,0.0036414388051508803,True,20260911,3,1000
LN-near-degenerate,LN,0.01,1.0,361,0.014191588239752919,0.0195410200432753,0.0053494318035223806,True,20260911,3,1000
LN-near-degenerate,LN,0.01,1.0,362,0.019928241586886032,0.02370696628190649,0.0037787246950204585,True,20260911,3,1000
LN-near-degenerate,LN,0.01,1.0,363,0.021764405069304785,0.023421466031672403,0.001657060962367618,True,20260911,3,1000
LN-near-degenerate,LN,0.01,1.0,364,0.013154831733994975,0.01704174668424707,0.003886914950252094,True,20260911,3,1000
LN-near-degenerate,LN,0.01,1.0,365,0.02249318307822958,0.02114124553658437,-0.0013519375416452088,False,20260911,3,1000
LN-near-degenerate,LN,0.01,1.0,366,0.015393690632959546,0.016492417504303025,0.0010987268713434795,True,20260911,3,1000
LN-near-degenerate,LN,0.01,1.0,367,0.02259944897597388,0.02236274258892573,-0.0002367063870481502,False,20260911,3,1000
LN-near-degenerate,LN,0.01,1.0,368,0.02704317766351088,0.031931951744687846,0.0048887740811769664,True,20260911,3,1000
LN-near-degenerate,LN,0.01,1.0,369,0.014227923464077299,0.01832340038377156,0.004095476919694261,True,20260911,3,1000
LN-near-degenerate,LN,0.01,1.0,370,0.015817226449760597,0.01871807601224685,0.0029008495624862525,True,20260911,3,1000
LN-near-degenerate,LN,0.01,1.0,371,0.016457782468981334,0.023989400997600052,0.007531618528618719,True,20260911,3,1000
LN-near-degenerate,LN,0.01,1.0,372,0.02256571682459041,0.021731476597259207,-0.0008342402273312025,False,20260911,3,1000
LN-near-degenerate,LN,0.01,1.0,373,0.01641714283434162,0.02199774870131034,0.005580605866968721,True,20260911,3,1000
LN-near-degenerate,LN,0.01,1.0,374,0.01611243400943619,0.021265485161928752,0.0051530511524925625,True,20260911,3,1000
LN-near-degenerate,LN,0.01,1.0,375,0.015071116654707721,0.01662378203125372,0.0015526653765459975,True,20260911,3,1000
LN-near-degenerate,LN,0.01,1.0,376,0.021028532199331988,0.019657099885861843,-0.0013714323134701445,False,20260911,3,1000
LN-near-degenerate,LN,0.01,1.0,377,0.018402435637752255,0.02071872397743024,0.0023162883396779833,True,20260911,3,1000
LN-near-degenerate,LN,0.01,1.0,378,0.02663546244348572,0.02344088674444585,-0.0031945756990398692,False,20260911,3,1000
LN-near-degenerate,LN,0.01,1.0,379,0.020136901310035746,0.024688419189834127,0.004551517879798381,True,20260911,3,1000
LN-near-degenerate,LN,0.01,1.0,380,0.024448591393947432,0.022319450740431908,-0.0021291406535155245,False,20260911,3,1000
LN-near-degenerate,LN,0.01,1.0,381,0.0152591303739264,0.017654006951595462,0.0023948765776690625,True,20260911,3,1000
LN-near-degenerate,LN,0.01,1.0,382,0.015431863890321912,0.02172250056727631,0.006290636676954399,True,20260911,3,1000
LN-near-degenerate,LN,0.01,1.0,383,0.02229870291841981,0.02752626945792052,0.005227566539500711,True,20260911,3,1000
LN-near-degenerate,LN,0.01,1.0,384,0.016136439057832425,0.021212435327705812,0.005075996269873387,True,20260911,3,1000
LN-near-degenerate,LN,0.01,1.0,385,0.01640912343379489,0.01837454095347262,0.0019654175196777285,True,20260911,3,1000
LN-near-degenerate,LN,0.01,1.0,386,0.01533480195030964,0.016295119091158213,0.0009603171408485729,True,20260911,3,1000
LN-near-degenerate,LN,0.01,1.0,387,0.015034247525571165,0.020087847147733404,0.005053599622162239,True,20260911,3,1000
LN-near-degenerate,LN,0.01,1.0,388,0.019280180918718075,0.0193872802910969,0.00010709937237882508,True,20260911,3,1000
LN-near-degenerate,LN,0.01,1.0,389,0.014293564646804613,0.01972827975767284,0.005434715110868226,True,20260911,3,1000
LN-near-degenerate,LN,0.01,1.0,390,0.015850517196371025,0.020936411057605804,0.005085893861234779,True,20260911,3,1000
LN-near-degenerate,LN,0.01,1.0,391,0.014328518484451706,0.01687289181780796,0.002544373333356255,True,20260911,3,1000
LN-near-degenerate,LN,0.01,1.0,392,0.016628603224171704,0.01807032785395131,0.0014417246297796053,True,20260911,3,1000
LN-near-degenerate,LN,0.01,1.0,393,0.013379226503712144,0.01743408485307545,0.004054858349363305,True,20260911,3,1000
LN-near-degenerate,LN,0.01,1.0,394,0.023566190813581446,0.021910863679061886,-0.0016553271345195603,False,20260911,3,1000
LN-near-degenerate,LN,0.01,1.0,395,0.018768870438382528,0.02638920460011583,0.007620334161733303,True,20260911,3,1000
LN-near-degenerate,LN,0.01,1.0,396,0.015021300859472815,0.019903634252204237,0.004882333392731421,True,20260911,3,1000
LN-near-degenerate,LN,0.01,1.0,397,0.0185215276185857,0.018013178283408638,-0.0005083493351770614,False,20260911,3,1000
LN-near-degenerate,LN,0.01,1.0,398,0.019128166583400205,0.02045863979258771,0.0013304732091875063,True,20260911,3,1000
LN-near-degenerate,LN,0.01,1.0,399,0.03164192083017991,0.028636718793360348,-0.0030052020368195598,False,20260911,3,1000
LN-near-degenerate,LN,0.01,1.0,400,0.016664649488928377,0.018317721554032516,0.0016530720651041393,True,20260911,3,1000
LN-near-degenerate,LN,0.01,1.0,401,0.02531120913429242,0.03221996481201368,0.006908755677721264,True,20260911,3,1000
LN-near-degenerate,LN,0.01,1.0,402,0.014071099657419595,0.018810166729494336,0.004739067072074742,True,20260911,3,1000
LN-near-degenerate,LN,0.01,1.0,403,0.014262231940264268,0.019934764517337493,0.005672532577073225,True,20260911,3,1000
LN-near-degenerate,LN,0.01,1.0,404,0.015732440230855883,0.01680703469546279,0.0010745944646069067,True,20260911,3,1000
LN-near-degenerate,LN,0.01,1.0,405,0.013691232184517994,0.018103833234094247,0.004412601049576253,True,20260911,3,1000
LN-near-degenerate,LN,0.01,1.0,406,0.015965687430763917,0.021114510306193632,0.005148822875429716,True,20260911,3,1000
LN-near-degenerate,LN,0.01,1.0,407,0.014439605654365124,0.01993358713690639,0.005493981482541268,True,20260911,3,1000
LN-near-degenerate,LN,0.01,1.0,408,0.015868893862285374,0.018610332369294217,0.0027414385070088435,True,20260911,3,1000
LN-near-degenerate,LN,0.01,1.0,409,0.017901730012839016,0.021458809853589212,0.0035570798407501963,True,20260911,3,1000
LN-near-degenerate,LN,0.01,1.0,410,0.01771406590038974,0.018825199316821573,0.0011111334164318337,True,20260911,3,1000
LN-near-degenerate,LN,0.01,1.0,411,0.017042664283888467,0.018424721184091768,0.0013820569002033004,True,20260911,3,1000
LN-near-degenerate,LN,0.01,1.0,412,0.017972709021210957,0.017708102593859854,-0.000264606427351103,False,20260911,3,1000
LN-near-degenerate,LN,0.01,1.0,413,0.01949590333369158,0.024186084736642292,0.004690181402950713,True,20260911,3,1000
LN-near-degenerate,LN,0.01,1.0,414,0.017918975125086355,0.02207378856399045,0.004154813438904094,True,20260911,3,1000
LN-near-degenerate,LN,0.01,1.0,415,0.0205937567523551,0.025980338802509204,0.005386582050154104,True,20260911,3,1000
LN-near-degenerate,LN,0.01,1.0,416,0.015609784567031904,0.018191011678129386,0.002581227111097482,True,20260911,3,1000
LN-near-degenerate,LN,0.01,1.0,417,0.01626395705204562,0.022935323064191014,0.006671366012145394,True,20260911,3,1000
LN-near-degenerate,LN,0.01,1.0,418,0.014027103216636532,0.017527665991313387,0.0035005627746768544,True,20260911,3,1000
LN-near-degenerate,LN,0.01,1.0,419,0.015356230649776125,0.018013816831558838,0.002657586181782712,True,20260911,3,1000
LN-near-degenerate,LN,0.01,1.0,420,0.014336208056227644,0.019063124928076165,0.004726916871848522,True,20260911,3,1000
LN-near-degenerate,LN,0.01,1.0,421,0.015136417881562341,0.016509401212167693,0.0013729833306053516,True,20260911,3,1000
LN-near-degenerate,LN,0.01,1.0,422,0.015661784181686643,0.01722275065215407,0.0015609664704674259,True,20260911,3,1000
LN-near-degenerate,LN,0.01,1.0,423,0.017199270179392937,0.019427844283421623,0.0022285741040286855,True,20260911,3,1000
LN-near-degenerate,LN,0.01,1.0,424,0.017450629164265378,0.019843388547205708,0.00239275938294033,True,20260911,3,1000
LN-near-degenerate,LN,0.01,1.0,425,0.0157979310259015,0.020312937429785967,0.004515006403884466,True,20260911,3,1000
LN-near-degenerate,LN,0.01,1.0,426,0.01919674244540303,0.026021462396995577,0.006824719951592548,True,20260911,3,1000
LN-near-degenerate,LN,0.01,1.0,427,0.014129937929092253,0.021309871137038448,0.0071799332079461944,True,20260911,3,1000
LN-near-degenerate,LN,0.01,1.0,428,0.02050453081840732,0.02130600027436347,0.0008014694559561504,True,20260911,3,1000
LN-near-degenerate,LN,0.01,1.0,429,0.01626838370058643,0.017047615957152037,0.0007792322565656068,True,20260911,3,1000
LN-near-degenerate,LN,0.01,1.0,430,0.018275074271567063,0.023043630754428723,0.0047685564828616606,True,20260911,3,1000
LN-near-degenerate,LN,0.01,1.0,431,0.014397311700597997,0.01866486662038457,0.004267554919786571,True,20260911,3,1000
LN-near-degenerate,LN,0.01,1.0,432,0.0179447126902361,0.018689521397225756,0.0007448087069896574,True,20260911,3,1000
LN-near-degenerate,LN,0.01,1.0,433,0.014810780124470043,0.02051429000790033,0.005703509883430288,True,20260911,3,1000
LN-near-degenerate,LN,0.01,1.0,434,0.014620318673155466,0.018395562315387512,0.0037752436422320464,True,20260911,3,1000
LN-near-degenerate,LN,0.01,1.0,435,0.02061259662977305,0.02008906441689078,-0.000523532212882271,False,20260911,3,1000
LN-near-degenerate,LN,0.01,1.0,436,0.01963494312416891,0.026714947565264987,0.007080004441096077,True,20260911,3,1000
LN-near-degenerate,LN,0.01,1.0,437,0.019237074847898744,0.01898487210711004,-0.00025220274078870467,False,20260911,3,1000
LN-near-degenerate,LN,0.01,1.0,438,0.020041398179661038,0.018890778588155736,-0.0011506195915053016,False,20260911,3,1000
LN-near-degenerate,LN,0.01,1.0,439,0.016152267676767553,0.022088895594051267,0.005936627917283714,True,20260911,3,1000
LN-near-degenerate,LN,0.01,1.0,440,0.03044064516295831,0.02601927079256364,-0.0044213743703946685,False,20260911,3,1000
LN-near-degenerate,LN,0.01,1.0,441,0.019127411407072043,0.018897245882403015,-0.0002301655246690279,False,20260911,3,1000
LN-near-degenerate,LN,0.01,1.0,442,0.01735913488167183,0.01941065528040475,0.0020515203987329193,True,20260911,3,1000
LN-near-degenerate,LN,0.01,1.0,443,0.022842753225089402,0.023033355493629188,0.00019060226853978568,True,20260911,3,1000
LN-near-degenerate,LN,0.01,1.0,444,0.019325412079974954,0.019694623478182086,0.0003692113982071317,True,20260911,3,1000
LN-near-degenerate,LN,0.01,1.0,445,0.020719881013047968,0.020441451966577557,-0.00027842904647041103,False,20260911,3,1000
LN-near-degenerate,LN,0.01,1.0,446,0.02752207243446552,0.024624631633665624,-0.0028974408007998963,False,20260911,3,1000
LN-near-degenerate,LN,0.01,1.0,447,0.014575301043644606,0.015996720748363398,0.0014214197047187922,True,20260911,3,1000
LN-near-degenerate,LN,0.01,1.0,448,0.021048912613863824,0.01910705172932821,-0.001941860884535615,False,20260911,3,1000
LN-near-degenerate,LN,0.01,1.0,449,0.019047178185663517,0.018960541652827113,-8.663653283640452e-05,False,20260911,3,1000
LN-near-degenerate,LN,0.01,1.0,450,0.02280251438223933,0.027556318308485546,0.004753803926246216,True,20260911,3,1000
LN-near-degenerate,LN,0.01,1.0,451,0.014865975444831503,0.01755720522463412,0.0026912297798026164,True,20260911,3,1000
LN-near-degenerate,LN,0.01,1.0,452,0.01784474243086385,0.020498756931610598,0.0026540145007467493,True,20260911,3,1000
LN-near-degenerate,LN,0.01,1.0,453,0.020990266727702597,0.02050149438765542,-0.0004887723400471763,False,20260911,3,1000
LN-near-degenerate,LN,0.01,1.0,454,0.02045963157938658,0.019364479990075224,-0.0010951515893113557,False,20260911,3,1000
LN-near-degenerate,LN,0.01,1.0,455,0.020109106854740936,0.01865077510829053,-0.0014583317464504052,False,20260911,3,1000
LN-near-degenerate,LN,0.01,1.0,456,0.023633214475331454,0.020594162983348645,-0.0030390514919828096,False,20260911,3,1000
LN-near-degenerate,LN,0.01,1.0,457,0.015238768567661074,0.017647767018633118,0.0024089984509720434,True,20260911,3,1000
LN-near-degenerate,LN,0.01,1.0,458,0.01656375387048808,0.023747028477361553,0.0071832746068734715,True,20260911,3,1000
LN-near-degenerate,LN,0.01,1.0,459,0.027632571987847923,0.026459857501439348,-0.001172714486408575,False,20260911,3,1000
LN-near-degenerate,LN,0.01,1.0,460,0.014697873206262606,0.01807170959638927,0.0033738363901266635,True,20260911,3,1000
LN-near-degenerate,LN,0.01,1.0,461,0.02058437483700745,0.019846677836330564,-0.0007376970006768846,False,20260911,3,1000
LN-near-degenerate,LN,0.01,1.0,462,0.014641348785918043,0.019442413540648615,0.004801064754730572,True,20260911,3,1000
LN-near-degenerate,LN,0.01,1.0,463,0.015162752824026883,0.01818906789899006,0.003026315074963176,True,20260911,3,1000
LN-near-degenerate,LN,0.01,1.0,464,0.015753371778499982,0.019029357300946976,0.003275985522446994,True,20260911,3,1000
LN-near-degenerate,LN,0.01,1.0,465,0.016890845424841157,0.018951677463702108,0.002060832038860951,True,20260911,3,1000
LN-near-degenerate,LN,0.01,1.0,466,0.016888539394164268,0.017058172311024425,0.00016963291686015666,True,20260911,3,1000
LN-near-degenerate,LN,0.01,1.0,467,0.018738134258646125,0.019664349639191694,0.0009262153805455683,True,20260911,3,1000
LN-near-degenerate,LN,0.01,1.0,468,0.015718884067458805,0.020890549900162963,0.005171665832704158,True,20260911,3,1000
LN-near-degenerate,LN,0.01,1.0,469,0.022360149874561884,0.02599749066248779,0.0036373407879259044,True,20260911,3,1000
LN-near-degenerate,LN,0.01,1.0,470,0.0249912564895924,0.02087181400991903,-0.004119442479673371,False,20260911,3,1000
LN-near-degenerate,LN,0.01,1.0,471,0.023994722807088552,0.020821565046017274,-0.0031731577610712783,False,20260911,3,1000
LN-near-degenerate,LN,0.01,1.0,472,0.015471092241069887,0.021309882618621875,0.005838790377551988,True,20260911,3,1000
LN-near-degenerate,LN,0.01,1.0,473,0.018915830594928722,0.020614175177696488,0.0016983445827677655,True,20260911,3,1000
LN-near-degenerate,LN,0.01,1.0,474,0.014761860780452302,0.01848444198977322,0.0037225812093209174,True,20260911,3,1000
LN-near-degenerate,LN,0.01,1.0,475,0.032561752329461374,0.028869043782357332,-0.003692708547104042,False,20260911,3,1000
LN-near-degenerate,LN,0.01,1.0,476,0.01603408055986954,0.021394923166075868,0.005360842606206329,True,20260911,3,1000
LN-near-degenerate,LN,0.01,1.0,477,0.016744886945871243,0.02302584507403429,0.006280958128163046,True,20260911,3,1000
LN-near-degenerate,LN,0.01,1.0,478,0.024259182236775347,0.02190620427401671,-0.002352977962758636,False,20260911,3,1000
LN-near-degenerate,LN,0.01,1.0,479,0.016660812565827916,0.018400270659788248,0.0017394580939603319,True,20260911,3,1000
LN-near-degenerate,LN,0.01,1.0,480,0.02379101734961243,0.022458982799687877,-0.0013320345499245531,False,20260911,3,1000
LN-near-degenerate,LN,0.01,1.0,481,0.013403005924240182,0.01677897349006911,0.0033759675658289277,True,20260911,3,1000
LN-near-degenerate,LN,0.01,1.0,482,0.026015601203183622,0.03327109999656391,0.007255498793380291,True,20260911,3,1000
LN-near-degenerate,LN,0.01,1.0,483,0.01588899031706538,0.021259698413964672,0.0053707080968992925,True,20260911,3,1000
LN-near-degenerate,LN,0.01,1.0,484,0.01642868530224892,0.02174058086502356,0.00531189556277464,True,20260911,3,1000
LN-near-degenerate,LN,0.01,1.0,485,0.01950252353820895,0.020538992757611063,0.0010364692194021127,True,20260911,3,1000
LN-near-degenerate,LN,0.01,1.0,486,0.017306268346952196,0.01738469656667333,7.842821972113556e-05,True,20260911,3,1000
LN-near-degenerate,LN,0.01,1.0,487,0.024864891709004973,0.021908774940991107,-0.002956116768013866,False,20260911,3,1000
LN-near-degenerate,LN,0.01,1.0,488,0.017849161024336316,0.01834075852060582,0.0004915974962695045,True,20260911,3,1000
LN-near-degenerate,LN,0.01,1.0,489,0.023278781014699323,0.02178528939785222,-0.0014934916168471042,False,20260911,3,1000
LN-near-degenerate,LN,0.01,1.0,490,0.019050693887419475,0.023946126966652055,0.00489543307923258,True,20260911,3,1000
LN-near-degenerate,LN,0.01,1.0,491,0.019153496420622754,0.022106570692736367,0.002953074272113613,True,20260911,3,1000
LN-near-degenerate,LN,0.01,1.0,492,0.014788616055393052,0.018185689640993274,0.0033970735856002215,True,20260911,3,1000
LN-near-degenerate,LN,0.01,1.0,493,0.026517045552151237,0.022353084326438157,-0.004163961225713081,False,20260911,3,1000
LN-near-degenerate,LN,0.01,1.0,494,0.019544752604639497,0.01986732714560476,0.0003225745409652647,True,20260911,3,1000
LN-near-degenerate,LN,0.01,1.0,495,0.017390745549575443,0.02339413890707729,0.006003393357501847,True,20260911,3,1000
LN-near-degenerate,LN,0.01,1.0,496,0.017047373490229934,0.01845325004802055,0.0014058765577906161,True,20260911,3,1000
LN-near-degenerate,LN,0.01,1.0,497,0.018638508270834596,0.019708234055523896,0.0010697257846893002,True,20260911,3,1000
LN-near-degenerate,LN,0.01,1.0,498,0.015676447317658146,0.020735148571616582,0.005058701253958436,True,20260911,3,1000
LN-near-degenerate,LN,0.01,1.0,499,0.01487886616190747,0.020725103316015896,0.005846237154108426,True,20260911,3,1000
LN-near-degenerate,LN,0.01,1.0,500,0.017284400794790964,0.019519399475360393,0.002234998680569429,True,20260911,3,1000
LN-near-degenerate,LN,0.01,1.0,501,0.015440577955648184,0.02209552043420185,0.006654942478553664,True,20260911,3,1000
LN-near-degenerate,LN,0.01,1.0,502,0.014471851048705362,0.01888598711102303,0.004414136062317669,True,20260911,3,1000
LN-near-degenerate,LN,0.01,1.0,503,0.017251156028322882,0.022205377907173845,0.0049542218788509625,True,20260911,3,1000
LN-near-degenerate,LN,0.01,1.0,504,0.02080707297721142,0.028276581614916137,0.007469508637704719,True,20260911,3,1000
LN-near-degenerate,LN,0.01,1.0,505,0.030327194113367935,0.03390510772267841,0.003577913609310472,True,20260911,3,1000
LN-near-degenerate,LN,0.01,1.0,506,0.018676450285085255,0.02506775499885122,0.006391304713765967,True,20260911,3,1000
LN-near-degenerate,LN,0.01,1.0,507,0.02202115781210092,0.02102952664083545,-0.0009916311712654703,False,20260911,3,1000
LN-near-degenerate,LN,0.01,1.0,508,0.01584962184567813,0.018136723893420206,0.002287102047742077,True,20260911,3,1000
LN-near-degenerate,LN,0.01,1.0,509,0.02206761964802645,0.025291581274990742,0.003223961626964294,True,20260911,3,1000
LN-near-degenerate,LN,0.01,1.0,510,0.01996885662873128,0.025423692400288894,0.0054548357715576146,True,20260911,3,1000
LN-near-degenerate,LN,0.01,1.0,511,0.016550545874469476,0.021309067668540228,0.004758521794070752,True,20260911,3,1000
LN-near-degenerate,LN,0.01,1.0,512,0.014632314093843163,0.0183895973474882,0.0037572832536450357,True,20260911,3,1000
LN-near-degenerate,LN,0.01,1.0,513,0.019533369235888585,0.02394445744902489,0.004411088213136304,True,20260911,3,1000
LN-near-degenerate,LN,0.01,1.0,514,0.022126156462971072,0.02970951510511973,0.007583358642148659,True,20260911,3,1000
LN-near-degenerate,LN,0.01,1.0,515,0.021265371403587724,0.021278561214744765,1.3189811157041098e-05,True,20260911,3,1000
LN-near-degenerate,LN,0.01,1.0,516,0.01499684026427531,0.01783528782034858,0.002838447556073268,True,20260911,3,1000
LN-near-degenerate,LN,0.01,1.0,517,0.016391023768276614,0.02091107518399413,0.004520051415717517,True,20260911,3,1000
LN-near-degenerate,LN,0.01,1.0,518,0.015468558031138011,0.019025571409655925,0.0035570133785179144,True,20260911,3,1000
LN-near-degenerate,LN,0.01,1.0,519,0.01452410171513316,0.019935284936090064,0.005411183220956904,True,20260911,3,1000
LN-near-degenerate,LN,0.01,1.0,520,0.015682366127305912,0.020677776793900197,0.0049954106665942855,True,20260911,3,1000
LN-near-degenerate,LN,0.01,1.0,521,0.015598482032157293,0.020941122308063994,0.005342640275906701,True,20260911,3,1000
LN-near-degenerate,LN,0.01,1.0,522,0.014696000604639842,0.01841521095819031,0.0037192103535504673,True,20260911,3,1000
LN-near-degenerate,LN,0.01,1.0,523,0.03238589318833809,0.027914826904684963,-0.0044710662836531245,False,20260911,3,1000
LN-near-degenerate,LN,0.01,1.0,524,0.015721935660996698,0.01840195066168546,0.0026800150006887624,True,20260911,3,1000
LN-near-degenerate,LN,0.01,1.0,525,0.01657770460972886,0.02251573014037605,0.005938025530647189,True,20260911,3,1000
LN-near-degenerate,LN,0.01,1.0,526,0.020447237749885227,0.020182549484450463,-0.0002646882654347635,False,20260911,3,1000
LN-near-degenerate,LN,0.01,1.0,527,0.015208721398367899,0.018837371453723446,0.003628650055355547,True,20260911,3,1000
LN-near-degenerate,LN,0.01,1.0,528,0.01738805640715566,0.01950515942677824,0.00211710301962258,True,20260911,3,1000
LN-near-degenerate,LN,0.01,1.0,529,0.017176464260735554,0.021192677425438285,0.004016213164702732,True,20260911,3,1000
LN-near-degenerate,LN,0.01,1.0,530,0.014215216359692114,0.017122542376046244,0.00290732601635413,True,20260911,3,1000
LN-near-degenerate,LN,0.01,1.0,531,0.02208316005558438,0.02140613430159902,-0.000677025753985358,False,20260911,3,1000
LN-near-degenerate,LN,0.01,1.0,532,0.014305698269546191,0.019100836713543016,0.0047951384439968246,True,20260911,3,1000
LN-near-degenerate,LN,0.01,1.0,533,0.014244020660177785,0.01741523989430322,0.0031712192341254355,True,20260911,3,1000
LN-near-degenerate,LN,0.01,1.0,534,0.02172544633271677,0.02925405336975825,0.007528607037041481,True,20260911,3,1000
LN-near-degenerate,LN,0.01,1.0,535,0.017584705922213832,0.018713385799998317,0.0011286798777844845,True,20260911,3,1000
LN-near-degenerate,LN,0.01,1.0,536,0.018170516661731376,0.019538504661829652,0.001367988000098276,True,20260911,3,1000
LN-near-degenerate,LN,0.01,1.0,537,0.018595021310137207,0.01946059175603787,0.0008655704459006631,True,20260911,3,1000
LN-near-degenerate,LN,0.01,1.0,538,0.016070313535754367,0.019715518420379618,0.0036452048846252506,True,20260911,3,1000
LN-near-degenerate,LN,0.01,1.0,539,0.014673760184119613,0.02020734432954585,0.005533584145426238,True,20260911,3,1000
LN-near-degenerate,LN,0.01,1.0,540,0.015673205948672882,0.02186512013876643,0.006191914190093548,True,20260911,3,1000
LN-near-degenerate,LN,0.01,1.0,541,0.019000357864737385,0.019769466235978153,0.0007691083712407683,True,20260911,3,1000
LN-near-degenerate,LN,0.01,1.0,542,0.023908093887587682,0.02787022663251672,0.003962132744929039,True,20260911,3,1000
LN-near-degenerate,LN,0.01,1.0,543,0.018217166809100262,0.019077824783249347,0.0008606579741490851,True,20260911,3,1000
LN-near-degenerate,LN,0.01,1.0,544,0.02440489745359492,0.03296436808415572,0.008559470630560798,True,20260911,3,1000
LN-near-degenerate,LN,0.01,1.0,545,0.01602026499731273,0.019384003295533424,0.003363738298220696,True,20260911,3,1000
LN-near-degenerate,LN,0.01,1.0,546,0.01882874278197361,0.019858195040035425,0.0010294522580618151,True,20260911,3,1000
LN-near-degenerate,LN,0.01,1.0,547,0.0154205588743926,0.017775326761850372,0.002354767887457773,True,20260911,3,1000
LN-near-degenerate,LN,0.01,1.0,548,0.018715483303650884,0.019515829636457812,0.0008003463328069282,True,20260911,3,1000
LN-near-degenerate,LN,0.01,1.0,549,0.01636584275569013,0.018574700844668997,0.002208858088978867,True,20260911,3,1000
LN-near-degenerate,LN,0.01,1.0,550,0.020471301232199358,0.019839468549158912,-0.000631832683040446,False,20260911,3,1000
LN-near-degenerate,LN,0.01,1.0,551,0.021372217433567174,0.01906792641651672,-0.0023042910170504548,False,20260911,3,1000
LN-near-degenerate,LN,0.01,1.0,552,0.014990854061842933,0.01617181572171666,0.001180961659873728,True,20260911,3,1000
LN-near-degenerate,LN,0.01,1.0,553,0.016213653100021548,0.022081099097170556,0.005867445997149008,True,20260911,3,1000
LN-near-degenerate,LN,0.01,1.0,554,0.019323050158176036,0.023870103553176085,0.004547053395000049,True,20260911,3,1000
LN-near-degenerate,LN,0.01,1.0,555,0.015996986469235,0.017604468466988033,0.0016074819977530339,True,20260911,3,1000
LN-near-degenerate,LN,0.01,1.0,556,0.023554817522187573,0.02100192504475139,-0.002552892477436182,False,20260911,3,1000
LN-near-degenerate,LN,0.01,1.0,557,0.018315181184028688,0.023951052518604268,0.00563587133457558,True,20260911,3,1000
LN-near-degenerate,LN,0.01,1.0,558,0.01723724325293449,0.02318649512657891,0.00594925187364442,True,20260911,3,1000
LN-near-degenerate,LN,0.01,1.0,559,0.016585636693505285,0.018285806247689905,0.0017001695541846197,True,20260911,3,1000
LN-near-degenerate,LN,0.01,1.0,560,0.015590552093379591,0.01880678418243419,0.003216232089054598,True,20260911,3,1000
LN-near-degenerate,LN,0.01,1.0,561,0.017137552403051797,0.018252226998548286,0.0011146745954964885,True,20260911,3,1000
LN-near-degenerate,LN,0.01,1.0,562,0.02089497670529385,0.029169307548811186,0.008274330843517336,True,20260911,3,1000
LN-near-degenerate,LN,0.01,1.0,563,0.01960468140822812,0.02230146341524117,0.002696782007013048,True,20260911,3,1000
LN-near-degenerate,LN,0.01,1.0,564,0.024798609991881385,0.021450843479423113,-0.0033477665124582723,False,20260911,3,1000
LN-near-degenerate,LN,0.01,1.0,565,0.01533118968529971,0.01722354557243299,0.0018923558871332801,True,20260911,3,1000
LN-near-degenerate,LN,0.01,1.0,566,0.017518571857411715,0.022453669946062522,0.004935098088650808,True,20260911,3,1000
LN-near-degenerate,LN,0.01,1.0,567,0.01700843924939723,0.020854949921128508,0.003846510671731279,True,20260911,3,1000
LN-near-degenerate,LN,0.01,1.0,568,0.02414303551387897,0.023917843645507933,-0.00022519186837103786,False,20260911,3,1000
LN-near-degenerate,LN,0.01,1.0,569,0.0171284077453485,0.020025775985363085,0.0028973682400145855,True,20260911,3,1000
LN-near-degenerate,LN,0.01,1.0,570,0.01525596846584642,0.016663458503717404,0.0014074900378709832,True,20260911,3,1000
LN-near-degenerate,LN,0.01,1.0,571,0.03126047619831118,0.02149212258638669,-0.00976835361192449,False,20260911,3,1000
LN-near-degenerate,LN,0.01,1.0,572,0.015285894881621843,0.019944793527101233,0.00465889864547939,True,20260911,3,1000
LN-near-degenerate,LN,0.01,1.0,573,0.016644137354119872,0.02080661412863897,0.0041624767745190965,True,20260911,3,1000
LN-near-degenerate,LN,0.01,1.0,574,0.015322980953261392,0.019716823042118567,0.004393842088857175,True,20260911,3,1000
LN-near-degenerate,LN,0.01,1.0,575,0.017025582889240793,0.018661574149385386,0.0016359912601445932,True,20260911,3,1000
LN-near-degenerate,LN,0.01,1.0,576,0.02064992662327,0.02328708519374753,0.0026371585704775304,True,20260911,3,1000
LN-near-degenerate,LN,0.01,1.0,577,0.015516552384632818,0.01915523340856114,0.0036386810239283224,True,20260911,3,1000
LN-near-degenerate,LN,0.01,1.0,578,0.02191762872719974,0.022064623639335063,0.00014699491213532312,True,20260911,3,1000
LN-near-degenerate,LN,0.01,1.0,579,0.03412318944258589,0.031118137093117025,-0.0030050523494688647,False,20260911,3,1000
LN-near-degenerate,LN,0.01,1.0,580,0.015852178188636757,0.021018528646861302,0.005166350458224545,True,20260911,3,1000
LN-near-degenerate,LN,0.01,1.0,581,0.027707283929257396,0.024022323664798895,-0.0036849602644585013,False,20260911,3,1000
LN-near-degenerate,LN,0.01,1.0,582,0.03578720580805355,0.03718603622265781,0.0013988304146042574,True,20260911,3,1000
LN-near-degenerate,LN,0.01,1.0,583,0.019770485074201413,0.020318987668071165,0.0005485025938697513,True,20260911,3,1000
LN-near-degenerate,LN,0.01,1.0,584,0.015432880508421768,0.021119116893391607,0.00568623638496984,True,20260911,3,1000
LN-near-degenerate,LN,0.01,1.0,585,0.017376472755164588,0.01825636988778745,0.0008798971326228616,True,20260911,3,1000
LN-near-degenerate,LN,0.01,1.0,586,0.01536163358548676,0.021144836651492513,0.005783203066005754,True,20260911,3,1000
LN-near-degenerate,LN,0.01,1.0,587,0.01818169991629735,0.01979468430996316,0.0016129843936658096,True,20260911,3,1000
LN-near-degenerate,LN,0.01,1.0,588,0.016849337778305225,0.02111059450978102,0.004261256731475795,True,20260911,3,1000
LN-near-degenerate,LN,0.01,1.0,589,0.02492362977782482,0.02559570052818152,0.0006720707503566972,True,20260911,3,1000
LN-near-degenerate,LN,0.01,1.0,590,0.025736034810097296,0.0242765772223749,-0.0014594575877223959,False,20260911,3,1000
LN-near-degenerate,LN,0.01,1.0,591,0.036113058296676936,0.027387131684868088,-0.008725926611808849,False,20260911,3,1000
LN-near-degenerate,LN,0.01,1.0,592,0.014924877793559681,0.018913306568478942,0.003988428774919261,True,20260911,3,1000
LN-near-degenerate,LN,0.01,1.0,593,0.015452122876316376,0.021698981398999898,0.006246858522683522,True,20260911,3,1000
LN-near-degenerate,LN,0.01,1.0,594,0.015659148657173654,0.017718352554047904,0.002059203896874251,True,20260911,3,1000
LN-near-degenerate,LN,0.01,1.0,595,0.022351569586488505,0.018985610611461017,-0.003365958975027488,False,20260911,3,1000
LN-near-degenerate,LN,0.01,1.0,596,0.01658758621426714,0.01917620649961298,0.0025886202853458405,True,20260911,3,1000
LN-near-degenerate,LN,0.01,1.0,597,0.024508900644918,0.02472011674452992,0.0002112160996119196,True,20260911,3,1000
LN-near-degenerate,LN,0.01,1.0,598,0.015131332089230329,0.017852363020313206,0.0027210309310828767,True,20260911,3,1000
LN-near-degenerate,LN,0.01,1.0,599,0.016579210890860147,0.01831506988789234,0.0017358589970321928,True,20260911,3,1000
LN-near-degenerate,LN,0.01,1.0,600,0.018179755672515317,0.02473953944229902,0.006559783769783705,True,20260911,3,1000
LN-near-degenerate,LN,0.01,1.0,601,0.017246100720214035,0.01829380400595622,0.001047703285742184,True,20260911,3,1000
LN-near-degenerate,LN,0.01,1.0,602,0.022938697366105824,0.02163719730315812,-0.0013015000629477032,False,20260911,3,1000
LN-near-degenerate,LN,0.01,1.0,603,0.014723179666671549,0.018402962202497816,0.0036797825358262665,True,20260911,3,1000
LN-near-degenerate,LN,0.01,1.0,604,0.016327264482052243,0.021267745774892773,0.00494048129284053,True,20260911,3,1000
LN-near-degenerate,LN,0.01,1.0,605,0.021119887030485972,0.02526653883448396,0.0041466518039979874,True,20260911,3,1000
LN-near-degenerate,LN,0.01,1.0,606,0.013971279304412412,0.018382179356884604,0.004410900052472192,True,20260911,3,1000
LN-near-degenerate,LN,0.01,1.0,607,0.021391633086852168,0.02173480812461692,0.0003431750377647508,True,20260911,3,1000
LN-near-degenerate,LN,0.01,1.0,608,0.02297909539258943,0.027538653675179516,0.004559558282590085,True,20260911,3,1000
LN-near-degenerate,LN,0.01,1.0,609,0.020033658095703313,0.0212012731036613,0.0011676150079579888,True,20260911,3,1000
LN-near-degenerate,LN,0.01,1.0,610,0.01561176586830527,0.02001999591050916,0.0044082300422038905,True,20260911,3,1000
LN-near-degenerate,LN,0.01,1.0,611,0.016244898820017197,0.01868485444019793,0.0024399556201807338,True,20260911,3,1000
LN-near-degenerate,LN,0.01,1.0,612,0.016102474842839772,0.017465212482763785,0.0013627376399240124,True,20260911,3,1000
LN-near-degenerate,LN,0.01,1.0,613,0.01628308114026075,0.017695270537057068,0.0014121893967963192,True,20260911,3,1000
LN-near-degenerate,LN,0.01,1.0,614,0.013283068388709202,0.01736521147339849,0.004082143084689287,True,20260911,3,1000
LN-near-degenerate,LN,0.01,1.0,615,0.013933333032178098,0.01791815619083127,0.003984823158653171,True,20260911,3,1000
LN-near-degenerate,LN,0.01,1.0,616,0.015371035353725191,0.02019558700512911,0.0048245516514039185,True,20260911,3,1000
LN-near-degenerate,LN,0.01,1.0,617,0.01589963750346857,0.01754278085128081,0.0016431433478122405,True,20260911,3,1000
LN-near-degenerate,LN,0.01,1.0,618,0.023713916094744544,0.025134038396568876,0.0014201223018243322,True,20260911,3,1000
LN-near-degenerate,LN,0.01,1.0,619,0.021309219041894485,0.01928472584009597,-0.002024493201798514,False,20260911,3,1000
LN-near-degenerate,LN,0.01,1.0,620,0.01917358524499449,0.020086475394653743,0.0009128901496592533,True,20260911,3,1000
LN-near-degenerate,LN,0.01,1.0,621,0.021422997217611935,0.019254855696735778,-0.0021681415208761566,False,20260911,3,1000
LN-near-degenerate,LN,0.01,1.0,622,0.024464352493323734,0.028524463399240654,0.00406011090591692,True,20260911,3,1000
LN-near-degenerate,LN,0.01,1.0,623,0.02158214226012012,0.019653258642175167,-0.0019288836179449514,False,20260911,3,1000
LN-near-degenerate,LN,0.01,1.0,624,0.015694531939942302,0.01793570436542841,0.0022411724254861078,True,20260911,3,1000
LN-near-degenerate,LN,0.01,1.0,625,0.024171614123604294,0.022882637427555086,-0.0012889766960492086,False,20260911,3,1000
LN-near-degenerate,LN,0.01,1.0,626,0.017635113110516402,0.01729353118073061,-0.000341581929785794,False,20260911,3,1000
LN-near-degenerate,LN,0.01,1.0,627,0.01913308123618694,0.018186892279399257,-0.0009461889567876844,False,20260911,3,1000
LN-near-degenerate,LN,0.01,1.0,628,0.014810165665082043,0.019426040233150945,0.004615874568068902,True,20260911,3,1000
LN-near-degenerate,LN,0.01,1.0,629,0.01925909457107587,0.0193807162220072,0.00012162165093132851,True,20260911,3,1000
LN-near-degenerate,LN,0.01,1.0,630,0.015313554307013241,0.018165025897813897,0.002851471590800656,True,20260911,3,1000
LN-near-degenerate,LN,0.01,1.0,631,0.017957394158283346,0.017695741904733383,-0.0002616522535499634,False,20260911,3,1000
LN-near-degenerate,LN,0.01,1.0,632,0.015584028001020895,0.01883207173211451,0.0032480437310936153,True,20260911,3,1000
LN-near-degenerate,LN,0.01,1.0,633,0.025942750425328308,0.033833105964891724,0.007890355539563416,True,20260911,3,1000
LN-near-degenerate,LN,0.01,1.0,634,0.022848033519334014,0.020957956626738876,-0.0018900768925951376,False,20260911,3,1000
LN-near-degenerate,LN,0.01,1.0,635,0.01443667983684415,0.020616045887981823,0.006179366051137673,True,20260911,3,1000
LN-near-degenerate,LN,0.01,1.0,636,0.016855567853493215,0.016790278346791056,-6.528950670215902e-05,False,20260911,3,1000
LN-near-degenerate,LN,0.01,1.0,637,0.015829997530899524,0.016508022218248868,0.0006780246873493434,True,20260911,3,1000
LN-near-degenerate,LN,0.01,1.0,638,0.01432831370418634,0.017900420464819208,0.0035721067606328677,True,20260911,3,1000
LN-near-degenerate,LN,0.01,1.0,639,0.018793659428891035,0.025353071431103047,0.006559412002212012,True,20260911,3,1000
LN-near-degenerate,LN,0.01,1.0,640,0.012893683242080336,0.017850967341828897,0.004957284099748561,True,20260911,3,1000
LN-near-degenerate,LN,0.01,1.0,641,0.02038765249253763,0.019834265199494903,-0.0005533872930427279,False,20260911,3,1000
LN-near-degenerate,LN,0.01,1.0,642,0.020449908204401006,0.02229251876002014,0.0018426105556191355,True,20260911,3,1000
LN-near-degenerate,LN,0.01,1.0,643,0.016472261337274318,0.02299964831808134,0.006527386980807022,True,20260911,3,1000
LN-near-degenerate,LN,0.01,1.0,644,0.014804357292988674,0.01888419034992511,0.0040798330569364345,True,20260911,3,1000
LN-near-degenerate,LN,0.01,1.0,645,0.0157593512717939,0.019891647380715274,0.0041322961089213725,True,20260911,3,1000
LN-near-degenerate,LN,0.01,1.0,646,0.024575536065118482,0.022585269130685197,-0.001990266934433285,False,20260911,3,1000
LN-near-degenerate,LN,0.01,1.0,647,0.01859533699586827,0.02033875121997133,0.0017434142241030612,True,20260911,3,1000
LN-near-degenerate,LN,0.01,1.0,648,0.014061780262988143,0.019841442067596728,0.005779661804608585,True,20260911,3,1000
LN-near-degenerate,LN,0.01,1.0,649,0.015908427381500567,0.019208762815549844,0.003300335434049277,True,20260911,3,1000
LN-near-degenerate,LN,0.01,1.0,650,0.018863908598033583,0.026218547662777578,0.0073546390647439945,True,20260911,3,1000
LN-near-degenerate,LN,0.01,1.0,651,0.025318117699705208,0.03347918467273702,0.008161066973031813,True,20260911,3,1000
LN-near-degenerate,LN,0.01,1.0,652,0.02437455624924297,0.020699914203003076,-0.0036746420462398927,False,20260911,3,1000
LN-near-degenerate,LN,0.01,1.0,653,0.019423163882339795,0.019519244328534902,9.608044619510703e-05,True,20260911,3,1000
LN-near-degenerate,LN,0.01,1.0,654,0.0194636213747966,0.024434211153979864,0.004970589779183264,True,20260911,3,1000
LN-near-degenerate,LN,0.01,1.0,655,0.018599597460718514,0.018834113695711002,0.00023451623499248786,True,20260911,3,1000
LN-near-degenerate,LN,0.01,1.0,656,0.02415489747089498,0.021884351146949976,-0.0022705463239450045,False,20260911,3,1000
LN-near-degenerate,LN,0.01,1.0,657,0.015569720155162505,0.017385491193015214,0.0018157710378527096,True,20260911,3,1000
LN-near-degenerate,LN,0.01,1.0,658,0.02367406733571349,0.025706537670367204,0.002032470334653716,True,20260911,3,1000
LN-near-degenerate,LN,0.01,1.0,659,0.026409342641334464,0.023143686056423352,-0.0032656565849111113,False,20260911,3,1000
LN-near-degenerate,LN,0.01,1.0,660,0.027068765413283298,0.024733764759320834,-0.0023350006539624643,False,20260911,3,1000
LN-near-degenerate,LN,0.01,1.0,661,0.017041833885174888,0.018394553689300732,0.0013527198041258445,True,20260911,3,1000
LN-near-degenerate,LN,0.01,1.0,662,0.02065320416119737,0.02796419963569998,0.0073109954745026115,True,20260911,3,1000
LN-near-degenerate,LN,0.01,1.0,663,0.018922161422473206,0.019213027079441843,0.000290865656968637,True,20260911,3,1000
LN-near-degenerate,LN,0.01,1.0,664,0.016583871341527754,0.02050782051555716,0.003923949174029405,True,20260911,3,1000
LN-near-degenerate,LN,0.01,1.0,665,0.016778222175446795,0.01696270986313786,0.00018448768769106436,True,20260911,3,1000
LN-near-degenerate,LN,0.01,1.0,666,0.016245865527891444,0.017088742252610405,0.0008428767247189613,True,20260911,3,1000
LN-near-degenerate,LN,0.01,1.0,667,0.01407141033654908,0.0166946809003757,0.0026232705638266213,True,20260911,3,1000
LN-near-degenerate,LN,0.01,1.0,668,0.014133101808630059,0.018481636051903148,0.0043485342432730886,True,20260911,3,1000
LN-near-degenerate,LN,0.01,1.0,669,0.020088677502134458,0.023014394400966726,0.0029257168988322674,True,20260911,3,1000
LN-near-degenerate,LN,0.01,1.0,670,0.01745013120004907,0.019305008234238145,0.001854877034189073,True,20260911,3,1000
LN-near-degenerate,LN,0.01,1.0,671,0.017318316914295546,0.02489496454535337,0.007576647631057823,True,20260911,3,1000
LN-near-degenerate,LN,0.01,1.0,672,0.0256047991246825,0.02341690118847693,-0.0021878979362055725,False,20260911,3,1000
LN-near-degenerate,LN,0.01,1.0,673,0.018469239523866258,0.018575586872489076,0.0001063473486228178,True,20260911,3,1000
LN-near-degenerate,LN,0.01,1.0,674,0.025526314785074774,0.022832023250895526,-0.0026942915341792474,False,20260911,3,1000
LN-near-degenerate,LN,0.01,1.0,675,0.017699025948622625,0.018977872650518802,0.0012788467018961767,True,20260911,3,1000
LN-near-degenerate,LN,0.01,1.0,676,0.023816050436448948,0.020745407093818405,-0.0030706433426305434,False,20260911,3,1000
LN-near-degenerate,LN,0.01,1.0,677,0.01909658288952474,0.01902538340414021,-7.119948538452867e-05,False,20260911,3,1000
LN-near-degenerate,LN,0.01,1.0,678,0.01593938954678208,0.022262493950866873,0.006323104404084793,True,20260911,3,1000
LN-near-degenerate,LN,0.01,1.0,679,0.01547625412761581,0.01864626759556515,0.00317001346794934,True,20260911,3,1000
LN-near-degenerate,LN,0.01,1.0,680,0.016953191565264703,0.019033145954985186,0.0020799543897204835,True,20260911,3,1000
LN-near-degenerate,LN,0.01,1.0,681,0.014918591394917052,0.020680630320822097,0.005762038925905044,True,20260911,3,1000
LN-near-degenerate,LN,0.01,1.0,682,0.014639161569173463,0.01689005031815985,0.0022508887489863863,True,20260911,3,1000
LN-near-degenerate,LN,0.01,1.0,683,0.02486098379835911,0.021609795761780157,-0.0032511880365789537,False,20260911,3,1000
LN-near-degenerate,LN,0.01,1.0,684,0.014713127801452,0.01835606647687369,0.003642938675421691,True,20260911,3,1000
LN-near-degenerate,LN,0.01,1.0,685,0.015599340605855917,0.01939779303702949,0.0037984524311735733,True,20260911,3,1000
LN-near-degenerate,LN,0.01,1.0,686,0.015613153434959356,0.018126166544202814,0.0025130131092434577,True,20260911,3,1000
LN-near-degenerate,LN,0.01,1.0,687,0.01654406110651857,0.019001509409583513,0.002457448303064942,True,20260911,3,1000
LN-near-degenerate,LN,0.01,1.0,688,0.014955669857111588,0.021654340200416237,0.006698670343304649,True,20260911,3,1000
LN-near-degenerate,LN,0.01,1.0,689,0.01638040380024815,0.02168275346172079,0.005302349661472638,True,20260911,3,1000
LN-near-degenerate,LN,0.01,1.0,690,0.019623162488160196,0.025274359155176902,0.0056511966670167064,True,20260911,3,1000
LN-near-degenerate,LN,0.01,1.0,691,0.014194394974451989,0.019882195501681448,0.0056878005272294595,True,20260911,3,1000
LN-near-degenerate,LN,0.01,1.0,692,0.016367864651548467,0.018543933434073616,0.0021760687825251486,True,20260911,3,1000
LN-near-degenerate,LN,0.01,1.0,693,0.029199763842861565,0.03212721002620796,0.0029274461833463973,True,20260911,3,1000
LN-near-degenerate,LN,0.01,1.0,694,0.014129008720113119,0.018763237764509336,0.004634229044396218,True,20260911,3,1000
LN-near-degenerate,LN,0.01,1.0,695,0.01548602122575891,0.02071527792970074,0.00522925670394183,True,20260911,3,1000
LN-near-degenerate,LN,0.01,1.0,696,0.020353642569406395,0.022548444744694886,0.0021948021752884912,True,20260911,3,1000
LN-near-degenerate,LN,0.01,1.0,697,0.01743785917366576,0.01773415860774628,0.0002962994340805214,True,20260911,3,1000
LN-near-degenerate,LN,0.01,1.0,698,0.0156840593654559,0.0221073979288221,0.006423338563366202,True,20260911,3,1000
LN-near-degenerate,LN,0.01,1.0,699,0.016945975514430653,0.018251007323428436,0.0013050318089977836,True,20260911,3,1000
LN-near-degenerate,LN,0.01,1.0,700,0.01915700455331785,0.01885488114963764,-0.00030212340368021215,False,20260911,3,1000
LN-near-degenerate,LN,0.01,1.0,701,0.025210470361632497,0.02238631844328918,-0.0028241519183433185,False,20260911,3,1000
LN-near-degenerate,LN,0.01,1.0,702,0.020092580756769337,0.025174671344442415,0.005082090587673078,True,20260911,3,1000
LN-near-degenerate,LN,0.01,1.0,703,0.014215506723189076,0.01784385801546493,0.003628351292275853,True,20260911,3,1000
LN-near-degenerate,LN,0.01,1.0,704,0.02657911002432659,0.026301125739570417,-0.000277984284756172,False,20260911,3,1000
LN-near-degenerate,LN,0.01,1.0,705,0.016673927380768398,0.022744340993179228,0.006070413612410831,True,20260911,3,1000
LN-near-degenerate,LN,0.01,1.0,706,0.01976909782439108,0.018425142343905652,-0.0013439554804854266,False,20260911,3,1000
LN-near-degenerate,LN,0.01,1.0,707,0.024834726863849323,0.02439689507544521,-0.00043783178840411247,False,20260911,3,1000
LN-near-degenerate,LN,0.01,1.0,708,0.01640502996806943,0.022247691783865844,0.005842661815796412,True,20260911,3,1000
LN-near-degenerate,LN,0.01,1.0,709,0.015141404597323094,0.01974101910436278,0.004599614507039686,True,20260911,3,1000
LN-near-degenerate,LN,0.01,1.0,710,0.017115549853835996,0.02255790259960802,0.005442352745772025,True,20260911,3,1000
LN-near-degenerate,LN,0.01,1.0,711,0.018514218576756374,0.01930544351741389,0.0007912249406575173,True,20260911,3,1000
LN-near-degenerate,LN,0.01,1.0,712,0.017344701522926893,0.019050461299432588,0.0017057597765056942,True,20260911,3,1000
LN-near-degenerate,LN,0.01,1.0,713,0.016720059923140133,0.019386609742400696,0.002666549819260563,True,20260911,3,1000
LN-near-degenerate,LN,0.01,1.0,714,0.014553473052013986,0.01979797206368435,0.005244499011670364,True,20260911,3,1000
LN-near-degenerate,LN,0.01,1.0,715,0.01471057870889579,0.01911458472606125,0.00440400601716546,True,20260911,3,1000
LN-near-degenerate,LN,0.01,1.0,716,0.014730887828279823,0.02024362417968207,0.0055127363514022466,True,20260911,3,1000
LN-near-degenerate,LN,0.01,1.0,717,0.013885530969146244,0.01776770566661097,0.0038821746974647253,True,20260911,3,1000
LN-near-degenerate,LN,0.01,1.0,718,0.019281914218980244,0.027146358305402338,0.007864444086422093,True,20260911,3,1000
LN-near-degenerate,LN,0.01,1.0,719,0.014281131317692685,0.019355385777628728,0.005074254459936043,True,20260911,3,1000
LN-near-degenerate,LN,0.01,1.0,720,0.01927051593713492,0.01969083758333687,0.00042032164620195087,True,20260911,3,1000
LN-near-degenerate,LN,0.01,1.0,721,0.015048281665385103,0.019628915623029514,0.004580633957644411,True,20260911,3,1000
LN-near-degenerate,LN,0.01,1.0,722,0.035785139684032775,0.030898114519318922,-0.004887025164713853,False,20260911,3,1000
LN-near-degenerate,LN,0.01,1.0,723,0.014097509802629594,0.016835078507570246,0.002737568704940652,True,20260911,3,1000
LN-near-degenerate,LN,0.01,1.0,724,0.02697147518874781,0.02151350569502073,-0.00545796949372708,False,20260911,3,1000
LN-near-degenerate,LN,0.01,1.0,725,0.0216804574786244,0.02194763910425703,0.0002671816256326308,True,20260911,3,1000
LN-near-degenerate,LN,0.01,1.0,726,0.022365956111383783,0.01932795236202332,-0.0030380037493604635,False,20260911,3,1000
LN-near-degenerate,LN,0.01,1.0,727,0.013734592935431977,0.017316135391383804,0.0035815424559518267,True,20260911,3,1000
LN-near-degenerate,LN,0.01,1.0,728,0.020442834137484205,0.021136124202927188,0.0006932900654429835,True,20260911,3,1000
LN-near-degenerate,LN,0.01,1.0,729,0.015761557978176594,0.02016173165890968,0.004400173680733085,True,20260911,3,1000
LN-near-degenerate,LN,0.01,1.0,730,0.016265861307720245,0.022433390140296137,0.006167528832575892,True,20260911,3,1000
LN-near-degenerate,LN,0.01,1.0,731,0.018478396175934646,0.018017624322949222,-0.00046077185298542406,False,20260911,3,1000
LN-near-degenerate,LN,0.01,1.0,732,0.02333487425087633,0.030375819022509645,0.007040944771633317,True,20260911,3,1000
LN-near-degenerate,LN,0.01,1.0,733,0.017205173538014137,0.018934159663236774,0.0017289861252226361,True,20260911,3,1000
LN-near-degenerate,LN,0.01,1.0,734,0.01932773205092367,0.019585070311145012,0.0002573382602213438,True,20260911,3,1000
LN-near-degenerate,LN,0.01,1.0,735,0.015677250043563427,0.018034856393428444,0.002357606349865017,True,20260911,3,1000
LN-near-degenerate,LN,0.01,1.0,736,0.019393810813117224,0.019236991546770468,-0.00015681926634675616,False,20260911,3,1000
LN-near-degenerate,LN,0.01,1.0,737,0.016157962899738212,0.018281147897096003,0.0021231849973577903,True,20260911,3,1000
LN-near-degenerate,LN,0.01,1.0,738,0.014120183301359583,0.018180307009506437,0.004060123708146854,True,20260911,3,1000
LN-near-degenerate,LN,0.01,1.0,739,0.01630066159222938,0.01716104919420409,0.0008603876019747103,True,20260911,3,1000
LN-near-degenerate,LN,0.01,1.0,740,0.01579562326578683,0.019189904340101916,0.003394281074315088,True,20260911,3,1000
LN-near-degenerate,LN,0.01,1.0,741,0.01805288114351251,0.025326384510585474,0.007273503367072963,True,20260911,3,1000
LN-near-degenerate,LN,0.01,1.0,742,0.015519789967135197,0.018620656977722794,0.003100867010587597,True,20260911,3,1000
LN-near-degenerate,LN,0.01,1.0,743,0.01719391831452481,0.02295409999234039,0.005760181677815578,True,20260911,3,1000
LN-near-degenerate,LN,0.01,1.0,744,0.01722658646674064,0.01906392592106626,0.0018373394543256191,True,20260911,3,1000
LN-near-degenerate,LN,0.01,1.0,745,0.019811347730626937,0.018884696242424087,-0.0009266514882028502,False,20260911,3,1000
LN-near-degenerate,LN,0.01,1.0,746,0.020528444045841518,0.02933629655470225,0.008807852508860733,True,20260911,3,1000
LN-near-degenerate,LN,0.01,1.0,747,0.017516880245803005,0.023262290482810893,0.005745410237007888,True,20260911,3,1000
LN-near-degenerate,LN,0.01,1.0,748,0.01768513798117657,0.01732848387889286,-0.00035665410228371067,False,20260911,3,1000
LN-near-degenerate,LN,0.01,1.0,749,0.02074537693793715,0.02627669000688793,0.005531313068950779,True,20260911,3,1000
LN-near-degenerate,LN,0.01,1.0,750,0.015768776775126107,0.01860741247140162,0.002838635696275512,True,20260911,3,1000
LN-near-degenerate,LN,0.01,1.0,751,0.015153137880221572,0.01797927138497659,0.002826133504755019,True,20260911,3,1000
LN-near-degenerate,LN,0.01,1.0,752,0.023850867695369447,0.021861014568731244,-0.001989853126638203,False,20260911,3,1000
LN-near-degenerate,LN,0.01,1.0,753,0.02297999218110389,0.022580776599235235,-0.00039921558186865533,False,20260911,3,1000
LN-near-degenerate,LN,0.01,1.0,754,0.015696790365671877,0.01785824161797918,0.002161451252307302,True,20260911,3,1000
LN-near-degenerate,LN,0.01,1.0,755,0.02402173134117925,0.02118955262003572,-0.002832178721143528,False,20260911,3,1000
LN-near-degenerate,LN,0.01,1.0,756,0.016989380110236728,0.021473748881327127,0.004484368771090399,True,20260911,3,1000
LN-near-degenerate,LN,0.01,1.0,757,0.023258724532683232,0.021841558352929825,-0.0014171661797534076,False,20260911,3,1000
LN-near-degenerate,LN,0.01,1.0,758,0.01687575299844431,0.019529511656578603,0.0026537586581342927,True,20260911,3,1000
LN-near-degenerate,LN,0.01,1.0,759,0.014369408951976234,0.018501374862394348,0.004131965910418114,True,20260911,3,1000
LN-near-degenerate,LN,0.01,1.0,760,0.018474846774474467,0.018276580234176467,-0.0001982665402979998,False,20260911,3,1000
LN-near-degenerate,LN,0.01,1.0,761,0.015525693870452039,0.018413230726425395,0.002887536855973356,True,20260911,3,1000
LN-near-degenerate,LN,0.01,1.0,762,0.018276555325970136,0.0176710399603716,-0.000605515365598535,False,20260911,3,1000
LN-near-degenerate,LN,0.01,1.0,763,0.017085914066087848,0.018883506434403435,0.001797592368315587,True,20260911,3,1000
LN-near-degenerate,LN,0.01,1.0,764,0.018454746756655715,0.021138261694926063,0.0026835149382703483,True,20260911,3,1000
LN-near-degenerate,LN,0.01,1.0,765,0.02161088429369748,0.02679983710559529,0.0051889528118978095,True,20260911,3,1000
LN-near-degenerate,LN,0.01,1.0,766,0.015453368280278752,0.02057898597463039,0.005125617694351639,True,20260911,3,1000
LN-near-degenerate,LN,0.01,1.0,767,0.029639091122614775,0.026186598890116628,-0.003452492232498147,False,20260911,3,1000
LN-near-degenerate,LN,0.01,1.0,768,0.014692480629146345,0.018436980790088542,0.0037445001609421966,True,20260911,3,1000
LN-near-degenerate,LN,0.01,1.0,769,0.02440525545916263,0.029052174218833975,0.0046469187596713465,True,20260911,3,1000
LN-near-degenerate,LN,0.01,1.0,770,0.02429391950831579,0.03065790827660256,0.006363988768286772,True,20260911,3,1000
LN-near-degenerate,LN,0.01,1.0,771,0.01665719346411555,0.01827763831266469,0.0016204448485491428,True,20260911,3,1000
LN-near-degenerate,LN,0.01,1.0,772,0.018572863096862915,0.019481171942261337,0.0009083088453984214,True,20260911,3,1000
LN-near-degenerate,LN,0.01,1.0,773,0.015603225626367657,0.017729105387298248,0.00212587976093059,True,20260911,3,1000
LN-near-degenerate,LN,0.01,1.0,774,0.0184125268987969,0.019685204082654065,0.0012726771838571654,True,20260911,3,1000
LN-near-degenerate,LN,0.01,1.0,775,0.016554351353050778,0.01885365154595123,0.002299300192900453,True,20260911,3,1000
LN-near-degenerate,LN,0.01,1.0,776,0.018643333925366812,0.0187705775604896,0.0001272436351227868,True,20260911,3,1000
LN-near-degenerate,LN,0.01,1.0,777,0.018686328043912313,0.018674480945180275,-1.1847098732038763e-05,False,20260911,3,1000
LN-near-degenerate,LN,0.01,1.0,778,0.018803599541497462,0.023239665899732483,0.0044360663582350204,True,20260911,3,1000
LN-near-degenerate,LN,0.01,1.0,779,0.015236923965474262,0.01981160245063472,0.004574678485160459,True,20260911,3,1000
LN-near-degenerate,LN,0.01,1.0,780,0.030204405188865732,0.03448241306793173,0.004278007879066001,True,20260911,3,1000
LN-near-degenerate,LN,0.01,1.0,781,0.014776599863788766,0.020048994545764295,0.0052723946819755296,True,20260911,3,1000
LN-near-degenerate,LN,0.01,1.0,782,0.01779471286532534,0.02299779268590089,0.005203079820575551,True,20260911,3,1000
LN-near-degenerate,LN,0.01,1.0,783,0.014165268236579834,0.018049528808664582,0.003884260572084748,True,20260911,3,1000
LN-near-degenerate,LN,0.01,1.0,784,0.020309042976988382,0.019432996846792318,-0.0008760461301960641,False,20260911,3,1000
LN-near-degenerate,LN,0.01,1.0,785,0.014357003450363502,0.016524397724819655,0.0021673942744561536,True,20260911,3,1000
LN-near-degenerate,LN,0.01,1.0,786,0.013660846568060148,0.01752154459094112,0.0038606980228809706,True,20260911,3,1000
LN-near-degenerate,LN,0.01,1.0,787,0.01489518291146133,0.0204694075380622,0.005574224626600871,True,20260911,3,1000
LN-near-degenerate,LN,0.01,1.0,788,0.017533920197666645,0.01643248390428338,-0.0011014362933832664,False,20260911,3,1000
LN-near-degenerate,LN,0.01,1.0,789,0.018204942504336546,0.022900858449245175,0.004695915944908629,True,20260911,3,1000
LN-near-degenerate,LN,0.01,1.0,790,0.02115982146658578,0.02112178958933097,-3.803187725480786e-05,False,20260911,3,1000
LN-near-degenerate,LN,0.01,1.0,791,0.014484413288675224,0.018465148973827752,0.003980735685152528,True,20260911,3,1000
LN-near-degenerate,LN,0.01,1.0,792,0.017885186568518386,0.023781829533216423,0.005896642964698037,True,20260911,3,1000
LN-near-degenerate,LN,0.01,1.0,793,0.017995999346088077,0.020527029128018657,0.00253102978193058,True,20260911,3,1000
LN-near-degenerate,LN,0.01,1.0,794,0.015966853570980353,0.019803871253660066,0.003837017682679713,True,20260911,3,1000
LN-near-degenerate,LN,0.01,1.0,795,0.01690943980312973,0.0180262213271414,0.0011167815240116681,True,20260911,3,1000
LN-near-degenerate,LN,0.01,1.0,796,0.018202944702162115,0.02591970586867752,0.007716761166515405,True,20260911,3,1000
LN-near-degenerate,LN,0.01,1.0,797,0.022353917686495556,0.021799162688043442,-0.0005547549984521137,False,20260911,3,1000
LN-near-degenerate,LN,0.01,1.0,798,0.017427217260676902,0.017945889968696123,0.0005186727080192209,True,20260911,3,1000
LN-near-degenerate,LN,0.01,1.0,799,0.023749225933337007,0.021767078606757667,-0.00198214732657934,False,20260911,3,1000
LN-near-degenerate,LN,0.01,1.0,800,0.019679720465742755,0.019396693614527047,-0.00028302685121570775,False,20260911,3,1000
LN-near-degenerate,LN,0.01,1.0,801,0.017013719068920807,0.022820911952906194,0.005807192883985388,True,20260911,3,1000
LN-near-degenerate,LN,0.01,1.0,802,0.014783206213214621,0.018063345553240365,0.0032801393400257433,True,20260911,3,1000
LN-near-degenerate,LN,0.01,1.0,803,0.01502678106655004,0.018134042493152126,0.003107261426602087,True,20260911,3,1000
LN-near-degenerate,LN,0.01,1.0,804,0.025512578007111365,0.024205962325806667,-0.0013066156813046972,False,20260911,3,1000
LN-near-degenerate,LN,0.01,1.0,805,0.016734500654883824,0.018516502544776672,0.0017820018898928487,True,20260911,3,1000
LN-near-degenerate,LN,0.01,1.0,806,0.016184092369432572,0.018304338821738295,0.0021202464523057234,True,20260911,3,1000
LN-near-degenerate,LN,0.01,1.0,807,0.015399884595193002,0.017204011799073642,0.0018041272038806407,True,20260911,3,1000
LN-near-degenerate,LN,0.01,1.0,808,0.015308671197047666,0.017224380239221116,0.0019157090421734503,True,20260911,3,1000
LN-near-degenerate,LN,0.01,1.0,809,0.017315741853232435,0.02355020327882235,0.006234461425589914,True,20260911,3,1000
LN-near-degenerate,LN,0.01,1.0,810,0.019913190241133628,0.028027391074716478,0.00811420083358285,True,20260911,3,1000
LN-near-degenerate,LN,0.01,1.0,811,0.015552529564866165,0.02165593611168238,0.006103406546816214,True,20260911,3,1000
LN-near-degenerate,LN,0.01,1.0,812,0.024257652845992544,0.02116900020638148,-0.003088652639611063,False,20260911,3,1000
LN-near-degenerate,LN,0.01,1.0,813,0.014731810112531425,0.01707929960217049,0.002347489489639065,True,20260911,3,1000
LN-near-degenerate,LN,0.01,1.0,814,0.016622294946106092,0.019403398042895707,0.0027811030967896146,True,20260911,3,1000
LN-near-degenerate,LN,0.01,1.0,815,0.02128614633956337,0.02452496043125492,0.0032388140916915498,True,20260911,3,1000
LN-near-degenerate,LN,0.01,1.0,816,0.016178377499044043,0.02089804362360019,0.0047196661245561475,True,20260911,3,1000
LN-near-degenerate,LN,0.01,1.0,817,0.01481463355677485,0.020238007863723803,0.005423374306948952,True,20260911,3,1000
LN-near-degenerate,LN,0.01,1.0,818,0.0171132201541652,0.020959922696775386,0.0038467025426101864,True,20260911,3,1000
LN-near-degenerate,LN,0.01,1.0,819,0.02078379194092951,0.018637213830846832,-0.0021465781100826788,False,20260911,3,1000
LN-near-degenerate,LN,0.01,1.0,820,0.018829324754255798,0.018588017014536808,-0.00024130773971899055,False,20260911,3,1000
LN-near-degenerate,LN,0.01,1.0,821,0.014842690034312999,0.018391816049311505,0.0035491260149985056,True,20260911,3,1000
LN-near-degenerate,LN,0.01,1.0,822,0.02272831591525302,0.023961731111902595,0.0012334151966495732,True,20260911,3,1000
LN-near-degenerate,LN,0.01,1.0,823,0.01516076022510095,0.019431932388272146,0.0042711721631711955,True,20260911,3,1000
LN-near-degenerate,LN,0.01,1.0,824,0.01671926045190134,0.022741967089712198,0.006022706637810859,True,20260911,3,1000
LN-near-degenerate,LN,0.01,1.0,825,0.020453162107899818,0.019982793432872036,-0.00047036867502778246,False,20260911,3,1000
LN-near-degenerate,LN,0.01,1.0,826,0.026178309421960325,0.024248309121347598,-0.0019300003006127268,False,20260911,3,1000
LN-near-degenerate,LN,0.01,1.0,827,0.017930072378063464,0.020222323750831803,0.002292251372768339,True,20260911,3,1000
LN-near-degenerate,LN,0.01,1.0,828,0.018425725856361895,0.02575653853344402,0.0073308126770821255,True,20260911,3,1000
LN-near-degenerate,LN,0.01,1.0,829,0.02132457624665228,0.019281551939574034,-0.0020430243070782457,False,20260911,3,1000
LN-near-degenerate,LN,0.01,1.0,830,0.016657347525055523,0.017019689539355853,0.0003623420143003299,True,20260911,3,1000
LN-near-degenerate,LN,0.01,1.0,831,0.021117344272772235,0.02088207212189643,-0.00023527215087580655,False,20260911,3,1000
LN-near-degenerate,LN,0.01,1.0,832,0.019561976345278898,0.02006702554469597,0.0005050491994170736,True,20260911,3,1000
LN-near-degenerate,LN,0.01,1.0,833,0.01582010392970397,0.021059602100390228,0.005239498170686259,True,20260911,3,1000
LN-near-degenerate,LN,0.01,1.0,834,0.019442366528836675,0.017878774827960273,-0.0015635917008764016,False,20260911,3,1000
LN-near-degenerate,LN,0.01,1.0,835,0.01523489443963133,0.018567904816519137,0.0033330103768878065,True,20260911,3,1000
LN-near-degenerate,LN,0.01,1.0,836,0.016281298052063548,0.020626703017740337,0.004345404965676789,True,20260911,3,1000
LN-near-degenerate,LN,0.01,1.0,837,0.014784714857787234,0.017982207148100428,0.0031974922903131933,True,20260911,3,1000
LN-near-degenerate,LN,0.01,1.0,838,0.022658812787086625,0.026287901775009483,0.003629088987922857,True,20260911,3,1000
LN-near-degenerate,LN,0.01,1.0,839,0.01235625118119231,0.016970259402625053,0.004614008221432743,True,20260911,3,1000
LN-near-degenerate,LN,0.01,1.0,840,0.015149920223899336,0.019905990183105186,0.00475606995920585,True,20260911,3,1000
LN-near-degenerate,LN,0.01,1.0,841,0.01417990413016719,0.017905932969910096,0.0037260288397429064,True,20260911,3,1000
LN-near-degenerate,LN,0.01,1.0,842,0.015992016108008784,0.01749871744238375,0.0015067013343749679,True,20260911,3,1000
LN-near-degenerate,LN,0.01,1.0,843,0.01587738209668061,0.022794559313741546,0.006917177217060935,True,20260911,3,1000
LN-near-degenerate,LN,0.01,1.0,844,0.024678806835737862,0.022734493651481714,-0.0019443131842561481,False,20260911,3,1000
LN-near-degenerate,LN,0.01,1.0,845,0.021206838800487293,0.022802434158223896,0.0015955953577366025,True,20260911,3,1000
LN-near-degenerate,LN,0.01,1.0,846,0.014835091175665699,0.017684617625158154,0.002849526449492455,True,20260911,3,1000
LN-near-degenerate,LN,0.01,1.0,847,0.017717040632652073,0.018711397661335942,0.000994357028683869,True,20260911,3,1000
LN-near-degenerate,LN,0.01,1.0,848,0.01943171219558566,0.019191276453978,-0.00024043574160765788,False,20260911,3,1000
LN-near-degenerate,LN,0.01,1.0,849,0.015407195172097793,0.021785094554629833,0.00637789938253204,True,20260911,3,1000
LN-near-degenerate,LN,0.01,1.0,850,0.021686157834853503,0.022037270983786758,0.00035111314893325474,True,20260911,3,1000
LN-near-degenerate,LN,0.01,1.0,851,0.021128150031686877,0.020947308693746274,-0.00018084133794060361,False,20260911,3,1000
LN-near-degenerate,LN,0.01,1.0,852,0.023009353652703537,0.021601911409626164,-0.0014074422430773725,False,20260911,3,1000
LN-near-degenerate,LN,0.01,1.0,853,0.014758285099955153,0.019276438887143466,0.004518153787188313,True,20260911,3,1000
LN-near-degenerate,LN,0.01,1.0,854,0.01564260025831165,0.018838851696369275,0.0031962514380576255,True,20260911,3,1000
LN-near-degenerate,LN,0.01,1.0,855,0.021366081442514916,0.021711578238303775,0.0003454967957888591,True,20260911,3,1000
LN-near-degenerate,LN,0.01,1.0,856,0.02519332379383857,0.024230317055906683,-0.0009630067379318881,False,20260911,3,1000
LN-near-degenerate,LN,0.01,1.0,857,0.018598401484790587,0.01832835377815299,-0.0002700477066375981,False,20260911,3,1000
LN-near-degenerate,LN,0.01,1.0,858,0.014863129920200667,0.01937802027500776,0.004514890354807092,True,20260911,3,1000
LN-near-degenerate,LN,0.01,1.0,859,0.026035991920047446,0.0244567888945635,-0.001579203025483946,False,20260911,3,1000
LN-near-degenerate,LN,0.01,1.0,860,0.024834708208256194,0.021059456701256297,-0.0037752515069998972,False,20260911,3,1000
LN-near-degenerate,LN,0.01,1.0,861,0.01568260527930568,0.02090254042699242,0.00521993514768674,True,20260911,3,1000
LN-near-degenerate,LN,0.01,1.0,862,0.02015235825196034,0.019930082237428995,-0.0002222760145313453,False,20260911,3,1000
LN-near-degenerate,LN,0.01,1.0,863,0.018698327642996154,0.023186535264235184,0.00448820762123903,True,20260911,3,1000
LN-near-degenerate,LN,0.01,1.0,864,0.027084396046469877,0.03173099942924081,0.004646603382770936,True,20260911,3,1000
LN-near-degenerate,LN,0.01,1.0,865,0.026672916113029167,0.036356973577995305,0.009684057464966138,True,20260911,3,1000
LN-near-degenerate,LN,0.01,1.0,866,0.014890305903705645,0.0205281887359691,0.005637882832263456,True,20260911,3,1000
LN-near-degenerate,LN,0.01,1.0,867,0.020042028115487096,0.02817569876274127,0.008133670647254173,True,20260911,3,1000
LN-near-degenerate,LN,0.01,1.0,868,0.016295087732014855,0.01826490203081888,0.001969814298804027,True,20260911,3,1000
LN-near-degenerate,LN,0.01,1.0,869,0.01985838583837314,0.01911854063771599,-0.00073984520065715,False,20260911,3,1000
LN-near-degenerate,LN,0.01,1.0,870,0.014074858719066906,0.019192339883037063,0.005117481163970157,True,20260911,3,1000
LN-near-degenerate,LN,0.01,1.0,871,0.017485044145094362,0.02012380599429395,0.002638761849199589,True,20260911,3,1000
LN-near-degenerate,LN,0.01,1.0,872,0.022902573675356624,0.031144816307939405,0.008242242632582782,True,20260911,3,1000
LN-near-degenerate,LN,0.01,1.0,873,0.01559686121275872,0.01832098676676996,0.0027241255540112405,True,20260911,3,1000
LN-near-degenerate,LN,0.01,1.0,874,0.022048441544416184,0.026179030030632624,0.00413058848621644,True,20260911,3,1000
LN-near-degenerate,LN,0.01,1.0,875,0.019160210827173313,0.0186772658754169,-0.0004829449517564123,False,20260911,3,1000
LN-near-degenerate,LN,0.01,1.0,876,0.015214503327977202,0.020009461897707508,0.0047949585697303065,True,20260911,3,1000
LN-near-degenerate,LN,0.01,1.0,877,0.01491781255477548,0.018211293131398458,0.003293480576622978,True,20260911,3,1000
LN-near-degenerate,LN,0.01,1.0,878,0.02201258929475971,0.020953412505620363,-0.001059176789139346,False,20260911,3,1000
LN-near-degenerate,LN,0.01,1.0,879,0.017551895546631648,0.02519495949619374,0.007643063949562091,True,20260911,3,1000
LN-near-degenerate,LN,0.01,1.0,880,0.014625872046566214,0.016347654251199824,0.0017217822046336102,True,20260911,3,1000
LN-near-degenerate,LN,0.01,1.0,881,0.01765262130145902,0.019568089007052827,0.0019154677055938062,True,20260911,3,1000
LN-near-degenerate,LN,0.01,1.0,882,0.021900142590029363,0.02320351691160908,0.0013033743215797172,True,20260911,3,1000
LN-near-degenerate,LN,0.01,1.0,883,0.016546193553139826,0.0188207480385299,0.0022745544853900734,True,20260911,3,1000
LN-near-degenerate,LN,0.01,1.0,884,0.026085998767001337,0.022489595484358124,-0.0035964032826432124,False,20260911,3,1000
LN-near-degenerate,LN,0.01,1.0,885,0.03956026295981421,0.03743369371956893,-0.0021265692402452838,False,20260911,3,1000
LN-near-degenerate,LN,0.01,1.0,886,0.01799158817017047,0.01848742028112716,0.0004958321109566899,True,20260911,3,1000
LN-near-degenerate,LN,0.01,1.0,887,0.020486784983161668,0.020654536598957645,0.00016775161579597742,True,20260911,3,1000
LN-near-degenerate,LN,0.01,1.0,888,0.01583106634971146,0.01789887391074123,0.0020678075610297726,True,20260911,3,1000
LN-near-degenerate,LN,0.01,1.0,889,0.033876453046916916,0.029410433969731208,-0.004466019077185707,False,20260911,3,1000
LN-near-degenerate,LN,0.01,1.0,890,0.016104209043904683,0.01772817380958513,0.0016239647656804482,True,20260911,3,1000
LN-near-degenerate,LN,0.01,1.0,891,0.015974859235210935,0.01836106802718123,0.0023862087919702957,True,20260911,3,1000
LN-near-degenerate,LN,0.01,1.0,892,0.02615139668901769,0.02296224704228412,-0.0031891496467335717,False,20260911,3,1000
LN-near-degenerate,LN,0.01,1.0,893,0.01665859984873885,0.017790600209277252,0.0011320003605384023,True,20260911,3,1000
LN-near-degenerate,LN,0.01,1.0,894,0.021352750480512397,0.025381169444393496,0.004028418963881099,True,20260911,3,1000
LN-near-degenerate,LN,0.01,1.0,895,0.020487590375437317,0.019923499250818037,-0.0005640911246192794,False,20260911,3,1000
LN-near-degenerate,LN,0.01,1.0,896,0.01430086247776913,0.019999793894712858,0.005698931416943727,True,20260911,3,1000
LN-near-degenerate,LN,0.01,1.0,897,0.019452273539803056,0.01840753370125257,-0.0010447398385504854,False,20260911,3,1000
LN-near-degenerate,LN,0.01,1.0,898,0.01637717256462059,0.021918220862878663,0.005541048298258074,True,20260911,3,1000
LN-near-degenerate,LN,0.01,1.0,899,0.023392769336060056,0.02726255592762533,0.003869786591565276,True,20260911,3,1000
LN-near-degenerate,LN,0.01,1.0,900,0.01854576222308895,0.026106916464305067,0.007561154241216117,True,20260911,3,1000
LN-near-degenerate,LN,0.01,1.0,901,0.01745977157247949,0.02317284047446285,0.005713068901983361,True,20260911,3,1000
LN-near-degenerate,LN,0.01,1.0,902,0.01981547040632496,0.024526833515016166,0.004711363108691205,True,20260911,3,1000
LN-near-degenerate,LN,0.01,1.0,903,0.021409218520701878,0.01971739664941417,-0.0016918218712877083,False,20260911,3,1000
LN-near-degenerate,LN,0.01,1.0,904,0.021385684696154064,0.019477951265445135,-0.0019077334307089286,False,20260911,3,1000
LN-near-degenerate,LN,0.01,1.0,905,0.019933262370785836,0.018989619946942565,-0.000943642423843271,False,20260911,3,1000
LN-near-degenerate,LN,0.01,1.0,906,0.021157146953439756,0.02039216436015944,-0.0007649825932803146,False,20260911,3,1000
LN-near-degenerate,LN,0.01,1.0,907,0.01992142005951602,0.01949992305599387,-0.0004214970035221477,False,20260911,3,1000
LN-near-degenerate,LN,0.01,1.0,908,0.01676188012828845,0.017370003639683343,0.0006081235113948938,True,20260911,3,1000
LN-near-degenerate,LN,0.01,1.0,909,0.02097245453137236,0.02083399023982044,-0.00013846429155191936,False,20260911,3,1000
LN-near-degenerate,LN,0.01,1.0,910,0.023351007399510786,0.027812227334999037,0.004461219935488252,True,20260911,3,1000
LN-near-degenerate,LN,0.01,1.0,911,0.01340999299820442,0.017928891592752284,0.004518898594547864,True,20260911,3,1000
LN-near-degenerate,LN,0.01,1.0,912,0.014579139711576417,0.01891212769486602,0.0043329879832896025,True,20260911,3,1000
LN-near-degenerate,LN,0.01,1.0,913,0.02602935769832189,0.02761418597632664,0.001584828278004751,True,20260911,3,1000
LN-near-degenerate,LN,0.01,1.0,914,0.01407461005997439,0.018394639517935022,0.0043200294579606325,True,20260911,3,1000
LN-near-degenerate,LN,0.01,1.0,915,0.016659478405988682,0.01763588295138911,0.0009764045454004264,True,20260911,3,1000
LN-near-degenerate,LN,0.01,1.0,916,0.026437662568144445,0.02368980324078219,-0.0027478593273622537,False,20260911,3,1000
LN-near-degenerate,LN,0.01,1.0,917,0.02077710368160001,0.01998347299407246,-0.0007936306875275523,False,20260911,3,1000
LN-near-degenerate,LN,0.01,1.0,918,0.022382636296782745,0.020743737333596347,-0.0016388989631863984,False,20260911,3,1000
LN-near-degenerate,LN,0.01,1.0,919,0.019188540268610776,0.019497779617629583,0.00030923934901880626,True,20260911,3,1000
LN-near-degenerate,LN,0.01,1.0,920,0.018457860935509805,0.022166404657932213,0.0037085437224224083,True,20260911,3,1000
LN-near-degenerate,LN,0.01,1.0,921,0.014875090398875393,0.01901817971349758,0.004143089314622187,True,20260911,3,1000
LN-near-degenerate,LN,0.01,1.0,922,0.015136424942331611,0.02132252317981766,0.006186098237486049,True,20260911,3,1000
LN-near-degenerate,LN,0.01,1.0,923,0.015525711627008209,0.022455546107401157,0.006929834480392949,True,20260911,3,1000
LN-near-degenerate,LN,0.01,1.0,924,0.014228288807116476,0.018487662313055406,0.00425937350593893,True,20260911,3,1000
LN-near-degenerate,LN,0.01,1.0,925,0.024353837119919033,0.021758298121956517,-0.002595538997962516,False,20260911,3,1000
LN-near-degenerate,LN,0.01,1.0,926,0.02704815289276108,0.02499083200531943,-0.0020573208874416493,False,20260911,3,1000
LN-near-degenerate,LN,0.01,1.0,927,0.01656500403747375,0.022162041759774365,0.005597037722300614,True,20260911,3,1000
LN-near-degenerate,LN,0.01,1.0,928,0.013231467251603325,0.019291268459906266,0.006059801208302941,True,20260911,3,1000
LN-near-degenerate,LN,0.01,1.0,929,0.015109206979025265,0.018236982474756924,0.003127775495731658,True,20260911,3,1000
LN-near-degenerate,LN,0.01,1.0,930,0.016277422713471802,0.021543171109559237,0.005265748396087434,True,20260911,3,1000
LN-near-degenerate,LN,0.01,1.0,931,0.025471993110009875,0.023214407619030184,-0.0022575854909796904,False,20260911,3,1000
LN-near-degenerate,LN,0.01,1.0,932,0.017820680628075392,0.018016768876408504,0.00019608824833311153,True,20260911,3,1000
LN-near-degenerate,LN,0.01,1.0,933,0.016196288389286186,0.020911708934446067,0.0047154205451598805,True,20260911,3,1000
LN-near-degenerate,LN,0.01,1.0,934,0.014885661752519092,0.020585116612884646,0.0056994548603655545,True,20260911,3,1000
LN-near-degenerate,LN,0.01,1.0,935,0.01857759835612158,0.024200570019415935,0.005622971663294354,True,20260911,3,1000
LN-near-degenerate,LN,0.01,1.0,936,0.01923619300139159,0.017300074192148497,-0.0019361188092430932,False,20260911,3,1000
LN-near-degenerate,LN,0.01,1.0,937,0.021089076579366515,0.020000457396432535,-0.0010886191829339795,False,20260911,3,1000
LN-near-degenerate,LN,0.01,1.0,938,0.017802034141696937,0.019472559586674484,0.001670525444977547,True,20260911,3,1000
LN-near-degenerate,LN,0.01,1.0,939,0.01780984926620284,0.019050200066412466,0.0012403508002096254,True,20260911,3,1000
LN-near-degenerate,LN,0.01,1.0,940,0.01606542388310592,0.019726783287387036,0.003661359404281115,True,20260911,3,1000
LN-near-degenerate,LN,0.01,1.0,941,0.014573859168895626,0.017298601960262856,0.002724742791367229,True,20260911,3,1000
LN-near-degenerate,LN,0.01,1.0,942,0.019125313122250586,0.019110872083824358,-1.4441038426227931e-05,False,20260911,3,1000
LN-near-degenerate,LN,0.01,1.0,943,0.016557567675743755,0.019821587024085957,0.0032640193483422023,True,20260911,3,1000
LN-near-degenerate,LN,0.01,1.0,944,0.020728015690511557,0.024380530587010316,0.0036525148964987597,True,20260911,3,1000
LN-near-degenerate,LN,0.01,1.0,945,0.016099660413784536,0.02168362516670967,0.005583964752925132,True,20260911,3,1000
LN-near-degenerate,LN,0.01,1.0,946,0.016598186010214986,0.01689897123669032,0.0003007852264753329,True,20260911,3,1000
LN-near-degenerate,LN,0.01,1.0,947,0.01627747523615171,0.018727269710684096,0.0024497944745323873,True,20260911,3,1000
LN-near-degenerate,LN,0.01,1.0,948,0.017924310035889377,0.017360379166086164,-0.0005639308698032128,False,20260911,3,1000
LN-near-degenerate,LN,0.01,1.0,949,0.02134925975565831,0.019537870201809155,-0.001811389553849154,False,20260911,3,1000
LN-near-degenerate,LN,0.01,1.0,950,0.014106849528826767,0.02003630639560327,0.005929456866776503,True,20260911,3,1000
LN-near-degenerate,LN,0.01,1.0,951,0.014519344320606725,0.01815012976148701,0.0036307854408802846,True,20260911,3,1000
LN-near-degenerate,LN,0.01,1.0,952,0.017655626996599658,0.018964275560776497,0.0013086485641768397,True,20260911,3,1000
LN-near-degenerate,LN,0.01,1.0,953,0.025990373245865533,0.029463160465482266,0.0034727872196167325,True,20260911,3,1000
LN-near-degenerate,LN,0.01,1.0,954,0.01900183410769607,0.019969623505274908,0.0009677893975788381,True,20260911,3,1000
LN-near-degenerate,LN,0.01,1.0,955,0.019458537494712574,0.01867077732787245,-0.0007877601668401235,False,20260911,3,1000
LN-near-degenerate,LN,0.01,1.0,956,0.016621994619952497,0.021084145001811074,0.0044621503818585775,True,20260911,3,1000
LN-near-degenerate,LN,0.01,1.0,957,0.024533914291288497,0.03252396217958742,0.00799004788829892,True,20260911,3,1000
LN-near-degenerate,LN,0.01,1.0,958,0.01871891571168728,0.019143120686300252,0.00042420497461297113,True,20260911,3,1000
LN-near-degenerate,LN,0.01,1.0,959,0.023021833021376475,0.021880033139337153,-0.0011417998820393224,False,20260911,3,1000
LN-near-degenerate,LN,0.01,1.0,960,0.017345225631925778,0.01926756798208188,0.0019223423501561025,True,20260911,3,1000
LN-near-degenerate,LN,0.01,1.0,961,0.020249067293836756,0.019502027700599955,-0.0007470395932368014,False,20260911,3,1000
LN-near-degenerate,LN,0.01,1.0,962,0.014331661951460494,0.017701442435963236,0.003369780484502741,True,20260911,3,1000
LN-near-degenerate,LN,0.01,1.0,963,0.015992825665205507,0.017691663771495954,0.0016988381062904463,True,20260911,3,1000
LN-near-degenerate,LN,0.01,1.0,964,0.014750058796494091,0.017671837484183144,0.002921778687689053,True,20260911,3,1000
LN-near-degenerate,LN,0.01,1.0,965,0.016551062303811682,0.021033182614494682,0.004482120310682999,True,20260911,3,1000
LN-near-degenerate,LN,0.01,1.0,966,0.015537299096129433,0.021172134943846607,0.005634835847717174,True,20260911,3,1000
LN-near-degenerate,LN,0.01,1.0,967,0.019604343276046054,0.01860858978517807,-0.0009957534908679837,False,20260911,3,1000
LN-near-degenerate,LN,0.01,1.0,968,0.016675105922074815,0.01862525073941972,0.0019501448173449044,True,20260911,3,1000
LN-near-degenerate,LN,0.01,1.0,969,0.014521339442031114,0.018098187197709607,0.003576847755678493,True,20260911,3,1000
LN-near-degenerate,LN,0.01,1.0,970,0.01771250697283689,0.01814126007881554,0.00042875310597864993,True,20260911,3,1000
LN-near-degenerate,LN,0.01,1.0,971,0.03264875876878143,0.028896010862460342,-0.003752747906321085,False,20260911,3,1000
LN-near-degenerate,LN,0.01,1.0,972,0.015655520982419322,0.018172618306512383,0.002517097324093061,True,20260911,3,1000
LN-near-degenerate,LN,0.01,1.0,973,0.02403961083632135,0.03088048979591537,0.0068408789595940205,True,20260911,3,1000
LN-near-degenerate,LN,0.01,1.0,974,0.026036140305184998,0.02260979115814427,-0.003426349147040729,False,20260911,3,1000
LN-near-degenerate,LN,0.01,1.0,975,0.017755334251078954,0.024618812080292655,0.006863477829213701,True,20260911,3,1000
LN-near-degenerate,LN,0.01,1.0,976,0.016151074781427483,0.022483628058518616,0.0063325532770911325,True,20260911,3,1000
LN-near-degenerate,LN,0.01,1.0,977,0.023692202454436016,0.020707081073020404,-0.002985121381415611,False,20260911,3,1000
LN-near-degenerate,LN,0.01,1.0,978,0.02590365637075101,0.025212327354323754,-0.0006913290164272563,False,20260911,3,1000
LN-near-degenerate,LN,0.01,1.0,979,0.021016899781152704,0.026735820414483465,0.005718920633330762,True,20260911,3,1000
LN-near-degenerate,LN,0.01,1.0,980,0.021525272619753802,0.021918909200316927,0.00039363658056312464,True,20260911,3,1000
LN-near-degenerate,LN,0.01,1.0,981,0.02707219249765788,0.02585022374612449,-0.001221968751533388,False,20260911,3,1000
LN-near-degenerate,LN,0.01,1.0,982,0.01438780019722698,0.01871181802813558,0.004324017830908598,True,20260911,3,1000
LN-near-degenerate,LN,0.01,1.0,983,0.023035617234111207,0.021199775668917856,-0.0018358415651933517,False,20260911,3,1000
LN-near-degenerate,LN,0.01,1.0,984,0.01720945652718503,0.01936110701318087,0.002151650485995839,True,20260911,3,1000
LN-near-degenerate,LN,0.01,1.0,985,0.013591494682428274,0.018941966853548917,0.005350472171120642,True,20260911,3,1000
LN-near-degenerate,LN,0.01,1.0,986,0.021310088959998735,0.02900475291850049,0.0076946639585017546,True,20260911,3,1000
LN-near-degenerate,LN,0.01,1.0,987,0.023294996789791092,0.020806918816345447,-0.0024880779734456453,False,20260911,3,1000
LN-near-degenerate,LN,0.01,1.0,988,0.019274915829553412,0.020353991156306765,0.0010790753267533523,True,20260911,3,1000
LN-near-degenerate,LN,0.01,1.0,989,0.014566331299129796,0.017565879055147875,0.0029995477560180797,True,20260911,3,1000
LN-near-degenerate,LN,0.01,1.0,990,0.01724152047296447,0.024712588656984023,0.007471068184019554,True,20260911,3,1000
LN-near-degenerate,LN,0.01,1.0,991,0.014683788327503675,0.018906248569066846,0.004222460241563171,True,20260911,3,1000
LN-near-degenerate,LN,0.01,1.0,992,0.016749209107023818,0.01801677683899979,0.0012675677319759736,True,20260911,3,1000
LN-near-degenerate,LN,0.01,1.0,993,0.019798072125833815,0.02060559444915341,0.0008075223233195948,True,20260911,3,1000
LN-near-degenerate,LN,0.01,1.0,994,0.01588704007742978,0.019025196348515613,0.003138156271085834,True,20260911,3,1000
LN-near-degenerate,LN,0.01,1.0,995,0.01610900660988911,0.022286160740035227,0.006177154130146117,True,20260911,3,1000
LN-near-degenerate,LN,0.01,1.0,996,0.015687109957622347,0.020355580328549863,0.004668470370927515,True,20260911,3,1000
LN-near-degenerate,LN,0.01,1.0,997,0.015881586453518767,0.018709927832088337,0.0028283413785695696,True,20260911,3,1000
LN-near-degenerate,LN,0.01,1.0,998,0.01531991291238156,0.017292279164495633,0.0019723662521140724,True,20260911,3,1000
LN-near-degenerate,LN,0.01,1.0,999,0.023471196254898276,0.026540038949723052,0.0030688426948247763,True,20260911,3,1000
LN-near-degenerate,LN,0.03,3.0,0,0.06055126639640007,0.07667316349340472,0.01612189709700465,True,20260911,4,1000
LN-near-degenerate,LN,0.03,3.0,1,0.06080904838554272,0.06720657500201827,0.006397526616475545,True,20260911,4,1000
LN-near-degenerate,LN,0.03,3.0,2,0.07403906516868494,0.061124578361573534,-0.012914486807111408,False,20260911,4,1000
LN-near-degenerate,LN,0.03,3.0,3,0.07644618820190972,0.07239878848388429,-0.004047399718025438,False,20260911,4,1000
LN-near-degenerate,LN,0.03,3.0,4,0.048097889165212473,0.06223433125674298,0.014136442091530504,True,20260911,4,1000
LN-near-degenerate,LN,0.03,3.0,5,0.04726743007114351,0.04539692703064775,-0.0018705030404957551,False,20260911,4,1000
LN-near-degenerate,LN,0.03,3.0,6,0.06959207911244263,0.0627799329947037,-0.006812146117738921,False,20260911,4,1000
LN-near-degenerate,LN,0.03,3.0,7,0.046910100374098325,0.06742197899771968,0.020511878623621353,True,20260911,4,1000
LN-near-degenerate,LN,0.03,3.0,8,0.07076561115401614,0.07986887103537246,0.009103259881356324,True,20260911,4,1000
LN-near-degenerate,LN,0.03,3.0,9,0.06992644933466578,0.06445647984090148,-0.005469969493764298,False,20260911,4,1000
LN-near-degenerate,LN,0.03,3.0,10,0.0641802633356797,0.06708331571558722,0.0029030523799075253,True,20260911,4,1000
LN-near-degenerate,LN,0.03,3.0,11,0.054047787605839726,0.055859586112647734,0.0018117985068080086,True,20260911,4,1000
LN-near-degenerate,LN,0.03,3.0,12,0.05864225737712563,0.06587026346152235,0.007228006084396714,True,20260911,4,1000
LN-near-degenerate,LN,0.03,3.0,13,0.061109085733729356,0.06815278875968292,0.007043703025953564,True,20260911,4,1000
LN-near-degenerate,LN,0.03,3.0,14,0.044874638393679514,0.045715444392261564,0.0008408059985820504,True,20260911,4,1000
LN-near-degenerate,LN,0.03,3.0,15,0.06449226746375268,0.061641351733778445,-0.0028509157299742363,False,20260911,4,1000
LN-near-degenerate,LN,0.03,3.0,16,0.040330003802590594,0.04241668873948837,0.002086684936897773,True,20260911,4,1000
LN-near-degenerate,LN,0.03,3.0,17,0.05330279253842586,0.05114664885333199,-0.0021561436850938698,False,20260911,4,1000
LN-near-degenerate,LN,0.03,3.0,18,0.054068914512880185,0.05112848498349617,-0.002940429529384017,False,20260911,4,1000
LN-near-degenerate,LN,0.03,3.0,19,0.08016677252277746,0.08577221923722851,0.005605446714451054,True,20260911,4,1000
LN-near-degenerate,LN,0.03,3.0,20,0.055696060760198944,0.053910283005577195,-0.0017857777546217493,False,20260911,4,1000
LN-near-degenerate,LN,0.03,3.0,21,0.04938574018206583,0.0476102294238758,-0.0017755107581900326,False,20260911,4,1000
LN-near-degenerate,LN,0.03,3.0,22,0.06005716883980984,0.04708478288930931,-0.012972385950500528,False,20260911,4,1000
LN-near-degenerate,LN,0.03,3.0,23,0.05470865339757706,0.05379319143420448,-0.0009154619633725755,False,20260911,4,1000
LN-near-degenerate,LN,0.03,3.0,24,0.055182626574177,0.06217386188502369,0.006991235310846687,True,20260911,4,1000
LN-near-degenerate,LN,0.03,3.0,25,0.053482501859233395,0.05763129353739008,0.0041487916781566825,True,20260911,4,1000
LN-near-degenerate,LN,0.03,3.0,26,0.05659055938026653,0.05901889274812062,0.0024283333678540853,True,20260911,4,1000
LN-near-degenerate,LN,0.03,3.0,27,0.059178728789652066,0.056227774260908185,-0.0029509545287438807,False,20260911,4,1000
LN-near-degenerate,LN,0.03,3.0,28,0.05411808391534943,0.051991706658048725,-0.0021263772573007073,False,20260911,4,1000
LN-near-degenerate,LN,0.03,3.0,29,0.044667626465605376,0.04531974713690237,0.0006521206712969962,True,20260911,4,1000
LN-near-degenerate,LN,0.03,3.0,30,0.07605453161611395,0.07262616703575563,-0.00342836458035832,False,20260911,4,1000
LN-near-degenerate,LN,0.03,3.0,31,0.04606904422205075,0.05111152106531631,0.005042476843265559,True,20260911,4,1000
LN-near-degenerate,LN,0.03,3.0,32,0.045348747583843184,0.04815006998814347,0.0028013224043002827,True,20260911,4,1000
LN-near-degenerate,LN,0.03,3.0,33,0.049118216725676525,0.050073692780960306,0.0009554760552837813,True,20260911,4,1000
LN-near-degenerate,LN,0.03,3.0,34,0.04448812987629348,0.04497306083185985,0.00048493095556637056,True,20260911,4,1000
LN-near-degenerate,LN,0.03,3.0,35,0.06297495597321547,0.04946967450632207,-0.013505281466893393,False,20260911,4,1000
LN-near-degenerate,LN,0.03,3.0,36,0.05654591670750928,0.05487998984415077,-0.0016659268633585148,False,20260911,4,1000
LN-near-degenerate,LN,0.03,3.0,37,0.0549490729558376,0.04598138480348127,-0.00896768815235633,False,20260911,4,1000
LN-near-degenerate,LN,0.03,3.0,38,0.04127923298564996,0.04474025425957711,0.0034610212739271465,True,20260911,4,1000
LN-near-degenerate,LN,0.03,3.0,39,0.0572488768751549,0.055705551594125796,-0.001543325281029101,False,20260911,4,1000
LN-near-degenerate,LN,0.03,3.0,40,0.05752122108666138,0.052175495699423195,-0.005345725387238182,False,20260911,4,1000
LN-near-degenerate,LN,0.03,3.0,41,0.043298630752415454,0.04237720267623322,-0.000921428076182236,False,20260911,4,1000
LN-near-degenerate,LN,0.03,3.0,42,0.05936162830155319,0.055326926570943756,-0.004034701730609436,False,20260911,4,1000
LN-near-degenerate,LN,0.03,3.0,43,0.08584576580612999,0.07903325050315332,-0.006812515302976663,False,20260911,4,1000
LN-near-degenerate,LN,0.03,3.0,44,0.07506421809713026,0.07090638119090664,-0.004157836906223622,False,20260911,4,1000
LN-near-degenerate,LN,0.03,3.0,45,0.04300772094583734,0.0431367677527109,0.00012904680687356174,True,20260911,4,1000
LN-near-degenerate,LN,0.03,3.0,46,0.06058955659204545,0.057109232999452614,-0.0034803235925928364,False,20260911,4,1000
LN-near-degenerate,LN,0.03,3.0,47,0.04309399748813691,0.0681038878470131,0.025009890358876193,True,20260911,4,1000
LN-near-degenerate,LN,0.03,3.0,48,0.047490005467398094,0.04646955281853298,-0.0010204526488651125,False,20260911,4,1000
LN-near-degenerate,LN,0.03,3.0,49,0.0650514358160947,0.07610408626205808,0.011052650445963388,True,20260911,4,1000
LN-near-degenerate,LN,0.03,3.0,50,0.05202657511461094,0.046391482358157946,-0.005635092756452992,False,20260911,4,1000
LN-near-degenerate,LN,0.03,3.0,51,0.05197533764048074,0.0603396484038698,0.00836431076338906,True,20260911,4,1000
LN-near-degenerate,LN,0.03,3.0,52,0.06394671783279668,0.06037075382042349,-0.0035759640123731867,False,20260911,4,1000
LN-near-degenerate,LN,0.03,3.0,53,0.056640723993632215,0.05309572174172846,-0.0035450022519037533,False,20260911,4,1000
LN-near-degenerate,LN,0.03,3.0,54,0.06655396795702302,0.06801430204652904,0.0014603340895060213,True,20260911,4,1000
LN-near-degenerate,LN,0.03,3.0,55,0.06380699291816894,0.0498877601843606,-0.013919232733808337,False,20260911,4,1000
LN-near-degenerate,LN,0.03,3.0,56,0.08778162862867496,0.07459074183787734,-0.01319088679079762,False,20260911,4,1000
LN-near-degenerate,LN,0.03,3.0,57,0.04930293868909461,0.045942459665735146,-0.0033604790233594667,False,20260911,4,1000
LN-near-degenerate,LN,0.03,3.0,58,0.051108650093694856,0.05924796947975829,0.008139319386063437,True,20260911,4,1000
LN-near-degenerate,LN,0.03,3.0,59,0.058242869257825076,0.06651375673874181,0.008270887480916735,True,20260911,4,1000
LN-near-degenerate,LN,0.03,3.0,60,0.046570940628534126,0.04475495272811168,-0.001815987900422443,False,20260911,4,1000
LN-near-degenerate,LN,0.03,3.0,61,0.0478711488602117,0.04616319635097588,-0.0017079525092358258,False,20260911,4,1000
LN-near-degenerate,LN,0.03,3.0,62,0.05516154378147462,0.07770486585214269,0.022543322070668066,True,20260911,4,1000
LN-near-degenerate,LN,0.03,3.0,63,0.05341683721799348,0.04454238627608775,-0.008874450941905726,False,20260911,4,1000
LN-near-degenerate,LN,0.03,3.0,64,0.046871574283865285,0.050694870430092,0.003823296146226715,True,20260911,4,1000
LN-near-degenerate,LN,0.03,3.0,65,0.048210408002950685,0.042747182666310474,-0.005463225336640211,False,20260911,4,1000
LN-near-degenerate,LN,0.03,3.0,66,0.04432658854499804,0.04469001348871947,0.00036342494372142847,True,20260911,4,1000
LN-near-degenerate,LN,0.03,3.0,67,0.047207812777106985,0.06202103875965806,0.014813225982551075,True,20260911,4,1000
LN-near-degenerate,LN,0.03,3.0,68,0.042100275673585034,0.044060646277563266,0.0019603706039782315,True,20260911,4,1000
LN-near-degenerate,LN,0.03,3.0,69,0.044697497094203856,0.04865333255243103,0.003955835458227176,True,20260911,4,1000
LN-near-degenerate,LN,0.03,3.0,70,0.04546305823045943,0.044750350786878494,-0.0007127074435809358,False,20260911,4,1000
LN-near-degenerate,LN,0.03,3.0,71,0.05144373044337902,0.04490412447090515,-0.006539605972473869,False,20260911,4,1000
LN-near-degenerate,LN,0.03,3.0,72,0.04352249882125809,0.045900124614245016,0.0023776257929869274,True,20260911,4,1000
LN-near-degenerate,LN,0.03,3.0,73,0.06363499734436337,0.04781072548396384,-0.01582427186039953,False,20260911,4,1000
LN-near-degenerate,LN,0.03,3.0,74,0.04633223930148595,0.04654933648538959,0.00021709718390364174,True,20260911,4,1000
LN-near-degenerate,LN,0.03,3.0,75,0.05032515336233932,0.0774264901904099,0.027101336828070574,True,20260911,4,1000
LN-near-degenerate,LN,0.03,3.0,76,0.06140912704053431,0.05865532147322682,-0.0027538055673074907,False,20260911,4,1000
LN-near-degenerate,LN,0.03,3.0,77,0.04897969759738411,0.06299323694010035,0.014013539342716243,True,20260911,4,1000
LN-near-degenerate,LN,0.03,3.0,78,0.05119882490660725,0.07330386200366398,0.02210503709705673,True,20260911,4,1000
LN-near-degenerate,LN,0.03,3.0,79,0.06591322188887215,0.046734302748095105,-0.019178919140777045,False,20260911,4,1000
LN-near-degenerate,LN,0.03,3.0,80,0.04521921892721887,0.048775527768069774,0.003556308840850904,True,20260911,4,1000
LN-near-degenerate,LN,0.03,3.0,81,0.054622157485144235,0.05541494065601542,0.0007927831708711836,True,20260911,4,1000
LN-near-degenerate,LN,0.03,3.0,82,0.05227717876198885,0.047006368720685136,-0.005270810041303711,False,20260911,4,1000
LN-near-degenerate,LN,0.03,3.0,83,0.0469817001335375,0.048549474122062716,0.0015677739885252145,True,20260911,4,1000
LN-near-degenerate,LN,0.03,3.0,84,0.0712453461229773,0.08140177870284716,0.010156432579869867,True,20260911,4,1000
LN-near-degenerate,LN,0.03,3.0,85,0.07486001637623461,0.06327875089581211,-0.0115812654804225,False,20260911,4,1000
LN-near-degenerate,LN,0.03,3.0,86,0.07316002945847526,0.06988596095735308,-0.0032740685011221765,False,20260911,4,1000
LN-near-degenerate,LN,0.03,3.0,87,0.06192576570760035,0.052355326759067414,-0.009570438948532933,False,20260911,4,1000
LN-near-degenerate,LN,0.03,3.0,88,0.03961386101981514,0.044069410206835705,0.004455549187020562,True,20260911,4,1000
LN-near-degenerate,LN,0.03,3.0,89,0.0511747192923824,0.04457634694816739,-0.006598372344215016,False,20260911,4,1000
LN-near-degenerate,LN,0.03,3.0,90,0.05749715801066193,0.06356332166830278,0.006066163657640851,True,20260911,4,1000
LN-near-degenerate,LN,0.03,3.0,91,0.043444293544073725,0.04525311775444742,0.0018088242103736912,True,20260911,4,1000
LN-near-degenerate,LN,0.03,3.0,92,0.05637028761087557,0.052378399334103716,-0.003991888276771854,False,20260911,4,1000
LN-near-degenerate,LN,0.03,3.0,93,0.0530303439372429,0.05163561175559865,-0.001394732181644251,False,20260911,4,1000
LN-near-degenerate,LN,0.03,3.0,94,0.052533401153028195,0.06963201218034293,0.017098611027314733,True,20260911,4,1000
LN-near-degenerate,LN,0.03,3.0,95,0.060245538106956,0.06648197553375117,0.006236437426795166,True,20260911,4,1000
LN-near-degenerate,LN,0.03,3.0,96,0.04492933162001106,0.04372851375703266,-0.001200817862978397,False,20260911,4,1000
LN-near-degenerate,LN,0.03,3.0,97,0.05750354086409058,0.053275623121244044,-0.004227917742846539,False,20260911,4,1000
LN-near-degenerate,LN,0.03,3.0,98,0.049092728036544,0.04931486428212067,0.0002221362455766679,True,20260911,4,1000
LN-near-degenerate,LN,0.03,3.0,99,0.04101490718003855,0.04293672524422847,0.001921818064189923,True,20260911,4,1000
LN-near-degenerate,LN,0.03,3.0,100,0.04984671739169986,0.052390082679924496,0.0025433652882246374,True,20260911,4,1000
LN-near-degenerate,LN,0.03,3.0,101,0.04526770084074352,0.0460027433619963,0.0007350425212527822,True,20260911,4,1000
LN-near-degenerate,LN,0.03,3.0,102,0.04897088328702147,0.047213824865055765,-0.0017570584219657043,False,20260911,4,1000
LN-near-degenerate,LN,0.03,3.0,103,0.06691903984395914,0.05497777320996392,-0.011941266633995216,False,20260911,4,1000
LN-near-degenerate,LN,0.03,3.0,104,0.05665671035961315,0.07914949501856182,0.022492784658948668,True,20260911,4,1000
LN-near-degenerate,LN,0.03,3.0,105,0.04546494819144449,0.045122737089781643,-0.0003422111016628468,False,20260911,4,1000
LN-near-degenerate,LN,0.03,3.0,106,0.06068536537309564,0.06318896702171405,0.002503601648618403,True,20260911,4,1000
LN-near-degenerate,LN,0.03,3.0,107,0.047757689820731704,0.06565632296581793,0.017898633145086225,True,20260911,4,1000
LN-near-degenerate,LN,0.03,3.0,108,0.05017948040688533,0.05655047260568882,0.0063709921988034934,True,20260911,4,1000
LN-near-degenerate,LN,0.03,3.0,109,0.058445308411692626,0.05691963784917712,-0.0015256705625155062,False,20260911,4,1000
LN-near-degenerate,LN,0.03,3.0,110,0.06400258319287537,0.049276222740442376,-0.014726360452432995,False,20260911,4,1000
LN-near-degenerate,LN,0.03,3.0,111,0.04226425825512539,0.040604534071164496,-0.0016597241839608964,False,20260911,4,1000
LN-near-degenerate,LN,0.03,3.0,112,0.042906038660031794,0.04202953791978072,-0.000876500740251071,False,20260911,4,1000
LN-near-degenerate,LN,0.03,3.0,113,0.048881396177729394,0.050334513441609455,0.0014531172638800605,True,20260911,4,1000
LN-near-degenerate,LN,0.03,3.0,114,0.06047807430596615,0.07050628246811856,0.010028208162152413,True,20260911,4,1000
LN-near-degenerate,LN,0.03,3.0,115,0.05557135578322146,0.07400119246609109,0.018429836682869627,True,20260911,4,1000
LN-near-degenerate,LN,0.03,3.0,116,0.04231653328920919,0.045329902295065644,0.003013369005856456,True,20260911,4,1000
LN-near-degenerate,LN,0.03,3.0,117,0.0478920248414301,0.04590336557374015,-0.0019886592676899503,False,20260911,4,1000
LN-near-degenerate,LN,0.03,3.0,118,0.04771841842432613,0.0462476249246738,-0.0014707934996523314,False,20260911,4,1000
LN-near-degenerate,LN,0.03,3.0,119,0.04859710482141775,0.05165192660341387,0.00305482178199612,True,20260911,4,1000
LN-near-degenerate,LN,0.03,3.0,120,0.0463033473604649,0.050093030075943186,0.0037896827154782833,True,20260911,4,1000
LN-near-degenerate,LN,0.03,3.0,121,0.04304701736054103,0.04265282735407494,-0.0003941900064660872,False,20260911,4,1000
LN-near-degenerate,LN,0.03,3.0,122,0.04655793137998236,0.04466637202127727,-0.0018915593587050944,False,20260911,4,1000
LN-near-degenerate,LN,0.03,3.0,123,0.05017096868130156,0.048922255469118006,-0.001248713212183554,False,20260911,4,1000
LN-near-degenerate,LN,0.03,3.0,124,0.053635115204337336,0.04538989469808026,-0.008245220506257075,False,20260911,4,1000
LN-near-degenerate,LN,0.03,3.0,125,0.04135515927200341,0.041702723084652234,0.00034756381264882535,True,20260911,4,1000
LN-near-degenerate,LN,0.03,3.0,126,0.056034577276043614,0.06964653317249166,0.013611955896448043,True,20260911,4,1000
LN-near-degenerate,LN,0.03,3.0,127,0.0765364257100046,0.06448510646909979,-0.012051319240904815,False,20260911,4,1000
LN-near-degenerate,LN,0.03,3.0,128,0.08263693387347,0.08534741655686624,0.0027104826833962425,True,20260911,4,1000
LN-near-degenerate,LN,0.03,3.0,129,0.05064575859155227,0.05014828081315077,-0.0004974777784014991,False,20260911,4,1000
LN-near-degenerate,LN,0.03,3.0,130,0.08138700200772528,0.08989206179845576,0.008505059790730476,True,20260911,4,1000
LN-near-degenerate,LN,0.03,3.0,131,0.04719793518565961,0.04518031143007117,-0.002017623755588442,False,20260911,4,1000
LN-near-degenerate,LN,0.03,3.0,132,0.04353657961703455,0.04736292917847653,0.003826349561441983,True,20260911,4,1000
LN-near-degenerate,LN,0.03,3.0,133,0.07594101282589973,0.06639518217892261,-0.009545830646977116,False,20260911,4,1000
LN-near-degenerate,LN,0.03,3.0,134,0.04483025069999112,0.04682503354524829,0.0019947828452571703,True,20260911,4,1000
LN-near-degenerate,LN,0.03,3.0,135,0.04383218161950652,0.0453689157159849,0.0015367340964783788,True,20260911,4,1000
LN-near-degenerate,LN,0.03,3.0,136,0.06434815921453248,0.06587724642468061,0.0015290872101481334,True,20260911,4,1000
LN-near-degenerate,LN,0.03,3.0,137,0.046848176560790586,0.047225010044974834,0.0003768334841842483,True,20260911,4,1000
LN-near-degenerate,LN,0.03,3.0,138,0.0467002372462882,0.05085714020699108,0.004156902960702882,True,20260911,4,1000
LN-near-degenerate,LN,0.03,3.0,139,0.049298204449868904,0.04873820346612904,-0.0005600009837398653,False,20260911,4,1000
LN-near-degenerate,LN,0.03,3.0,140,0.05032697639070999,0.048008434551096844,-0.0023185418396131433,False,20260911,4,1000
LN-near-degenerate,LN,0.03,3.0,141,0.05254470866243654,0.06052515337454522,0.00798044471210868,True,20260911,4,1000
LN-near-degenerate,LN,0.03,3.0,142,0.09014201688507054,0.08581811691285539,-0.004323899972215148,False,20260911,4,1000
LN-near-degenerate,LN,0.03,3.0,143,0.04573615864957717,0.046503052785982865,0.0007668941364056964,True,20260911,4,1000
LN-near-degenerate,LN,0.03,3.0,144,0.04722135235568063,0.07338865035554637,0.026167297999865738,True,20260911,4,1000
LN-near-degenerate,LN,0.03,3.0,145,0.042464688023738525,0.04404748965440493,0.0015828016306664028,True,20260911,4,1000
LN-near-degenerate,LN,0.03,3.0,146,0.05837553395448009,0.05559144556824905,-0.002784088386231044,False,20260911,4,1000
LN-near-degenerate,LN,0.03,3.0,147,0.04292896658650118,0.04421601080156334,0.0012870442150621567,True,20260911,4,1000
LN-near-degenerate,LN,0.03,3.0,148,0.04422683438834735,0.04895601925787206,0.0047291848695247135,True,20260911,4,1000
LN-near-degenerate,LN,0.03,3.0,149,0.06712694709522041,0.058365456595790365,-0.008761490499430043,False,20260911,4,1000
LN-near-degenerate,LN,0.03,3.0,150,0.05621288243467842,0.065712723427081,0.00949984099240258,True,20260911,4,1000
LN-near-degenerate,LN,0.03,3.0,151,0.044402398701610855,0.04636853577001532,0.0019661370684044624,True,20260911,4,1000
LN-near-degenerate,LN,0.03,3.0,152,0.05005394396598868,0.04595643115586367,-0.004097512810125013,False,20260911,4,1000
LN-near-degenerate,LN,0.03,3.0,153,0.05899984624943964,0.06359101434885855,0.004591168099418917,True,20260911,4,1000
LN-near-degenerate,LN,0.03,3.0,154,0.045000813849505855,0.043570476342919204,-0.0014303375065866514,False,20260911,4,1000
LN-near-degenerate,LN,0.03,3.0,155,0.04741604495813132,0.0473596683748397,-5.637658329162021e-05,False,20260911,4,1000
LN-near-degenerate,LN,0.03,3.0,156,0.06468790140396362,0.06184062899165439,-0.0028472724123092263,False,20260911,4,1000
LN-near-degenerate,LN,0.03,3.0,157,0.051306885178161704,0.0763517840889399,0.0250448989107782,True,20260911,4,1000
LN-near-degenerate,LN,0.03,3.0,158,0.04454514605226719,0.04774816505868898,0.003203019006421788,True,20260911,4,1000
LN-near-degenerate,LN,0.03,3.0,159,0.043581821273778534,0.04428826044627844,0.0007064391724999064,True,20260911,4,1000
LN-near-degenerate,LN,0.03,3.0,160,0.04161688186512975,0.042728577433495556,0.0011116955683658086,True,20260911,4,1000
LN-near-degenerate,LN,0.03,3.0,161,0.05923026733224033,0.0631814523845136,0.003951185052273272,True,20260911,4,1000
LN-near-degenerate,LN,0.03,3.0,162,0.054009478674994414,0.0739471489895754,0.019937670314580984,True,20260911,4,1000
LN-near-degenerate,LN,0.03,3.0,163,0.05651390782143744,0.04959406539471091,-0.0069198424267265315,False,20260911,4,1000
LN-near-degenerate,LN,0.03,3.0,164,0.04346442953141778,0.06693065149941489,0.023466221967997115,True,20260911,4,1000
LN-near-degenerate,LN,0.03,3.0,165,0.05284467893338743,0.05435238842269155,0.001507709489304121,True,20260911,4,1000
LN-near-degenerate,LN,0.03,3.0,166,0.04508591472361231,0.04935515815585752,0.004269243432245211,True,20260911,4,1000
LN-near-degenerate,LN,0.03,3.0,167,0.05433347321260921,0.05643731969439453,0.0021038464817853195,True,20260911,4,1000
LN-near-degenerate,LN,0.03,3.0,168,0.05139502000987457,0.05780693111291261,0.006411911103038036,True,20260911,4,1000
LN-near-degenerate,LN,0.03,3.0,169,0.05417158358919032,0.05212779497431523,-0.002043788614875086,False,20260911,4,1000
LN-near-degenerate,LN,0.03,3.0,170,0.04827421520617464,0.044650340381443956,-0.0036238748247306857,False,20260911,4,1000
LN-near-degenerate,LN,0.03,3.0,171,0.04809000266562335,0.04556904110615669,-0.0025209615594666557,False,20260911,4,1000
LN-near-degenerate,LN,0.03,3.0,172,0.04921421136242081,0.05082530172565231,0.001611090363231503,True,20260911,4,1000
LN-near-degenerate,LN,0.03,3.0,173,0.051511776561421044,0.06354995399321724,0.012038177431796193,True,20260911,4,1000
LN-near-degenerate,LN,0.03,3.0,174,0.05692410085446114,0.05362091664344173,-0.003303184211019411,False,20260911,4,1000
LN-near-degenerate,LN,0.03,3.0,175,0.05125848902193303,0.047208179633981884,-0.004050309387951145,False,20260911,4,1000
LN-near-degenerate,LN,0.03,3.0,176,0.05727093179004423,0.05487560288729034,-0.0023953289027538877,False,20260911,4,1000
LN-near-degenerate,LN,0.03,3.0,177,0.04306421012617603,0.0442758589499347,0.001211648823758675,True,20260911,4,1000
LN-near-degenerate,LN,0.03,3.0,178,0.04596397223282926,0.047432222576621684,0.0014682503437924224,True,20260911,4,1000
LN-near-degenerate,LN,0.03,3.0,179,0.05607235391378141,0.057586579200499755,0.0015142252867183445,True,20260911,4,1000
LN-near-degenerate,LN,0.03,3.0,180,0.07612078686356002,0.08530222108820003,0.009181434224640003,True,20260911,4,1000
LN-near-degenerate,LN,0.03,3.0,181,0.056664597263144906,0.05530780447937007,-0.0013567927837748392,False,20260911,4,1000
LN-near-degenerate,LN,0.03,3.0,182,0.04740727689420094,0.04550380720348842,-0.0019034696907125198,False,20260911,4,1000
LN-near-degenerate,LN,0.03,3.0,183,0.05837773471176667,0.054960208743083924,-0.0034175259686827428,False,20260911,4,1000
LN-near-degenerate,LN,0.03,3.0,184,0.08080625800134958,0.08225408727462573,0.0014478292732761494,True,20260911,4,1000
LN-near-degenerate,LN,0.03,3.0,185,0.05096478598679815,0.05203635313616259,0.00107156714936444,True,20260911,4,1000
LN-near-degenerate,LN,0.03,3.0,186,0.06582422922419076,0.07692121724538546,0.0110969880211947,True,20260911,4,1000
LN-near-degenerate,LN,0.03,3.0,187,0.06182350682660693,0.05009156523766332,-0.011731941588943612,False,20260911,4,1000
LN-near-degenerate,LN,0.03,3.0,188,0.04719183359779851,0.051132974988652984,0.003941141390854476,True,20260911,4,1000
LN-near-degenerate,LN,0.03,3.0,189,0.0495028049228877,0.04963680593022525,0.00013400100733754888,True,20260911,4,1000
LN-near-degenerate,LN,0.03,3.0,190,0.05416542336011487,0.051010722980305616,-0.003154700379809257,False,20260911,4,1000
LN-near-degenerate,LN,0.03,3.0,191,0.05646742881195689,0.0545530787704881,-0.001914350041468789,False,20260911,4,1000
LN-near-degenerate,LN,0.03,3.0,192,0.0586960929552411,0.05029832762571352,-0.00839776532952758,False,20260911,4,1000
LN-near-degenerate,LN,0.03,3.0,193,0.061594121656700085,0.057751730339409786,-0.0038423913172902988,False,20260911,4,1000
LN-near-degenerate,LN,0.03,3.0,194,0.04646149775470768,0.04594822854661646,-0.0005132692080912216,False,20260911,4,1000
LN-near-degenerate,LN,0.03,3.0,195,0.04822083379059734,0.04479837869890135,-0.003422455091695989,False,20260911,4,1000
LN-near-degenerate,LN,0.03,3.0,196,0.05528456816713953,0.054014808889898194,-0.0012697592772413363,False,20260911,4,1000
LN-near-degenerate,LN,0.03,3.0,197,0.0662696810840754,0.06756468306513455,0.0012950019810591545,True,20260911,4,1000
LN-near-degenerate,LN,0.03,3.0,198,0.0498083711929269,0.04631423837225059,-0.0034941328206763086,False,20260911,4,1000
LN-near-degenerate,LN,0.03,3.0,199,0.06264560991087312,0.05943473543947457,-0.0032108744713985476,False,20260911,4,1000
LN-near-degenerate,LN,0.03,3.0,200,0.057485149035738606,0.06321256073906269,0.005727411703324081,True,20260911,4,1000
LN-near-degenerate,LN,0.03,3.0,201,0.04865029955982166,0.04677663084084185,-0.0018736687189798151,False,20260911,4,1000
LN-near-degenerate,LN,0.03,3.0,202,0.06559030053746488,0.06882160248005294,0.003231301942588055,True,20260911,4,1000
LN-near-degenerate,LN,0.03,3.0,203,0.04260781598175688,0.04536066327513144,0.0027528472933745635,True,20260911,4,1000
LN-near-degenerate,LN,0.03,3.0,204,0.04721060930453349,0.04862701476167312,0.0014164054571396273,True,20260911,4,1000
LN-near-degenerate,LN,0.03,3.0,205,0.04698882673469157,0.0453296879663158,-0.0016591387683757702,False,20260911,4,1000
LN-near-degenerate,LN,0.03,3.0,206,0.0741417180574737,0.07947769935927654,0.005335981301802836,True,20260911,4,1000
LN-near-degenerate,LN,0.03,3.0,207,0.04775026760251274,0.062071396788208576,0.014321129185695836,True,20260911,4,1000
LN-near-degenerate,LN,0.03,3.0,208,0.04357586678121122,0.044225400488119265,0.0006495337069080467,True,20260911,4,1000
LN-near-degenerate,LN,0.03,3.0,209,0.04244097659098771,0.044045471163651546,0.001604494572663838,True,20260911,4,1000
LN-near-degenerate,LN,0.03,3.0,210,0.05515667873466414,0.053190277789752945,-0.001966400944911198,False,20260911,4,1000
LN-near-degenerate,LN,0.03,3.0,211,0.0460839265597562,0.05139224208773639,0.005308315527980195,True,20260911,4,1000
LN-near-degenerate,LN,0.03,3.0,212,0.04889352257851343,0.048355397923156296,-0.0005381246553571375,False,20260911,4,1000
LN-near-degenerate,LN,0.03,3.0,213,0.05196224858127388,0.06110069942724898,0.009138450845975102,True,20260911,4,1000
LN-near-degenerate,LN,0.03,3.0,214,0.06606351032678834,0.06380094941152034,-0.002262560915267997,False,20260911,4,1000
LN-near-degenerate,LN,0.03,3.0,215,0.06266376633288818,0.05825637121494429,-0.004407395117943892,False,20260911,4,1000
LN-near-degenerate,LN,0.03,3.0,216,0.04908858969860575,0.04718561003445256,-0.0019029796641531899,False,20260911,4,1000
LN-near-degenerate,LN,0.03,3.0,217,0.056312755573284426,0.052480530040823654,-0.0038322255324607715,False,20260911,4,1000
LN-near-degenerate,LN,0.03,3.0,218,0.08047323815654789,0.07937708116123908,-0.0010961569953088085,False,20260911,4,1000
LN-near-degenerate,LN,0.03,3.0,219,0.0500243381485131,0.0468217791675065,-0.0032025589810065966,False,20260911,4,1000
LN-near-degenerate,LN,0.03,3.0,220,0.05837812547158045,0.0665820540861064,0.00820392861452595,True,20260911,4,1000
LN-near-degenerate,LN,0.03,3.0,221,0.05163077478389436,0.05603918159050894,0.004408406806614577,True,20260911,4,1000
LN-near-degenerate,LN,0.03,3.0,222,0.06493707237987593,0.06749618421376898,0.0025591118338930408,True,20260911,4,1000
LN-near-degenerate,LN,0.03,3.0,223,0.06343279204436324,0.04854218550799796,-0.01489060653636528,False,20260911,4,1000
LN-near-degenerate,LN,0.03,3.0,224,0.06088658539327491,0.043825608952073596,-0.017060976441201317,False,20260911,4,1000
LN-near-degenerate,LN,0.03,3.0,225,0.04590047367929123,0.04717932341945243,0.0012788497401612017,True,20260911,4,1000
LN-near-degenerate,LN,0.03,3.0,226,0.07199284011923253,0.07957419196497462,0.0075813518457420875,True,20260911,4,1000
LN-near-degenerate,LN,0.03,3.0,227,0.04812539626860131,0.04679070085866247,-0.0013346954099388367,False,20260911,4,1000
LN-near-degenerate,LN,0.03,3.0,228,0.04192830786624343,0.04265247605281923,0.0007241681865758007,True,20260911,4,1000
LN-near-degenerate,LN,0.03,3.0,229,0.07402483587260325,0.0609030628261129,-0.01312177304649035,False,20260911,4,1000
LN-near-degenerate,LN,0.03,3.0,230,0.042450010170022257,0.04397016499299051,0.0015201548229682518,True,20260911,4,1000
LN-near-degenerate,LN,0.03,3.0,231,0.056240731971081356,0.06136973597348777,0.005129004002406415,True,20260911,4,1000
LN-near-degenerate,LN,0.03,3.0,232,0.050699440519200105,0.04843764882848243,-0.0022617916907176766,False,20260911,4,1000
LN-near-degenerate,LN,0.03,3.0,233,0.05657210807706301,0.053518739878207024,-0.003053368198855988,False,20260911,4,1000
LN-near-degenerate,LN,0.03,3.0,234,0.05113496722885389,0.04681382932653789,-0.004321137902316002,False,20260911,4,1000
LN-near-degenerate,LN,0.03,3.0,235,0.05068517534155741,0.048284419086503584,-0.002400756255053829,False,20260911,4,1000
LN-near-degenerate,LN,0.03,3.0,236,0.060831310914783596,0.05747129763682509,-0.0033600132779585054,False,20260911,4,1000
LN-near-degenerate,LN,0.03,3.0,237,0.045536091760066746,0.04320807900665554,-0.0023280127534112058,False,20260911,4,1000
LN-near-degenerate,LN,0.03,3.0,238,0.059250413469740505,0.05887998976547153,-0.00037042370426897814,False,20260911,4,1000
LN-near-degenerate,LN,0.03,3.0,239,0.04337652835332599,0.04394997474504684,0.0005734463917208485,True,20260911,4,1000
LN-near-degenerate,LN,0.03,3.0,240,0.05153145785431287,0.04768355678323198,-0.003847901071080892,False,20260911,4,1000
LN-near-degenerate,LN,0.03,3.0,241,0.07467819693754392,0.07059088819267201,-0.004087308744871912,False,20260911,4,1000
LN-near-degenerate,LN,0.03,3.0,242,0.06315378837555781,0.07131785709739456,0.008164068721836754,True,20260911,4,1000
LN-near-degenerate,LN,0.03,3.0,243,0.04810792278209327,0.04873772031633804,0.0006297975342447679,True,20260911,4,1000
LN-near-degenerate,LN,0.03,3.0,244,0.06100354367438393,0.068342651115637,0.007339107441253073,True,20260911,4,1000
LN-near-degenerate,LN,0.03,3.0,245,0.04299902895820668,0.0432947615038725,0.000295732545665818,True,20260911,4,1000
LN-near-degenerate,LN,0.03,3.0,246,0.050040596210280355,0.04531634720666764,-0.004724249003612714,False,20260911,4,1000
LN-near-degenerate,LN,0.03,3.0,247,0.050067570482021415,0.0471370648903358,-0.002930505591685617,False,20260911,4,1000
LN-near-degenerate,LN,0.03,3.0,248,0.054023414269385846,0.05828589772906577,0.0042624834596799235,True,20260911,4,1000
LN-near-degenerate,LN,0.03,3.0,249,0.042029361140586995,0.0453542115514375,0.0033248504108505036,True,20260911,4,1000
LN-near-degenerate,LN,0.03,3.0,250,0.046215731087383936,0.045336255269456054,-0.0008794758179278828,False,20260911,4,1000
LN-near-degenerate,LN,0.03,3.0,251,0.0468806411073385,0.04702012405326503,0.00013948294592652788,True,20260911,4,1000
LN-near-degenerate,LN,0.03,3.0,252,0.04853603021473879,0.05198153701230793,0.0034455067975691367,True,20260911,4,1000
LN-near-degenerate,LN,0.03,3.0,253,0.042348961400512516,0.04328220382150639,0.0009332424209938725,True,20260911,4,1000
LN-near-degenerate,LN,0.03,3.0,254,0.049407973801593445,0.04826689856792915,-0.0011410752336642946,False,20260911,4,1000
LN-near-degenerate,LN,0.03,3.0,255,0.06346625143041316,0.06070128647455712,-0.002764964955856042,False,20260911,4,1000
LN-near-degenerate,LN,0.03,3.0,256,0.04693679755203978,0.06167313655926833,0.014736339007228552,True,20260911,4,1000
LN-near-degenerate,LN,0.03,3.0,257,0.04538498559928366,0.04520169146295655,-0.00018329413632710984,False,20260911,4,1000
LN-near-degenerate,LN,0.03,3.0,258,0.052572000730282106,0.05165439722810673,-0.0009176035021753737,False,20260911,4,1000
LN-near-degenerate,LN,0.03,3.0,259,0.05258325631965932,0.0523710536800302,-0.00021220263962912211,False,20260911,4,1000
LN-near-degenerate,LN,0.03,3.0,260,0.04921168407727027,0.061155551783816715,0.011943867706546443,True,20260911,4,1000
LN-near-degenerate,LN,0.03,3.0,261,0.04336609706108872,0.04551834791601618,0.0021522508549274635,True,20260911,4,1000
LN-near-degenerate,LN,0.03,3.0,262,0.04441157989604479,0.04617968998021515,0.0017681100841703615,True,20260911,4,1000
LN-near-degenerate,LN,0.03,3.0,263,0.0790589101056323,0.0680770941276404,-0.010981815977991902,False,20260911,4,1000
LN-near-degenerate,LN,0.03,3.0,264,0.05670123039053426,0.07243996553032082,0.01573873513978656,True,20260911,4,1000
LN-near-degenerate,LN,0.03,3.0,265,0.05005175878993646,0.04892701325959868,-0.001124745530337777,False,20260911,4,1000
LN-near-degenerate,LN,0.03,3.0,266,0.06447842845913404,0.061249121547003425,-0.0032293069121306153,False,20260911,4,1000
LN-near-degenerate,LN,0.03,3.0,267,0.05378385591147147,0.04793490070582321,-0.005848955205648265,False,20260911,4,1000
LN-near-degenerate,LN,0.03,3.0,268,0.04271587490883419,0.0800709094107622,0.03735503450192801,True,20260911,4,1000
LN-near-degenerate,LN,0.03,3.0,269,0.04536962873245725,0.04579515338308865,0.0004255246506313995,True,20260911,4,1000
LN-near-degenerate,LN,0.03,3.0,270,0.0445390948216448,0.04131469681728693,-0.0032243980043578715,False,20260911,4,1000
LN-near-degenerate,LN,0.03,3.0,271,0.0668585567853495,0.07699657958992676,0.010138022804577262,True,20260911,4,1000
LN-near-degenerate,LN,0.03,3.0,272,0.0569379817004396,0.0525663701619551,-0.0043716115384844975,False,20260911,4,1000
LN-near-degenerate,LN,0.03,3.0,273,0.05764701616310746,0.05319822345455191,-0.004448792708555548,False,20260911,4,1000
LN-near-degenerate,LN,0.03,3.0,274,0.04192784481404041,0.04206709919816817,0.0001392543841277627,True,20260911,4,1000
LN-near-degenerate,LN,0.03,3.0,275,0.04880320223771416,0.047123458574901245,-0.001679743662812913,False,20260911,4,1000
LN-near-degenerate,LN,0.03,3.0,276,0.05737462448583802,0.08608218677454738,0.028707562288709354,True,20260911,4,1000
LN-near-degenerate,LN,0.03,3.0,277,0.08062236364200895,0.07065985881539219,-0.009962504826616758,False,20260911,4,1000
LN-near-degenerate,LN,0.03,3.0,278,0.04633827194487316,0.0449802429387006,-0.0013580290061725592,False,20260911,4,1000
LN-near-degenerate,LN,0.03,3.0,279,0.06675626243667312,0.06283418193125319,-0.0039220805054199365,False,20260911,4,1000
LN-near-degenerate,LN,0.03,3.0,280,0.0409658829898321,0.043338287453653555,0.002372404463821455,True,20260911,4,1000
LN-near-degenerate,LN,0.03,3.0,281,0.04486542791776361,0.04488031192945296,1.4884011689350607e-05,True,20260911,4,1000
LN-near-degenerate,LN,0.03,3.0,282,0.04914826991853742,0.04759701955346127,-0.0015512503650761539,False,20260911,4,1000
LN-near-degenerate,LN,0.03,3.0,283,0.04375834721685441,0.047020140454915656,0.0032617932380612433,True,20260911,4,1000
LN-near-degenerate,LN,0.03,3.0,284,0.04763347232957777,0.06525621896448626,0.01762274663490849,True,20260911,4,1000
LN-near-degenerate,LN,0.03,3.0,285,0.04999341841007474,0.047131404793726975,-0.002862013616347768,False,20260911,4,1000
LN-near-degenerate,LN,0.03,3.0,286,0.05122291186078173,0.04839458716107559,-0.0028283246997061334,False,20260911,4,1000
LN-near-degenerate,LN,0.03,3.0,287,0.0447775678682315,0.04444499991198569,-0.0003325679562458106,False,20260911,4,1000
LN-near-degenerate,LN,0.03,3.0,288,0.054943354056789205,0.06038010442159639,0.005436750364807182,True,20260911,4,1000
LN-near-degenerate,LN,0.03,3.0,289,0.05162388052441346,0.047086158520275846,-0.004537722004137615,False,20260911,4,1000
LN-near-degenerate,LN,0.03,3.0,290,0.05729728490091513,0.0484456763880719,-0.00885160851284323,False,20260911,4,1000
LN-near-degenerate,LN,0.03,3.0,291,0.04258703610110777,0.04689565428657192,0.004308618185464151,True,20260911,4,1000
LN-near-degenerate,LN,0.03,3.0,292,0.05385873342544832,0.04764120130972802,-0.006217532115720299,False,20260911,4,1000
LN-near-degenerate,LN,0.03,3.0,293,0.056779365225547884,0.0450861593711004,-0.011693205854447483,False,20260911,4,1000
LN-near-degenerate,LN,0.03,3.0,294,0.05322389664682636,0.05800726974611734,0.004783373099290979,True,20260911,4,1000
LN-near-degenerate,LN,0.03,3.0,295,0.07113491297026686,0.06121371350866074,-0.00992119946160612,False,20260911,4,1000
LN-near-degenerate,LN,0.03,3.0,296,0.0763796510761756,0.07171542129521595,-0.00466422978095965,False,20260911,4,1000
LN-near-degenerate,LN,0.03,3.0,297,0.06722813752463645,0.06415517549180909,-0.0030729620328273644,False,20260911,4,1000
LN-near-degenerate,LN,0.03,3.0,298,0.05255697796927283,0.057024661932377985,0.004467683963105151,True,20260911,4,1000
LN-near-degenerate,LN,0.03,3.0,299,0.04882965771840142,0.04867482832092887,-0.0001548293974725501,False,20260911,4,1000
LN-near-degenerate,LN,0.03,3.0,300,0.060702344788790205,0.05728787681727081,-0.003414467971519397,False,20260911,4,1000
LN-near-degenerate,LN,0.03,3.0,301,0.04950855056905819,0.05604153201978481,0.006532981450726623,True,20260911,4,1000
LN-near-degenerate,LN,0.03,3.0,302,0.052373543998295614,0.0572866218569944,0.0049130778586987875,True,20260911,4,1000
LN-near-degenerate,LN,0.03,3.0,303,0.05662529939781619,0.05376450140846929,-0.0028607979893468943,False,20260911,4,1000
LN-near-degenerate,LN,0.03,3.0,304,0.05059535032598505,0.05904299290821356,0.008447642582228514,True,20260911,4,1000
LN-near-degenerate,LN,0.03,3.0,305,0.04619692535963974,0.049436350385433765,0.003239425025794024,True,20260911,4,1000
LN-near-degenerate,LN,0.03,3.0,306,0.061079420080062376,0.07205982119805514,0.010980401117992762,True,20260911,4,1000
LN-near-degenerate,LN,0.03,3.0,307,0.06548195469926057,0.047544526602622525,-0.01793742809663805,False,20260911,4,1000
LN-near-degenerate,LN,0.03,3.0,308,0.05495755251721348,0.051679399900067965,-0.0032781526171455147,False,20260911,4,1000
LN-near-degenerate,LN,0.03,3.0,309,0.04798902138817161,0.04807458440878841,8.556302061679677e-05,True,20260911,4,1000
LN-near-degenerate,LN,0.03,3.0,310,0.0663059042399158,0.0487921966803116,-0.017513707559604193,False,20260911,4,1000
LN-near-degenerate,LN,0.03,3.0,311,0.05513580854638915,0.05574131206099079,0.0006055035146016394,True,20260911,4,1000
LN-near-degenerate,LN,0.03,3.0,312,0.04494166919005516,0.04526838055002023,0.00032671135996506506,True,20260911,4,1000
LN-near-degenerate,LN,0.03,3.0,313,0.05826150454970544,0.05324443568730183,-0.005017068862403606,False,20260911,4,1000
LN-near-degenerate,LN,0.03,3.0,314,0.09443669313840804,0.08660365644342656,-0.007833036694981477,False,20260911,4,1000
LN-near-degenerate,LN,0.03,3.0,315,0.06007184642928947,0.05605639805956552,-0.004015448369723951,False,20260911,4,1000
LN-near-degenerate,LN,0.03,3.0,316,0.042774239059696795,0.04350520374573074,0.0007309646860339455,True,20260911,4,1000
LN-near-degenerate,LN,0.03,3.0,317,0.04947672240225369,0.05895445932590277,0.009477736923649081,True,20260911,4,1000
LN-near-degenerate,LN,0.03,3.0,318,0.04664165431020821,0.0507971089767105,0.004155454666502287,True,20260911,4,1000
LN-near-degenerate,LN,0.03,3.0,319,0.06927525408628983,0.06467731212887819,-0.004597941957411644,False,20260911,4,1000
LN-near-degenerate,LN,0.03,3.0,320,0.046610053115638005,0.06666418337714691,0.020054130261508908,True,20260911,4,1000
LN-near-degenerate,LN,0.03,3.0,321,0.04541146236096201,0.04393538742758589,-0.0014760749333761203,False,20260911,4,1000
LN-near-degenerate,LN,0.03,3.0,322,0.06506627755408076,0.06053408763732413,-0.004532189916756628,False,20260911,4,1000
LN-near-degenerate,LN,0.03,3.0,323,0.04476042006618845,0.043942032342207504,-0.0008183877239809484,False,20260911,4,1000
LN-near-degenerate,LN,0.03,3.0,324,0.05747050511616127,0.06623524408646657,0.008764738970305296,True,20260911,4,1000
LN-near-degenerate,LN,0.03,3.0,325,0.04621647861221815,0.04675627897785695,0.000539800365638797,True,20260911,4,1000
LN-near-degenerate,LN,0.03,3.0,326,0.04564626241512773,0.04423406419393098,-0.0014121982211967518,False,20260911,4,1000
LN-near-degenerate,LN,0.03,3.0,327,0.04232201570156367,0.045593404798143757,0.0032713890965800838,True,20260911,4,1000
LN-near-degenerate,LN,0.03,3.0,328,0.05295920057878872,0.08076938773061922,0.027810187151830493,True,20260911,4,1000
LN-near-degenerate,LN,0.03,3.0,329,0.05074235072565692,0.04658958191603979,-0.004152768809617131,False,20260911,4,1000
LN-near-degenerate,LN,0.03,3.0,330,0.06956070397175042,0.050772405990246704,-0.018788297981503714,False,20260911,4,1000
LN-near-degenerate,LN,0.03,3.0,331,0.07563154993428561,0.07128236503061235,-0.004349184903673267,False,20260911,4,1000
LN-near-degenerate,LN,0.03,3.0,332,0.047103217483014284,0.04915119141449237,0.0020479739314780837,True,20260911,4,1000
LN-near-degenerate,LN,0.03,3.0,333,0.055168333381159715,0.0552334170987632,6.508371760348408e-05,True,20260911,4,1000
LN-near-degenerate,LN,0.03,3.0,334,0.05705203416798085,0.054881403582042215,-0.0021706305859386377,False,20260911,4,1000
LN-near-degenerate,LN,0.03,3.0,335,0.04675571040431463,0.04910431967921773,0.002348609274903102,True,20260911,4,1000
LN-near-degenerate,LN,0.03,3.0,336,0.05835825443052539,0.05936278787692471,0.0010045334463993152,True,20260911,4,1000
LN-near-degenerate,LN,0.03,3.0,337,0.056254415692913916,0.054438023299852506,-0.0018163923930614098,False,20260911,4,1000
LN-near-degenerate,LN,0.03,3.0,338,0.04647788850156913,0.04443161806337626,-0.0020462704381928667,False,20260911,4,1000
LN-near-degenerate,LN,0.03,3.0,339,0.05797307262346047,0.05290325493192615,-0.00506981769153432,False,20260911,4,1000
LN-near-degenerate,LN,0.03,3.0,340,0.06292768163831919,0.05903289882194192,-0.0038947828163772708,False,20260911,4,1000
LN-near-degenerate,LN,0.03,3.0,341,0.04187034851619448,0.04241042630177718,0.000540077785582703,True,20260911,4,1000
LN-near-degenerate,LN,0.03,3.0,342,0.044403360895828026,0.04489641783080312,0.000493056934975096,True,20260911,4,1000
LN-near-degenerate,LN,0.03,3.0,343,0.0703057024198491,0.06714555794089688,-0.003160144478952215,False,20260911,4,1000
LN-near-degenerate,LN,0.03,3.0,344,0.05931594925593405,0.06746184502789994,0.008145895771965887,True,20260911,4,1000
LN-near-degenerate,LN,0.03,3.0,345,0.04557675603556537,0.04982351652956009,0.004246760493994715,True,20260911,4,1000
LN-near-degenerate,LN,0.03,3.0,346,0.0663288591046261,0.06387483221444305,-0.0024540268901830503,False,20260911,4,1000
LN-near-degenerate,LN,0.03,3.0,347,0.06284749811004671,0.06886346895506767,0.006015970845020965,True,20260911,4,1000
LN-near-degenerate,LN,0.03,3.0,348,0.04297155064112583,0.04437730617433566,0.001405755533209832,True,20260911,4,1000
LN-near-degenerate,LN,0.03,3.0,349,0.04830445671655156,0.04773960186183241,-0.0005648548547191462,False,20260911,4,1000
LN-near-degenerate,LN,0.03,3.0,350,0.054207182400739615,0.05143671911528873,-0.002770463285450886,False,20260911,4,1000
LN-near-degenerate,LN,0.03,3.0,351,0.05816518579838136,0.04770332369825162,-0.01046186210012974,False,20260911,4,1000
LN-near-degenerate,LN,0.03,3.0,352,0.04769735321821635,0.04364035500000418,-0.00405699821821217,False,20260911,4,1000
LN-near-degenerate,LN,0.03,3.0,353,0.04225312585391196,0.07595486652351076,0.0337017406695988,True,20260911,4,1000
LN-near-degenerate,LN,0.03,3.0,354,0.0816243403171177,0.08962093272519654,0.007996592408078845,True,20260911,4,1000
LN-near-degenerate,LN,0.03,3.0,355,0.05390082253813605,0.04646048632358197,-0.007440336214554082,False,20260911,4,1000
LN-near-degenerate,LN,0.03,3.0,356,0.05129192991344161,0.06320440974430984,0.011912479830868232,True,20260911,4,1000
LN-near-degenerate,LN,0.03,3.0,357,0.0580797154804483,0.05525350604481418,-0.002826209435634122,False,20260911,4,1000
LN-near-degenerate,LN,0.03,3.0,358,0.04943281502622146,0.04803173935586232,-0.0014010756703591379,False,20260911,4,1000
LN-near-degenerate,LN,0.03,3.0,359,0.05463151939435846,0.055240880689762385,0.0006093612954039263,True,20260911,4,1000
LN-near-degenerate,LN,0.03,3.0,360,0.0811129938087733,0.08984969032457508,0.008736696515801778,True,20260911,4,1000
LN-near-degenerate,LN,0.03,3.0,361,0.05351407857239566,0.06582459411635463,0.012310515543958976,True,20260911,4,1000
LN-near-degenerate,LN,0.03,3.0,362,0.058051567765029496,0.04728788860409956,-0.010763679160929934,False,20260911,4,1000
LN-near-degenerate,LN,0.03,3.0,363,0.042992796811530294,0.04411864039846139,0.0011258435869310954,True,20260911,4,1000
LN-near-degenerate,LN,0.03,3.0,364,0.047773733086349295,0.04686083421314463,-0.0009128988732046636,False,20260911,4,1000
LN-near-degenerate,LN,0.03,3.0,365,0.06268835980729418,0.06727631288335542,0.004587953076061246,True,20260911,4,1000
LN-near-degenerate,LN,0.03,3.0,366,0.0528616495112949,0.061228528395973474,0.008366878884678575,True,20260911,4,1000
LN-near-degenerate,LN,0.03,3.0,367,0.06139847349880698,0.04796096877553221,-0.01343750472327477,False,20260911,4,1000
LN-near-degenerate,LN,0.03,3.0,368,0.04534561772681234,0.08386919598259183,0.0385235782557795,True,20260911,4,1000
LN-near-degenerate,LN,0.03,3.0,369,0.04509346255498668,0.04341953794963215,-0.0016739246053545306,False,20260911,4,1000
LN-near-degenerate,LN,0.03,3.0,370,0.05397886028386797,0.05195007067100599,-0.0020287896128619795,False,20260911,4,1000
LN-near-degenerate,LN,0.03,3.0,371,0.048462456313917976,0.0483714661916181,-9.099012229987768e-05,False,20260911,4,1000
LN-near-degenerate,LN,0.03,3.0,372,0.04938401462706629,0.04531039721247253,-0.004073617414593764,False,20260911,4,1000
LN-near-degenerate,LN,0.03,3.0,373,0.05468728318089934,0.04993715315332539,-0.004750130027573948,False,20260911,4,1000
LN-near-degenerate,LN,0.03,3.0,374,0.05549241031891686,0.050598004444276125,-0.004894405874640732,False,20260911,4,1000
LN-near-degenerate,LN,0.03,3.0,375,0.05095958179139852,0.0460426878218184,-0.004916893969580123,False,20260911,4,1000
LN-near-degenerate,LN,0.03,3.0,376,0.04861471413888713,0.045523975215431015,-0.003090738923456113,False,20260911,4,1000
LN-near-degenerate,LN,0.03,3.0,377,0.04781252790291105,0.05150755969622995,0.003695031793318898,True,20260911,4,1000
LN-near-degenerate,LN,0.03,3.0,378,0.05336251020846824,0.050272501360619094,-0.0030900088478491433,False,20260911,4,1000
LN-near-degenerate,LN,0.03,3.0,379,0.04814922669943407,0.04875690594418365,0.0006076792447495816,True,20260911,4,1000
LN-near-degenerate,LN,0.03,3.0,380,0.049079397773159734,0.04790756877290071,-0.0011718290002590212,False,20260911,4,1000
LN-near-degenerate,LN,0.03,3.0,381,0.05428554312193481,0.05407859411836501,-0.00020694900356979518,False,20260911,4,1000
LN-near-degenerate,LN,0.03,3.0,382,0.08932412734389412,0.08235289988275554,-0.006971227461138582,False,20260911,4,1000
LN-near-degenerate,LN,0.03,3.0,383,0.04608821862544325,0.043821760907343126,-0.0022664577181001275,False,20260911,4,1000
LN-near-degenerate,LN,0.03,3.0,384,0.047193100456353596,0.04644000624671983,-0.0007530942096337645,False,20260911,4,1000
LN-near-degenerate,LN,0.03,3.0,385,0.04752421708639523,0.04537344831426507,-0.0021507687721301627,False,20260911,4,1000
LN-near-degenerate,LN,0.03,3.0,386,0.05613233690303245,0.0651170084287021,0.008984671525669653,True,20260911,4,1000
LN-near-degenerate,LN,0.03,3.0,387,0.04938673822335356,0.04741287929149031,-0.0019738589318632482,False,20260911,4,1000
LN-near-degenerate,LN,0.03,3.0,388,0.04774615683654721,0.05328637924511488,0.00554022240856767,True,20260911,4,1000
LN-near-degenerate,LN,0.03,3.0,389,0.0852176259858824,0.08781928415192686,0.0026016581660444627,True,20260911,4,1000
LN-near-degenerate,LN,0.03,3.0,390,0.0439200433367366,0.04246630771858661,-0.0014537356181499941,False,20260911,4,1000
LN-near-degenerate,LN,0.03,3.0,391,0.06409744062280065,0.049102361184170315,-0.014995079438630335,False,20260911,4,1000
LN-near-degenerate,LN,0.03,3.0,392,0.06109211783926511,0.06251298211814603,0.0014208642788809192,True,20260911,4,1000
LN-near-degenerate,LN,0.03,3.0,393,0.07376771468421209,0.07075669842962197,-0.003011016254590118,False,20260911,4,1000
LN-near-degenerate,LN,0.03,3.0,394,0.041539302188936346,0.042463243120183125,0.0009239409312467792,True,20260911,4,1000
LN-near-degenerate,LN,0.03,3.0,395,0.04593418311530977,0.04488320322921471,-0.001050979886095059,False,20260911,4,1000
LN-near-degenerate,LN,0.03,3.0,396,0.05251600065318917,0.05970910371528771,0.007193103062098541,True,20260911,4,1000
LN-near-degenerate,LN,0.03,3.0,397,0.05151244162820782,0.04721107404516854,-0.004301367583039277,False,20260911,4,1000
LN-near-degenerate,LN,0.03,3.0,398,0.05155582412104612,0.04892629687870896,-0.002629527242337157,False,20260911,4,1000
LN-near-degenerate,LN,0.03,3.0,399,0.06352551374999159,0.0506454159462645,-0.012880097803727085,False,20260911,4,1000
LN-near-degenerate,LN,0.03,3.0,400,0.05487627953363613,0.05567354993776768,0.0007972704041315504,True,20260911,4,1000
LN-near-degenerate,LN,0.03,3.0,401,0.05356774051654289,0.047923393592554306,-0.0056443469239885816,False,20260911,4,1000
LN-near-degenerate,LN,0.03,3.0,402,0.06843589554264794,0.0798050935853156,0.011369198042667658,True,20260911,4,1000
LN-near-degenerate,LN,0.03,3.0,403,0.06401327197415076,0.07455954195084165,0.010546269976690892,True,20260911,4,1000
LN-near-degenerate,LN,0.03,3.0,404,0.05533629534445625,0.051799608870584254,-0.0035366864738719944,False,20260911,4,1000
LN-near-degenerate,LN,0.03,3.0,405,0.05526886236129857,0.05536401586444705,9.515350314848181e-05,True,20260911,4,1000
LN-near-degenerate,LN,0.03,3.0,406,0.06321728476732998,0.07265272430389952,0.009435439536569543,True,20260911,4,1000
LN-near-degenerate,LN,0.03,3.0,407,0.04665152495525254,0.04564748235356074,-0.0010040426016917972,False,20260911,4,1000
LN-near-degenerate,LN,0.03,3.0,408,0.06272195174415415,0.046673525361014864,-0.01604842638313929,False,20260911,4,1000
LN-near-degenerate,LN,0.03,3.0,409,0.06257649994661046,0.06277010729611289,0.00019360734950242542,True,20260911,4,1000
LN-near-degenerate,LN,0.03,3.0,410,0.057722708538120754,0.058347308909156265,0.0006246003710355108,True,20260911,4,1000
LN-near-degenerate,LN,0.03,3.0,411,0.06910258925907149,0.06480602357565371,-0.004296565683417783,False,20260911,4,1000
LN-near-degenerate,LN,0.03,3.0,412,0.06229744403426834,0.06484785000335405,0.002550405969085713,True,20260911,4,1000
LN-near-degenerate,LN,0.03,3.0,413,0.04634806892024551,0.04343822996747715,-0.002909838952768362,False,20260911,4,1000
LN-near-degenerate,LN,0.03,3.0,414,0.039535640844631244,0.040197457653809165,0.0006618168091779217,True,20260911,4,1000
LN-near-degenerate,LN,0.03,3.0,415,0.04722538033839787,0.04557083156509267,-0.0016545487733051964,False,20260911,4,1000
LN-near-degenerate,LN,0.03,3.0,416,0.044286780625622614,0.045891855068590066,0.0016050744429674524,True,20260911,4,1000
LN-near-degenerate,LN,0.03,3.0,417,0.07087774355335161,0.06635190411127026,-0.0045258394420813475,False,20260911,4,1000
LN-near-degenerate,LN,0.03,3.0,418,0.04657789440044217,0.06782162978197673,0.02124373538153456,True,20260911,4,1000
LN-near-degenerate,LN,0.03,3.0,419,0.05456450154645024,0.06064866183516113,0.006084160288710887,True,20260911,4,1000
LN-near-degenerate,LN,0.03,3.0,420,0.04407347201602854,0.04443438635464811,0.0003609143386195668,True,20260911,4,1000
LN-near-degenerate,LN,0.03,3.0,421,0.07244878624674324,0.08164335114942828,0.00919456490268504,True,20260911,4,1000
LN-near-degenerate,LN,0.03,3.0,422,0.04183819486285533,0.044370026147729766,0.002531831284874435,True,20260911,4,1000
LN-near-degenerate,LN,0.03,3.0,423,0.0551920147816268,0.05234863485664764,-0.0028433799249791628,False,20260911,4,1000
LN-near-degenerate,LN,0.03,3.0,424,0.06523893889866841,0.04938912246414872,-0.015849816434519694,False,20260911,4,1000
LN-near-degenerate,LN,0.03,3.0,425,0.07344050918249617,0.09183177866221726,0.018391269479721084,True,20260911,4,1000
LN-near-degenerate,LN,0.03,3.0,426,0.08147741003924196,0.09241347122343785,0.010936061184195892,True,20260911,4,1000
LN-near-degenerate,LN,0.03,3.0,427,0.07838384477323888,0.06148790286821081,-0.01689594190502807,False,20260911,4,1000
LN-near-degenerate,LN,0.03,3.0,428,0.04248099178109732,0.04399651714579572,0.0015155253646984002,True,20260911,4,1000
LN-near-degenerate,LN,0.03,3.0,429,0.053247752178614764,0.05583717356729958,0.002589421388684815,True,20260911,4,1000
LN-near-degenerate,LN,0.03,3.0,430,0.07662286835702006,0.07683407297264071,0.0002112046156206443,True,20260911,4,1000
LN-near-degenerate,LN,0.03,3.0,431,0.04577803346952769,0.044218811632094825,-0.0015592218374328656,False,20260911,4,1000
LN-near-degenerate,LN,0.03,3.0,432,0.04879050413672143,0.05413957295630701,0.0053490688195855784,True,20260911,4,1000
LN-near-degenerate,LN,0.03,3.0,433,0.058010063575961404,0.06335287624731493,0.005342812671353531,True,20260911,4,1000
LN-near-degenerate,LN,0.03,3.0,434,0.06989309028524411,0.06680757441630178,-0.0030855158689423318,False,20260911,4,1000
LN-near-degenerate,LN,0.03,3.0,435,0.042755209458510406,0.043658115712702894,0.0009029062541924884,True,20260911,4,1000
LN-near-degenerate,LN,0.03,3.0,436,0.06025353131359208,0.057292750988141516,-0.0029607803254505655,False,20260911,4,1000
LN-near-degenerate,LN,0.03,3.0,437,0.0426508888763842,0.042819487501031823,0.00016859862464762426,True,20260911,4,1000
LN-near-degenerate,LN,0.03,3.0,438,0.07876665559757633,0.08136221281646842,0.0025955572188920972,True,20260911,4,1000
LN-near-degenerate,LN,0.03,3.0,439,0.043298724913164624,0.04564314063811548,0.0023444157249508588,True,20260911,4,1000
LN-near-degenerate,LN,0.03,3.0,440,0.04170229256790946,0.04460108887823854,0.002898796310329084,True,20260911,4,1000
LN-near-degenerate,LN,0.03,3.0,441,0.057906695799371945,0.055524081128688944,-0.0023826146706830004,False,20260911,4,1000
LN-near-degenerate,LN,0.03,3.0,442,0.0554508334116209,0.05167236754123976,-0.003778465870381144,False,20260911,4,1000
LN-near-degenerate,LN,0.03,3.0,443,0.05573677754390258,0.05378746967465084,-0.0019493078692517374,False,20260911,4,1000
LN-near-degenerate,LN,0.03,3.0,444,0.045798824068904335,0.04429018668938068,-0.0015086373795236557,False,20260911,4,1000
LN-near-degenerate,LN,0.03,3.0,445,0.05022573664518139,0.05867912856857918,0.008453391923397793,True,20260911,4,1000
LN-near-degenerate,LN,0.03,3.0,446,0.04934135582454186,0.05154094360897533,0.0021995877844334655,True,20260911,4,1000
LN-near-degenerate,LN,0.03,3.0,447,0.06979387777514842,0.07035595421540684,0.0005620764402584216,True,20260911,4,1000
LN-near-degenerate,LN,0.03,3.0,448,0.05705608348418071,0.054141069149579196,-0.0029150143346015137,False,20260911,4,1000
LN-near-degenerate,LN,0.03,3.0,449,0.045214193277674466,0.05584940511322764,0.010635211835553174,True,20260911,4,1000
LN-near-degenerate,LN,0.03,3.0,450,0.05184673125721671,0.04905633450879167,-0.0027903967484250447,False,20260911,4,1000
LN-near-degenerate,LN,0.03,3.0,451,0.05637687814631969,0.06159454878043378,0.005217670634114088,True,20260911,4,1000
LN-near-degenerate,LN,0.03,3.0,452,0.04345461500184089,0.04636642588252192,0.002911810880681029,True,20260911,4,1000
LN-near-degenerate,LN,0.03,3.0,453,0.05242844910037737,0.049023481555781484,-0.003404967544595884,False,20260911,4,1000
LN-near-degenerate,LN,0.03,3.0,454,0.0536945624847444,0.0501470758248764,-0.003547486659867996,False,20260911,4,1000
LN-near-degenerate,LN,0.03,3.0,455,0.05063498061864787,0.04915072855808102,-0.0014842520605668555,False,20260911,4,1000
LN-near-degenerate,LN,0.03,3.0,456,0.05396831874019619,0.05132983227391342,-0.0026384864662827717,False,20260911,4,1000
LN-near-degenerate,LN,0.03,3.0,457,0.07048317831051723,0.06003991583993234,-0.010443262470584892,False,20260911,4,1000
LN-near-degenerate,LN,0.03,3.0,458,0.04633876418773247,0.05161561218125422,0.005276847993521745,True,20260911,4,1000
LN-near-degenerate,LN,0.03,3.0,459,0.06169138226843223,0.05866972227087824,-0.0030216599975539937,False,20260911,4,1000
LN-near-degenerate,LN,0.03,3.0,460,0.042191098514095526,0.04221020065255092,1.9102138455392992e-05,True,20260911,4,1000
LN-near-degenerate,LN,0.03,3.0,461,0.09455663153767707,0.09886808590500092,0.004311454367323844,True,20260911,4,1000
LN-near-degenerate,LN,0.03,3.0,462,0.039709156923125974,0.04238464797809174,0.002675491054965763,True,20260911,4,1000
LN-near-degenerate,LN,0.03,3.0,463,0.062364790033129315,0.06336626594491086,0.0010014759117815478,True,20260911,4,1000
LN-near-degenerate,LN,0.03,3.0,464,0.04429106702940508,0.07483935892309711,0.03054829189369203,True,20260911,4,1000
LN-near-degenerate,LN,0.03,3.0,465,0.04281717245730562,0.04472886502759043,0.001911692570284812,True,20260911,4,1000
LN-near-degenerate,LN,0.03,3.0,466,0.04204099994694475,0.04473365904985566,0.002692659102910916,True,20260911,4,1000
LN-near-degenerate,LN,0.03,3.0,467,0.07259571600534039,0.06941410013927261,-0.003181615866067772,False,20260911,4,1000
LN-near-degenerate,LN,0.03,3.0,468,0.05019953884268068,0.04639738213415193,-0.0038021567085287505,False,20260911,4,1000
LN-near-degenerate,LN,0.03,3.0,469,0.05526428693674442,0.06233528381785918,0.0070709968811147605,True,20260911,4,1000
LN-near-degenerate,LN,0.03,3.0,470,0.06262662641959603,0.057917906840508626,-0.004708719579087403,False,20260911,4,1000
LN-near-degenerate,LN,0.03,3.0,471,0.05626534045673417,0.0539285469841486,-0.0023367934725855716,False,20260911,4,1000
LN-near-degenerate,LN,0.03,3.0,472,0.08645534284710513,0.09335247274281666,0.0068971298957115346,True,20260911,4,1000
LN-near-degenerate,LN,0.03,3.0,473,0.0551913864906037,0.055082024057519954,-0.00010936243308374421,False,20260911,4,1000
LN-near-degenerate,LN,0.03,3.0,474,0.08800168834662123,0.09130254247798551,0.0033008541313642864,True,20260911,4,1000
LN-near-degenerate,LN,0.03,3.0,475,0.044000579417354024,0.04394714173608931,-5.343768126471471e-05,False,20260911,4,1000
LN-near-degenerate,LN,0.03,3.0,476,0.04991477007262422,0.05294063518541894,0.0030258651127947137,True,20260911,4,1000
LN-near-degenerate,LN,0.03,3.0,477,0.04230449276200529,0.043636137981758166,0.001331645219752875,True,20260911,4,1000
LN-near-degenerate,LN,0.03,3.0,478,0.05689155423979523,0.056049499946137414,-0.0008420542936578151,False,20260911,4,1000
LN-near-degenerate,LN,0.03,3.0,479,0.04947120163608023,0.056014819401544444,0.006543617765464214,True,20260911,4,1000
LN-near-degenerate,LN,0.03,3.0,480,0.05251356686972324,0.05793225106096283,0.005418684191239587,True,20260911,4,1000
LN-near-degenerate,LN,0.03,3.0,481,0.04720831255205771,0.043647533563810334,-0.0035607789882473734,False,20260911,4,1000
LN-near-degenerate,LN,0.03,3.0,482,0.042870601716279585,0.04253956280143814,-0.00033103891484144443,False,20260911,4,1000
LN-near-degenerate,LN,0.03,3.0,483,0.05313395455194391,0.05013658644692343,-0.0029973681050204787,False,20260911,4,1000
LN-near-degenerate,LN,0.03,3.0,484,0.044590264332839566,0.045688963693337026,0.0010986993604974599,True,20260911,4,1000
LN-near-degenerate,LN,0.03,3.0,485,0.05374343894808819,0.05220982788457878,-0.0015336110635094102,False,20260911,4,1000
LN-near-degenerate,LN,0.03,3.0,486,0.05394786001960044,0.05025093350431845,-0.003696926515281987,False,20260911,4,1000
LN-near-degenerate,LN,0.03,3.0,487,0.04397590295550524,0.04489462139258985,0.0009187184370846105,True,20260911,4,1000
LN-near-degenerate,LN,0.03,3.0,488,0.043124699409934665,0.04449905210022677,0.0013743526902921036,True,20260911,4,1000
LN-near-degenerate,LN,0.03,3.0,489,0.05993939074143036,0.05894395414075863,-0.00099543660067173,False,20260911,4,1000
LN-near-degenerate,LN,0.03,3.0,490,0.06750845689972744,0.053119704179925654,-0.014388752719801785,False,20260911,4,1000
LN-near-degenerate,LN,0.03,3.0,491,0.054623377187901244,0.05474822997244552,0.00012485278454427845,True,20260911,4,1000
LN-near-degenerate,LN,0.03,3.0,492,0.06414586683963097,0.055579779316974755,-0.008566087522656217,False,20260911,4,1000
LN-near-degenerate,LN,0.03,3.0,493,0.06598844194340109,0.06957009283081322,0.0035816508874121356,True,20260911,4,1000
LN-near-degenerate,LN,0.03,3.0,494,0.058374806839805116,0.0551693458124379,-0.0032054610273672124,False,20260911,4,1000
LN-near-degenerate,LN,0.03,3.0,495,0.05056722902259431,0.05130278439431447,0.0007355553717201604,True,20260911,4,1000
LN-near-degenerate,LN,0.03,3.0,496,0.05517313577092541,0.05692890332392193,0.001755767552996515,True,20260911,4,1000
LN-near-degenerate,LN,0.03,3.0,497,0.044848154333391774,0.047815764998346624,0.0029676106649548506,True,20260911,4,1000
LN-near-degenerate,LN,0.03,3.0,498,0.043879793712129696,0.04843617101884728,0.004556377306717582,True,20260911,4,1000
LN-near-degenerate,LN,0.03,3.0,499,0.05774736818096938,0.05738244253966,-0.0003649256413093757,False,20260911,4,1000
LN-near-degenerate,LN,0.03,3.0,500,0.06941354043174544,0.06642467641510831,-0.00298886401663713,False,20260911,4,1000
LN-near-degenerate,LN,0.03,3.0,501,0.053411411907340466,0.04732937587609527,-0.006082036031245193,False,20260911,4,1000
LN-near-degenerate,LN,0.03,3.0,502,0.04907446880159561,0.0568377764340415,0.007763307632445884,True,20260911,4,1000
LN-near-degenerate,LN,0.03,3.0,503,0.053506274723949816,0.06415020638408873,0.010643931660138918,True,20260911,4,1000
LN-near-degenerate,LN,0.03,3.0,504,0.05741721192690742,0.05664577375842571,-0.000771438168481714,False,20260911,4,1000
LN-near-degenerate,LN,0.03,3.0,505,0.05891688791760917,0.06536803801273505,0.006451150095125882,True,20260911,4,1000
LN-near-degenerate,LN,0.03,3.0,506,0.0533989862694387,0.05242974952478203,-0.0009692367446566749,False,20260911,4,1000
LN-near-degenerate,LN,0.03,3.0,507,0.04327888031805173,0.04441490561837936,0.0011360253003276297,True,20260911,4,1000
LN-near-degenerate,LN,0.03,3.0,508,0.04501782202315079,0.046687032997551274,0.0016692109744004813,True,20260911,4,1000
LN-near-degenerate,LN,0.03,3.0,509,0.048223013729044695,0.0534843818493162,0.0052613681202715035,True,20260911,4,1000
LN-near-degenerate,LN,0.03,3.0,510,0.05761221606115944,0.06507956890185525,0.007467352840695808,True,20260911,4,1000
LN-near-degenerate,LN,0.03,3.0,511,0.054919533198869136,0.04517372487811228,-0.009745808320756853,False,20260911,4,1000
LN-near-degenerate,LN,0.03,3.0,512,0.07359354819127525,0.09025411146055272,0.016660563269277465,True,20260911,4,1000
LN-near-degenerate,LN,0.03,3.0,513,0.057968396728261616,0.062052990481436955,0.004084593753175339,True,20260911,4,1000
LN-near-degenerate,LN,0.03,3.0,514,0.06860512777191287,0.06568435147598,-0.0029207762959328754,False,20260911,4,1000
LN-near-degenerate,LN,0.03,3.0,515,0.04460798220810207,0.044636074610206175,2.809240210410735e-05,True,20260911,4,1000
LN-near-degenerate,LN,0.03,3.0,516,0.05087396531974175,0.05247457743737471,0.0016006121176329602,True,20260911,4,1000
LN-near-degenerate,LN,0.03,3.0,517,0.04727730224365499,0.0466907102444928,-0.0005865919991621948,False,20260911,4,1000
LN-near-degenerate,LN,0.03,3.0,518,0.06406119380532792,0.06944417821087061,0.00538298440554269,True,20260911,4,1000
LN-near-degenerate,LN,0.03,3.0,519,0.04271598395123376,0.04452123776125539,0.0018052538100216328,True,20260911,4,1000
LN-near-degenerate,LN,0.03,3.0,520,0.06010908833405706,0.07353003123081855,0.013420942896761497,True,20260911,4,1000
LN-near-degenerate,LN,0.03,3.0,521,0.04314106176675762,0.04573354303834606,0.00259248127158844,True,20260911,4,1000
LN-near-degenerate,LN,0.03,3.0,522,0.04412467390426706,0.04513989656339897,0.001015222659131912,True,20260911,4,1000
LN-near-degenerate,LN,0.03,3.0,523,0.05447062647831881,0.04628289142940958,-0.008187735048909232,False,20260911,4,1000
LN-near-degenerate,LN,0.03,3.0,524,0.05600829693043643,0.05396133803490915,-0.002046958895527279,False,20260911,4,1000
LN-near-degenerate,LN,0.03,3.0,525,0.05424957987809782,0.06458393235804574,0.01033435247994792,True,20260911,4,1000
LN-near-degenerate,LN,0.03,3.0,526,0.0494363550399705,0.05161419751670876,0.0021778424767382593,True,20260911,4,1000
LN-near-degenerate,LN,0.03,3.0,527,0.051332012037064945,0.05598961549761227,0.004657603460547326,True,20260911,4,1000
LN-near-degenerate,LN,0.03,3.0,528,0.04310084215806008,0.06907630712933324,0.025975464971273163,True,20260911,4,1000
LN-near-degenerate,LN,0.03,3.0,529,0.06095666660418065,0.058348263436796645,-0.0026084031673840047,False,20260911,4,1000
LN-near-degenerate,LN,0.03,3.0,530,0.042412747336583685,0.04495179359583929,0.0025390462592556062,True,20260911,4,1000
LN-near-degenerate,LN,0.03,3.0,531,0.04317155093124748,0.04667424558389948,0.0035026946526520025,True,20260911,4,1000
LN-near-degenerate,LN,0.03,3.0,532,0.047995840201285486,0.06904589107919183,0.021050050877906346,True,20260911,4,1000
LN-near-degenerate,LN,0.03,3.0,533,0.05257569135201802,0.04927260576977387,-0.003303085582244153,False,20260911,4,1000
LN-near-degenerate,LN,0.03,3.0,534,0.04165347186542624,0.0422975569668503,0.0006440851014240592,True,20260911,4,1000
LN-near-degenerate,LN,0.03,3.0,535,0.08586025592840298,0.08305201030432624,-0.0028082456240767356,False,20260911,4,1000
LN-near-degenerate,LN,0.03,3.0,536,0.05499762465822518,0.058657630000625106,0.0036600053423999288,True,20260911,4,1000
LN-near-degenerate,LN,0.03,3.0,537,0.06658165398969407,0.05856824875508543,-0.00801340523460864,False,20260911,4,1000
LN-near-degenerate,LN,0.03,3.0,538,0.049608595420033076,0.046762408996512315,-0.0028461864235207607,False,20260911,4,1000
LN-near-degenerate,LN,0.03,3.0,539,0.048683588360023386,0.0476139321699793,-0.0010696561900440868,False,20260911,4,1000
LN-near-degenerate,LN,0.03,3.0,540,0.045702270376893846,0.04906260507415755,0.0033603346972637047,True,20260911,4,1000
LN-near-degenerate,LN,0.03,3.0,541,0.08441488022036533,0.06992466852507155,-0.014490211695293784,False,20260911,4,1000
LN-near-degenerate,LN,0.03,3.0,542,0.04872510350670135,0.04997856773503122,0.0012534642283298647,True,20260911,4,1000
LN-near-degenerate,LN,0.03,3.0,543,0.05713933793384437,0.047160235879017215,-0.009979102054827153,False,20260911,4,1000
LN-near-degenerate,LN,0.03,3.0,544,0.04443326500316795,0.043073912504883745,-0.0013593524982842067,False,20260911,4,1000
LN-near-degenerate,LN,0.03,3.0,545,0.05183851623810411,0.04961470818229768,-0.0022238080558064297,False,20260911,4,1000
LN-near-degenerate,LN,0.03,3.0,546,0.06208753074178669,0.04785695817756638,-0.014230572564220306,False,20260911,4,1000
LN-near-degenerate,LN,0.03,3.0,547,0.06601398774703877,0.06430265802876214,-0.0017113297182766302,False,20260911,4,1000
LN-near-degenerate,LN,0.03,3.0,548,0.05307772501322481,0.05867562220015765,0.005597897186932842,True,20260911,4,1000
LN-near-degenerate,LN,0.03,3.0,549,0.07456049424151041,0.06977424905513921,-0.004786245186371205,False,20260911,4,1000
LN-near-degenerate,LN,0.03,3.0,550,0.04565529120184446,0.050148005076323464,0.0044927138744790054,True,20260911,4,1000
LN-near-degenerate,LN,0.03,3.0,551,0.06111151783333955,0.057496784427596065,-0.0036147334057434824,False,20260911,4,1000
LN-near-degenerate,LN,0.03,3.0,552,0.060154391650186496,0.06164606208427678,0.001491670434090285,True,20260911,4,1000
LN-near-degenerate,LN,0.03,3.0,553,0.06193471116603447,0.05177443661927096,-0.010160274546763506,False,20260911,4,1000
LN-near-degenerate,LN,0.03,3.0,554,0.05461414847689474,0.06150934062341963,0.006895192146524891,True,20260911,4,1000
LN-near-degenerate,LN,0.03,3.0,555,0.05464290242091927,0.06037674188236061,0.005733839461441341,True,20260911,4,1000
LN-near-degenerate,LN,0.03,3.0,556,0.044764697916246654,0.04217109767746586,-0.002593600238780795,False,20260911,4,1000
LN-near-degenerate,LN,0.03,3.0,557,0.04309375661729361,0.047998961421772075,0.004905204804478466,True,20260911,4,1000
LN-near-degenerate,LN,0.03,3.0,558,0.04230808233830673,0.06912553199927164,0.026817449660964915,True,20260911,4,1000
LN-near-degenerate,LN,0.03,3.0,559,0.06723083717280397,0.05698658484695855,-0.010244252325845415,False,20260911,4,1000
LN-near-degenerate,LN,0.03,3.0,560,0.05246371426363354,0.055846405041424366,0.0033826907777908255,True,20260911,4,1000
LN-near-degenerate,LN,0.03,3.0,561,0.0558081015656051,0.05488369584435567,-0.0009244057212494314,False,20260911,4,1000
LN-near-degenerate,LN,0.03,3.0,562,0.04792346953655147,0.04569343920272859,-0.00223003033382288,False,20260911,4,1000
LN-near-degenerate,LN,0.03,3.0,563,0.047171728740316804,0.04555021205966815,-0.001621516680648652,False,20260911,4,1000
LN-near-degenerate,LN,0.03,3.0,564,0.054724667783328663,0.07009770913082926,0.015373041347500595,True,20260911,4,1000
LN-near-degenerate,LN,0.03,3.0,565,0.05338319675037577,0.05208222011922758,-0.0013009766311481916,False,20260911,4,1000
LN-near-degenerate,LN,0.03,3.0,566,0.05921014005161364,0.05739734877497254,-0.0018127912766411,False,20260911,4,1000
LN-near-degenerate,LN,0.03,3.0,567,0.06229077504959705,0.08391961912167036,0.021628844072073307,True,20260911,4,1000
LN-near-degenerate,LN,0.03,3.0,568,0.04439233314247241,0.043681358329220196,-0.0007109748132522117,False,20260911,4,1000
LN-near-degenerate,LN,0.03,3.0,569,0.05415454905026273,0.050699123294201356,-0.0034554257560613713,False,20260911,4,1000
LN-near-degenerate,LN,0.03,3.0,570,0.042676392530255076,0.045582647070690714,0.0029062545404356377,True,20260911,4,1000
LN-near-degenerate,LN,0.03,3.0,571,0.05920505572931524,0.07486132762835929,0.015656271899044047,True,20260911,4,1000
LN-near-degenerate,LN,0.03,3.0,572,0.042462914940973866,0.04393855144937108,0.0014756365083972156,True,20260911,4,1000
LN-near-degenerate,LN,0.03,3.0,573,0.050577346087619504,0.048846177975357695,-0.0017311681122618092,False,20260911,4,1000
LN-near-degenerate,LN,0.03,3.0,574,0.047664202009449805,0.04630115993124411,-0.0013630420782056937,False,20260911,4,1000
LN-near-degenerate,LN,0.03,3.0,575,0.040992915671335506,0.04185507038497542,0.0008621547136399149,True,20260911,4,1000
LN-near-degenerate,LN,0.03,3.0,576,0.053299647216627805,0.061763302163966735,0.00846365494733893,True,20260911,4,1000
LN-near-degenerate,LN,0.03,3.0,577,0.061499678650389196,0.053660181496070346,-0.00783949715431885,False,20260911,4,1000
LN-near-degenerate,LN,0.03,3.0,578,0.051950086111267356,0.04840820178066474,-0.003541884330602617,False,20260911,4,1000
LN-near-degenerate,LN,0.03,3.0,579,0.05237390120588456,0.05310156807638838,0.0007276668705038167,True,20260911,4,1000
LN-near-degenerate,LN,0.03,3.0,580,0.046789926358960385,0.045595523628932315,-0.00119440273002807,False,20260911,4,1000
LN-near-degenerate,LN,0.03,3.0,581,0.04148430619509023,0.04205573234098732,0.0005714261458970929,True,20260911,4,1000
LN-near-degenerate,LN,0.03,3.0,582,0.048445456172877245,0.04719156635938724,-0.0012538898134900056,False,20260911,4,1000
LN-near-degenerate,LN,0.03,3.0,583,0.050119120087810096,0.06253431509623443,0.012415195008424335,True,20260911,4,1000
LN-near-degenerate,LN,0.03,3.0,584,0.056782633761478706,0.053943057608870165,-0.0028395761526085403,False,20260911,4,1000
LN-near-degenerate,LN,0.03,3.0,585,0.04758510709782811,0.04779012769436415,0.000205020596536043,True,20260911,4,1000
LN-near-degenerate,LN,0.03,3.0,586,0.051003644860875,0.049344763855094044,-0.001658881005780953,False,20260911,4,1000
LN-near-degenerate,LN,0.03,3.0,587,0.04390809765238562,0.07781010843903799,0.03390201078665237,True,20260911,4,1000
LN-near-degenerate,LN,0.03,3.0,588,0.10177867561310831,0.0971753257957252,-0.004603349817383112,False,20260911,4,1000
LN-near-degenerate,LN,0.03,3.0,589,0.044245161839610914,0.04485902894629632,0.0006138671066854076,True,20260911,4,1000
LN-near-degenerate,LN,0.03,3.0,590,0.057064767598822584,0.056070305091203934,-0.00099446250761865,False,20260911,4,1000
LN-near-degenerate,LN,0.03,3.0,591,0.042929822019221485,0.04652149537727652,0.0035916733580550336,True,20260911,4,1000
LN-near-degenerate,LN,0.03,3.0,592,0.04890253586914314,0.04641462196247018,-0.0024879139066729603,False,20260911,4,1000
LN-near-degenerate,LN,0.03,3.0,593,0.0494337513534431,0.04932497325334725,-0.00010877810009585209,False,20260911,4,1000
LN-near-degenerate,LN,0.03,3.0,594,0.060744819532051034,0.05573092745683164,-0.005013892075219392,False,20260911,4,1000
LN-near-degenerate,LN,0.03,3.0,595,0.04948070122338419,0.04508272656818675,-0.004397974655197437,False,20260911,4,1000
LN-near-degenerate,LN,0.03,3.0,596,0.043666885568790954,0.04640847696516393,0.0027415913963729777,True,20260911,4,1000
LN-near-degenerate,LN,0.03,3.0,597,0.04855888554528466,0.05427740685043827,0.005718521305153608,True,20260911,4,1000
LN-near-degenerate,LN,0.03,3.0,598,0.05378474746056161,0.08498460954595265,0.031199862085391036,True,20260911,4,1000
LN-near-degenerate,LN,0.03,3.0,599,0.05976087210489304,0.062454464664065824,0.002693592559172786,True,20260911,4,1000
LN-near-degenerate,LN,0.03,3.0,600,0.06199892692164531,0.059001264334494936,-0.002997662587150375,False,20260911,4,1000
LN-near-degenerate,LN,0.03,3.0,601,0.05990183871410305,0.05224527706710574,-0.007656561646997316,False,20260911,4,1000
LN-near-degenerate,LN,0.03,3.0,602,0.04972366460211121,0.052352816097746245,0.002629151495635036,True,20260911,4,1000
LN-near-degenerate,LN,0.03,3.0,603,0.051849224503866975,0.045955600217822516,-0.005893624286044459,False,20260911,4,1000
LN-near-degenerate,LN,0.03,3.0,604,0.04965827822862567,0.04914089729617995,-0.0005173809324457157,False,20260911,4,1000
LN-near-degenerate,LN,0.03,3.0,605,0.053073664143039004,0.05154211328399499,-0.001531550859044016,False,20260911,4,1000
LN-near-degenerate,LN,0.03,3.0,606,0.05171400803129101,0.05900601090187957,0.007292002870588558,True,20260911,4,1000
LN-near-degenerate,LN,0.03,3.0,607,0.04457745936873819,0.04366697254415439,-0.000910486824583806,False,20260911,4,1000
LN-near-degenerate,LN,0.03,3.0,608,0.041985153654712865,0.04488156564351384,0.002896411988800973,True,20260911,4,1000
LN-near-degenerate,LN,0.03,3.0,609,0.052760571399929526,0.05072127062322199,-0.0020393007767075394,False,20260911,4,1000
LN-near-degenerate,LN,0.03,3.0,610,0.04681216447958181,0.05237894227737614,0.0055667777977943325,True,20260911,4,1000
LN-near-degenerate,LN,0.03,3.0,611,0.04903117845689094,0.05182504804375111,0.002793869586860169,True,20260911,4,1000
LN-near-degenerate,LN,0.03,3.0,612,0.055589936974823125,0.06323949144895016,0.007649554474127039,True,20260911,4,1000
LN-near-degenerate,LN,0.03,3.0,613,0.06411718665848164,0.06039115932305281,-0.0037260273354288304,False,20260911,4,1000
LN-near-degenerate,LN,0.03,3.0,614,0.0715241564112162,0.07874987242896749,0.00722571601775128,True,20260911,4,1000
LN-near-degenerate,LN,0.03,3.0,615,0.07586467286375759,0.06077753673462059,-0.015087136129137,False,20260911,4,1000
LN-near-degenerate,LN,0.03,3.0,616,0.05170573627112726,0.05236846399895974,0.0006627277278324767,True,20260911,4,1000
LN-near-degenerate,LN,0.03,3.0,617,0.04847841560710986,0.04714370801389707,-0.0013347075932127889,False,20260911,4,1000
LN-near-degenerate,LN,0.03,3.0,618,0.04829768045747468,0.04579738012519107,-0.0025003003322836073,False,20260911,4,1000
LN-near-degenerate,LN,0.03,3.0,619,0.04256835118850627,0.04454432666252625,0.001975975474019981,True,20260911,4,1000
LN-near-degenerate,LN,0.03,3.0,620,0.04945502377063714,0.05459184948206307,0.00513682571142593,True,20260911,4,1000
LN-near-degenerate,LN,0.03,3.0,621,0.05871139249620262,0.05612347323166543,-0.002587919264537192,False,20260911,4,1000
LN-near-degenerate,LN,0.03,3.0,622,0.05434713751027743,0.050814191130133995,-0.0035329463801434327,False,20260911,4,1000
LN-near-degenerate,LN,0.03,3.0,623,0.04901842116173424,0.04862523493642893,-0.0003931862253053059,False,20260911,4,1000
LN-near-degenerate,LN,0.03,3.0,624,0.06032641156550288,0.05533865060866793,-0.004987760956834945,False,20260911,4,1000
LN-near-degenerate,LN,0.03,3.0,625,0.0508015456032398,0.04997911688078541,-0.000822428722454395,False,20260911,4,1000
LN-near-degenerate,LN,0.03,3.0,626,0.06034438325989076,0.05051698616056169,-0.009827397099329074,False,20260911,4,1000
LN-near-degenerate,LN,0.03,3.0,627,0.05911920835732477,0.04901090493390267,-0.010108303423422102,False,20260911,4,1000
LN-near-degenerate,LN,0.03,3.0,628,0.04221491631067738,0.04371909795993782,0.0015041816492604443,True,20260911,4,1000
LN-near-degenerate,LN,0.03,3.0,629,0.04537524843506431,0.04635100097382444,0.0009757525387601301,True,20260911,4,1000
LN-near-degenerate,LN,0.03,3.0,630,0.06292933591171457,0.04890205326409461,-0.01402728264761996,False,20260911,4,1000
LN-near-degenerate,LN,0.03,3.0,631,0.05012189855898043,0.05027749408730633,0.00015559552832589835,True,20260911,4,1000
LN-near-degenerate,LN,0.03,3.0,632,0.05672655886720177,0.049143268214434585,-0.007583290652767187,False,20260911,4,1000
LN-near-degenerate,LN,0.03,3.0,633,0.05582610738575352,0.0677551261042486,0.011929018718495076,True,20260911,4,1000
LN-near-degenerate,LN,0.03,3.0,634,0.05311823567947549,0.05872388611491729,0.005605650435441797,True,20260911,4,1000
LN-near-degenerate,LN,0.03,3.0,635,0.04700928437386476,0.044508891922523205,-0.0025003924513415515,False,20260911,4,1000
LN-near-degenerate,LN,0.03,3.0,636,0.04621074008410333,0.049319419036450506,0.003108678952347177,True,20260911,4,1000
LN-near-degenerate,LN,0.03,3.0,637,0.045951495175163705,0.044169069987947354,-0.0017824251872163507,False,20260911,4,1000
LN-near-degenerate,LN,0.03,3.0,638,0.06303101715810563,0.06075342206754717,-0.002277595090558464,False,20260911,4,1000
LN-near-degenerate,LN,0.03,3.0,639,0.05680811249180463,0.05449273258791166,-0.0023153799038929737,False,20260911,4,1000
LN-near-degenerate,LN,0.03,3.0,640,0.06474755642424271,0.056882284799576986,-0.007865271624665722,False,20260911,4,1000
LN-near-degenerate,LN,0.03,3.0,641,0.053150286817322874,0.062054619564074126,0.008904332746751252,True,20260911,4,1000
LN-near-degenerate,LN,0.03,3.0,642,0.06014625888857674,0.058849690881917334,-0.001296568006659407,False,20260911,4,1000
LN-near-degenerate,LN,0.03,3.0,643,0.03965451340236712,0.042605456786544864,0.0029509433841777427,True,20260911,4,1000
LN-near-degenerate,LN,0.03,3.0,644,0.052757087556587694,0.04561702489083921,-0.007140062665748487,False,20260911,4,1000
LN-near-degenerate,LN,0.03,3.0,645,0.0701731041456931,0.06646909063032475,-0.0037040135153683512,False,20260911,4,1000
LN-near-degenerate,LN,0.03,3.0,646,0.052702103904704964,0.051177012210874534,-0.0015250916938304299,False,20260911,4,1000
LN-near-degenerate,LN,0.03,3.0,647,0.059983143216182984,0.06888397445779257,0.008900831241609584,True,20260911,4,1000
LN-near-degenerate,LN,0.03,3.0,648,0.05106906345637049,0.0863338228295591,0.03526475937318862,True,20260911,4,1000
LN-near-degenerate,LN,0.03,3.0,649,0.05099626608952992,0.057843543077273345,0.006847276987743428,True,20260911,4,1000
LN-near-degenerate,LN,0.03,3.0,650,0.055384803223028224,0.0623042766329134,0.006919473409885177,True,20260911,4,1000
LN-near-degenerate,LN,0.03,3.0,651,0.05225828341688417,0.04886618724126198,-0.0033920961756221876,False,20260911,4,1000
LN-near-degenerate,LN,0.03,3.0,652,0.048827506665242784,0.047964312389349555,-0.0008631942758932296,False,20260911,4,1000
LN-near-degenerate,LN,0.03,3.0,653,0.04482287726891594,0.043765797471371645,-0.001057079797544297,False,20260911,4,1000
LN-near-degenerate,LN,0.03,3.0,654,0.057262201194294364,0.054542070929378836,-0.002720130264915528,False,20260911,4,1000
LN-near-degenerate,LN,0.03,3.0,655,0.06323583542012082,0.053848838407869366,-0.009386997012251451,False,20260911,4,1000
LN-near-degenerate,LN,0.03,3.0,656,0.06074001473953242,0.06166991894904479,0.000929904209512368,True,20260911,4,1000
LN-near-degenerate,LN,0.03,3.0,657,0.0476742826260583,0.06284364155824448,0.015169358932186183,True,20260911,4,1000
LN-near-degenerate,LN,0.03,3.0,658,0.046487861839060195,0.05032573877652393,0.0038378769374637356,True,20260911,4,1000
LN-near-degenerate,LN,0.03,3.0,659,0.04932013782247022,0.050550316489272946,0.0012301786668027295,True,20260911,4,1000
LN-near-degenerate,LN,0.03,3.0,660,0.055156928317830374,0.058391929907271094,0.0032350015894407197,True,20260911,4,1000
LN-near-degenerate,LN,0.03,3.0,661,0.050895284218698156,0.04709712544007902,-0.0037981587786191373,False,20260911,4,1000
LN-near-degenerate,LN,0.03,3.0,662,0.053925998629743406,0.051133460555485684,-0.002792538074257722,False,20260911,4,1000
LN-near-degenerate,LN,0.03,3.0,663,0.05441132424301174,0.060239177347630825,0.005827853104619085,True,20260911,4,1000
LN-near-degenerate,LN,0.03,3.0,664,0.06345206266606752,0.06548046608740686,0.0020284034213393365,True,20260911,4,1000
LN-near-degenerate,LN,0.03,3.0,665,0.043946141000454,0.0446647016120247,0.0007185606115707038,True,20260911,4,1000
LN-near-degenerate,LN,0.03,3.0,666,0.04546543187080183,0.06833934458161496,0.022873912710813134,True,20260911,4,1000
LN-near-degenerate,LN,0.03,3.0,667,0.06319537266907044,0.07020078014299687,0.007005407473926431,True,20260911,4,1000
LN-near-degenerate,LN,0.03,3.0,668,0.04806093619416801,0.04570475354535487,-0.0023561826488131335,False,20260911,4,1000
LN-near-degenerate,LN,0.03,3.0,669,0.06814010992771573,0.06534340552160185,-0.0027967044061138757,False,20260911,4,1000
LN-near-degenerate,LN,0.03,3.0,670,0.054552508651274124,0.06190846646108596,0.007355957809811839,True,20260911,4,1000
LN-near-degenerate,LN,0.03,3.0,671,0.07608281741457798,0.05896542427631019,-0.017117393138267788,False,20260911,4,1000
LN-near-degenerate,LN,0.03,3.0,672,0.042520113477158034,0.042180681489870954,-0.00033943198728707963,False,20260911,4,1000
LN-near-degenerate,LN,0.03,3.0,673,0.04911122033757707,0.05771858987906701,0.00860736954148994,True,20260911,4,1000
LN-near-degenerate,LN,0.03,3.0,674,0.06405586722021943,0.0771299889958193,0.01307412177559987,True,20260911,4,1000
LN-near-degenerate,LN,0.03,3.0,675,0.042095982307564075,0.0433474177656069,0.001251435458042828,True,20260911,4,1000
LN-near-degenerate,LN,0.03,3.0,676,0.04072758905746651,0.042003711202077625,0.0012761221446111123,True,20260911,4,1000
LN-near-degenerate,LN,0.03,3.0,677,0.06158880521205782,0.06198977500817321,0.0004009697961153899,True,20260911,4,1000
LN-near-degenerate,LN,0.03,3.0,678,0.04726383885666852,0.051042705467885155,0.0037788666112166316,True,20260911,4,1000
LN-near-degenerate,LN,0.03,3.0,679,0.04847316759250655,0.05262521877395095,0.004152051181444405,True,20260911,4,1000
LN-near-degenerate,LN,0.03,3.0,680,0.04063401057223581,0.04291623962065355,0.0022822290484177388,True,20260911,4,1000
LN-near-degenerate,LN,0.03,3.0,681,0.05622479868765452,0.0660939751654407,0.009869176477786179,True,20260911,4,1000
LN-near-degenerate,LN,0.03,3.0,682,0.04480354896461475,0.0469122119031643,0.0021086629385495548,True,20260911,4,1000
LN-near-degenerate,LN,0.03,3.0,683,0.04659379739770167,0.05087834799026282,0.004284550592561151,True,20260911,4,1000
LN-near-degenerate,LN,0.03,3.0,684,0.05629403654345182,0.05549152138049794,-0.0008025151629538763,False,20260911,4,1000
LN-near-degenerate,LN,0.03,3.0,685,0.06207365031660729,0.052327006237563985,-0.009746644079043305,False,20260911,4,1000
LN-near-degenerate,LN,0.03,3.0,686,0.042450746067521535,0.04319766917206753,0.0007469231045459934,True,20260911,4,1000
LN-near-degenerate,LN,0.03,3.0,687,0.09473072134616788,0.08845591796329036,-0.006274803382877517,False,20260911,4,1000
LN-near-degenerate,LN,0.03,3.0,688,0.062194434483921715,0.06431303917623134,0.0021186046923096225,True,20260911,4,1000
LN-near-degenerate,LN,0.03,3.0,689,0.05815187199714687,0.05159685902313492,-0.006555012974011953,False,20260911,4,1000
LN-near-degenerate,LN,0.03,3.0,690,0.05140191429142979,0.06714170186698551,0.01573978757555572,True,20260911,4,1000
LN-near-degenerate,LN,0.03,3.0,691,0.057635753079640833,0.07829948178609399,0.020663728706453152,True,20260911,4,1000
LN-near-degenerate,LN,0.03,3.0,692,0.05238328274601866,0.05267811153300542,0.00029482878698675746,True,20260911,4,1000
LN-near-degenerate,LN,0.03,3.0,693,0.055012655252363964,0.0539076289944168,-0.0011050262579471656,False,20260911,4,1000
LN-near-degenerate,LN,0.03,3.0,694,0.06059134309773729,0.05843677837936846,-0.0021545647183688274,False,20260911,4,1000
LN-near-degenerate,LN,0.03,3.0,695,0.0483990191684742,0.05076703155902846,0.0023680123905542583,True,20260911,4,1000
LN-near-degenerate,LN,0.03,3.0,696,0.042353391621683174,0.04376002765471487,0.0014066360330316982,True,20260911,4,1000
LN-near-degenerate,LN,0.03,3.0,697,0.0562638325221732,0.05768298620079189,0.0014191536786186884,True,20260911,4,1000
LN-near-degenerate,LN,0.03,3.0,698,0.05742594030905939,0.06509251235497548,0.007666572045916094,True,20260911,4,1000
LN-near-degenerate,LN,0.03,3.0,699,0.09075302534062073,0.0775403941007416,-0.013212631239879133,False,20260911,4,1000
LN-near-degenerate,LN,0.03,3.0,700,0.05733478294989291,0.07691676579756077,0.019581982847667857,True,20260911,4,1000
LN-near-degenerate,LN,0.03,3.0,701,0.06308949458007376,0.046194494796933196,-0.016894999783140567,False,20260911,4,1000
LN-near-degenerate,LN,0.03,3.0,702,0.05119692293226348,0.04929665314604738,-0.0019002697862161022,False,20260911,4,1000
LN-near-degenerate,LN,0.03,3.0,703,0.05595294210839863,0.05264745961192405,-0.003305482496474582,False,20260911,4,1000
LN-near-degenerate,LN,0.03,3.0,704,0.057579916728164635,0.05913196038236391,0.001552043654199274,True,20260911,4,1000
LN-near-degenerate,LN,0.03,3.0,705,0.053354540450076995,0.05194721585648406,-0.0014073245935929332,False,20260911,4,1000
LN-near-degenerate,LN,0.03,3.0,706,0.0582603587558689,0.058388376311531875,0.00012801755566297507,True,20260911,4,1000
LN-near-degenerate,LN,0.03,3.0,707,0.05180388046406568,0.049285132648804894,-0.0025187478152607842,False,20260911,4,1000
LN-near-degenerate,LN,0.03,3.0,708,0.053309032660292945,0.05068573847519696,-0.0026232941850959854,False,20260911,4,1000
LN-near-degenerate,LN,0.03,3.0,709,0.04976668623717528,0.04769046339542147,-0.002076222841753808,False,20260911,4,1000
LN-near-degenerate,LN,0.03,3.0,710,0.05600497032189144,0.05340547771418614,-0.0025994926077052977,False,20260911,4,1000
LN-near-degenerate,LN,0.03,3.0,711,0.0648247350573264,0.04971225236434707,-0.01511248269297933,False,20260911,4,1000
LN-near-degenerate,LN,0.03,3.0,712,0.04536145640974399,0.06420109822456264,0.018839641814818654,True,20260911,4,1000
LN-near-degenerate,LN,0.03,3.0,713,0.05252947720403162,0.07412723506332541,0.02159775785929379,True,20260911,4,1000
LN-near-degenerate,LN,0.03,3.0,714,0.04571829691512206,0.04680760541595378,0.0010893085008317205,True,20260911,4,1000
LN-near-degenerate,LN,0.03,3.0,715,0.05213485962572938,0.055088714823610094,0.002953855197880717,True,20260911,4,1000
LN-near-degenerate,LN,0.03,3.0,716,0.048525227523343796,0.04767687722787871,-0.0008483502954650876,False,20260911,4,1000
LN-near-degenerate,LN,0.03,3.0,717,0.05100351566285437,0.05754269651293946,0.006539180850085091,True,20260911,4,1000
LN-near-degenerate,LN,0.03,3.0,718,0.056524874591944635,0.05352956333590675,-0.002995311256037886,False,20260911,4,1000
LN-near-degenerate,LN,0.03,3.0,719,0.0514815750412769,0.05753210765303405,0.006050532611757149,True,20260911,4,1000
LN-near-degenerate,LN,0.03,3.0,720,0.04799806715568773,0.046532824504404234,-0.001465242651283498,False,20260911,4,1000
LN-near-degenerate,LN,0.03,3.0,721,0.04629833682311957,0.047320524145722194,0.001022187322602626,True,20260911,4,1000
LN-near-degenerate,LN,0.03,3.0,722,0.053431526329678125,0.08834819516075032,0.034916668831072195,True,20260911,4,1000
LN-near-degenerate,LN,0.03,3.0,723,0.04000424730489216,0.040562090848228594,0.0005578435433364337,True,20260911,4,1000
LN-near-degenerate,LN,0.03,3.0,724,0.06633853483454615,0.0724698461773188,0.006131311342772658,True,20260911,4,1000
LN-near-degenerate,LN,0.03,3.0,725,0.06430850961135541,0.04759598903149921,-0.0167125205798562,False,20260911,4,1000
LN-near-degenerate,LN,0.03,3.0,726,0.04175892153023249,0.04194014238855968,0.00018122085832718987,True,20260911,4,1000
LN-near-degenerate,LN,0.03,3.0,727,0.052257386607403894,0.0533367718200454,0.0010793852126415038,True,20260911,4,1000
LN-near-degenerate,LN,0.03,3.0,728,0.06281850725637958,0.05435415584957547,-0.008464351406804113,False,20260911,4,1000
LN-near-degenerate,LN,0.03,3.0,729,0.07724844441743274,0.07284567414135583,-0.004402770276076912,False,20260911,4,1000
LN-near-degenerate,LN,0.03,3.0,730,0.051984145977864625,0.058576194808264405,0.00659204883039978,True,20260911,4,1000
LN-near-degenerate,LN,0.03,3.0,731,0.05508030715697854,0.05807894693770848,0.0029986397807299364,True,20260911,4,1000
LN-near-degenerate,LN,0.03,3.0,732,0.04823813162216706,0.05191951031626375,0.003681378694096696,True,20260911,4,1000
LN-near-degenerate,LN,0.03,3.0,733,0.07427135550831987,0.08316308142538342,0.008891725917063553,True,20260911,4,1000
LN-near-degenerate,LN,0.03,3.0,734,0.0554964776126198,0.05511745337352902,-0.00037902423909078053,False,20260911,4,1000
LN-near-degenerate,LN,0.03,3.0,735,0.0536294135087558,0.06100284521375593,0.0073734317050001275,True,20260911,4,1000
LN-near-degenerate,LN,0.03,3.0,736,0.056412482039006014,0.04778015562226559,-0.008632326416740423,False,20260911,4,1000
LN-near-degenerate,LN,0.03,3.0,737,0.04813153373609892,0.050584505405766325,0.002452971669667403,True,20260911,4,1000
LN-near-degenerate,LN,0.03,3.0,738,0.05689635560362145,0.05368330539279593,-0.0032130502108255188,False,20260911,4,1000
LN-near-degenerate,LN,0.03,3.0,739,0.06991769015535468,0.0723118716491092,0.0023941814937545186,True,20260911,4,1000
LN-near-degenerate,LN,0.03,3.0,740,0.04227922676469436,0.04305675696190823,0.0007775301972138687,True,20260911,4,1000
LN-near-degenerate,LN,0.03,3.0,741,0.05102359321419181,0.04868573560727577,-0.002337857606916037,False,20260911,4,1000
LN-near-degenerate,LN,0.03,3.0,742,0.04192439306875197,0.043461580288068374,0.0015371872193164077,True,20260911,4,1000
LN-near-degenerate,LN,0.03,3.0,743,0.049830930450957774,0.06027896759248766,0.010448037141529885,True,20260911,4,1000
LN-near-degenerate,LN,0.03,3.0,744,0.048414108350987015,0.04691494358347321,-0.0014991647675138067,False,20260911,4,1000
LN-near-degenerate,LN,0.03,3.0,745,0.053039474748474376,0.050548950593254094,-0.002490524155220282,False,20260911,4,1000
LN-near-degenerate,LN,0.03,3.0,746,0.044075813924989674,0.044689673586157934,0.0006138596611682604,True,20260911,4,1000
LN-near-degenerate,LN,0.03,3.0,747,0.05317912329148743,0.050750183602664437,-0.0024289396888229967,False,20260911,4,1000
LN-near-degenerate,LN,0.03,3.0,748,0.04874298957226796,0.04515283896335904,-0.0035901506089089236,False,20260911,4,1000
LN-near-degenerate,LN,0.03,3.0,749,0.04353101522611899,0.046136216316648666,0.0026052010905296755,True,20260911,4,1000
LN-near-degenerate,LN,0.03,3.0,750,0.0589754068324022,0.04572368038357167,-0.013251726448830527,False,20260911,4,1000
LN-near-degenerate,LN,0.03,3.0,751,0.07589398458312958,0.06581554646159049,-0.010078438121539093,False,20260911,4,1000
LN-near-degenerate,LN,0.03,3.0,752,0.07353581679166393,0.07429956393043792,0.0007637471387739875,True,20260911,4,1000
LN-near-degenerate,LN,0.03,3.0,753,0.04608951400507788,0.04400985648114026,-0.002079657523937621,False,20260911,4,1000
LN-near-degenerate,LN,0.03,3.0,754,0.05431607935842752,0.047233144327058926,-0.007082935031368594,False,20260911,4,1000
LN-near-degenerate,LN,0.03,3.0,755,0.04342748843023224,0.04708847309563146,0.003660984665399221,True,20260911,4,1000
LN-near-degenerate,LN,0.03,3.0,756,0.047398874979371536,0.0466100374675563,-0.0007888375118152366,False,20260911,4,1000
LN-near-degenerate,LN,0.03,3.0,757,0.05672922974937728,0.04632586796524381,-0.010403361784133473,False,20260911,4,1000
LN-near-degenerate,LN,0.03,3.0,758,0.05438758389219928,0.051376918673226066,-0.003010665218973217,False,20260911,4,1000
LN-near-degenerate,LN,0.03,3.0,759,0.06386594894146923,0.07198430053155538,0.008118351590086156,True,20260911,4,1000
LN-near-degenerate,LN,0.03,3.0,760,0.05908031011259946,0.05593697815237304,-0.0031433319602264184,False,20260911,4,1000
LN-near-degenerate,LN,0.03,3.0,761,0.04357504340565715,0.04558523484247821,0.00201019143682106,True,20260911,4,1000
LN-near-degenerate,LN,0.03,3.0,762,0.0504177570432922,0.053911199540157426,0.003493442496865229,True,20260911,4,1000
LN-near-degenerate,LN,0.03,3.0,763,0.06456615211692722,0.06131912338993139,-0.0032470287269958306,False,20260911,4,1000
LN-near-degenerate,LN,0.03,3.0,764,0.043403577013798426,0.042914908752192234,-0.0004886682616061927,False,20260911,4,1000
LN-near-degenerate,LN,0.03,3.0,765,0.054252325417167145,0.06076483603913899,0.006512510621971848,True,20260911,4,1000
LN-near-degenerate,LN,0.03,3.0,766,0.04717730416726004,0.04818863712620323,0.0010113329589431855,True,20260911,4,1000
LN-near-degenerate,LN,0.03,3.0,767,0.04905817648869314,0.046598413129745865,-0.0024597633589472784,False,20260911,4,1000
LN-near-degenerate,LN,0.03,3.0,768,0.06515986911767112,0.07184684725248959,0.006686978134818472,True,20260911,4,1000
LN-near-degenerate,LN,0.03,3.0,769,0.044050774073485496,0.045232245390423614,0.001181471316938118,True,20260911,4,1000
LN-near-degenerate,LN,0.03,3.0,770,0.07736069344403625,0.07254781730907044,-0.00481287613496581,False,20260911,4,1000
LN-near-degenerate,LN,0.03,3.0,771,0.056354830583562936,0.047195744644915695,-0.00915908593864724,False,20260911,4,1000
LN-near-degenerate,LN,0.03,3.0,772,0.05448273750715244,0.08794345276585946,0.03346071525870702,True,20260911,4,1000
LN-near-degenerate,LN,0.03,3.0,773,0.0548304700626295,0.056031732745726336,0.0012012626830968376,True,20260911,4,1000
LN-near-degenerate,LN,0.03,3.0,774,0.0672659477217652,0.08071578234510998,0.013449834623344786,True,20260911,4,1000
LN-near-degenerate,LN,0.03,3.0,775,0.04516066627965928,0.04759198743540551,0.0024313211557462355,True,20260911,4,1000
LN-near-degenerate,LN,0.03,3.0,776,0.055832722448030336,0.06511041979439111,0.009277697346360775,True,20260911,4,1000
LN-near-degenerate,LN,0.03,3.0,777,0.07919933914907566,0.08404156357350481,0.004842224424429151,True,20260911,4,1000
LN-near-degenerate,LN,0.03,3.0,778,0.044623411369343814,0.0701603765344598,0.025536965165115992,True,20260911,4,1000
LN-near-degenerate,LN,0.03,3.0,779,0.05601828361769044,0.053567966815817644,-0.0024503168018727983,False,20260911,4,1000
LN-near-degenerate,LN,0.03,3.0,780,0.04963809057985209,0.06279625594548002,0.01315816536562793,True,20260911,4,1000
LN-near-degenerate,LN,0.03,3.0,781,0.041427510642987116,0.04353152025792242,0.002104009614935301,True,20260911,4,1000
LN-near-degenerate,LN,0.03,3.0,782,0.05145009647252281,0.058771275588986864,0.007321179116464051,True,20260911,4,1000
LN-near-degenerate,LN,0.03,3.0,783,0.04876971866931844,0.051148471665183805,0.002378752995865367,True,20260911,4,1000
LN-near-degenerate,LN,0.03,3.0,784,0.06906787857891561,0.0722512841727615,0.0031834055938458894,True,20260911,4,1000
LN-near-degenerate,LN,0.03,3.0,785,0.054907805787624914,0.06309061514893015,0.008182809361305235,True,20260911,4,1000
LN-near-degenerate,LN,0.03,3.0,786,0.0638539072475539,0.07316134582124241,0.009307438573688515,True,20260911,4,1000
LN-near-degenerate,LN,0.03,3.0,787,0.045271646551081735,0.051857573263631745,0.006585926712550011,True,20260911,4,1000
LN-near-degenerate,LN,0.03,3.0,788,0.07403347176399473,0.07054770533770106,-0.0034857664262936683,False,20260911,4,1000
LN-near-degenerate,LN,0.03,3.0,789,0.054341864195938394,0.051926814430547016,-0.0024150497653913777,False,20260911,4,1000
LN-near-degenerate,LN,0.03,3.0,790,0.056046764543331025,0.05245235355993786,-0.0035944109833931648,False,20260911,4,1000
LN-near-degenerate,LN,0.03,3.0,791,0.05081888598747761,0.06400315398865362,0.013184268001176017,True,20260911,4,1000
LN-near-degenerate,LN,0.03,3.0,792,0.05232792983112346,0.056664756485881373,0.0043368266547579165,True,20260911,4,1000
LN-near-degenerate,LN,0.03,3.0,793,0.04359079357819113,0.04399140018455477,0.00040060660636363765,True,20260911,4,1000
LN-near-degenerate,LN,0.03,3.0,794,0.06472855839046991,0.06189800253768349,-0.0028305558527864233,False,20260911,4,1000
LN-near-degenerate,LN,0.03,3.0,795,0.05570924818255515,0.05349786579827258,-0.002211382384282569,False,20260911,4,1000
LN-near-degenerate,LN,0.03,3.0,796,0.04231887033264329,0.04328656107864527,0.0009676907460019826,True,20260911,4,1000
LN-near-degenerate,LN,0.03,3.0,797,0.0703638450771271,0.08163246875133766,0.011268623674210554,True,20260911,4,1000
LN-near-degenerate,LN,0.03,3.0,798,0.048944879239270496,0.05468717272637598,0.005742293487105483,True,20260911,4,1000
LN-near-degenerate,LN,0.03,3.0,799,0.05588000761189162,0.05923921605721033,0.003359208445318708,True,20260911,4,1000
LN-near-degenerate,LN,0.03,3.0,800,0.05902956042074157,0.07556087847645127,0.016531318055709697,True,20260911,4,1000
LN-near-degenerate,LN,0.03,3.0,801,0.04554785278576185,0.04946950758834508,0.003921654802583226,True,20260911,4,1000
LN-near-degenerate,LN,0.03,3.0,802,0.06134326493819125,0.07078364341174209,0.009440378473550844,True,20260911,4,1000
LN-near-degenerate,LN,0.03,3.0,803,0.04611997064148978,0.0448649685772069,-0.0012550020642828827,False,20260911,4,1000
LN-near-degenerate,LN,0.03,3.0,804,0.048906260947984295,0.04597455442360456,-0.0029317065243797333,False,20260911,4,1000
LN-near-degenerate,LN,0.03,3.0,805,0.042259356149765975,0.04350447717448601,0.0012451210247200334,True,20260911,4,1000
LN-near-degenerate,LN,0.03,3.0,806,0.056476874328723094,0.06473538731265499,0.008258512983931897,True,20260911,4,1000
LN-near-degenerate,LN,0.03,3.0,807,0.055350313167864935,0.05380221267871511,-0.0015481004891498285,False,20260911,4,1000
LN-near-degenerate,LN,0.03,3.0,808,0.0572608802891434,0.053499691885980846,-0.0037611884031625506,False,20260911,4,1000
LN-near-degenerate,LN,0.03,3.0,809,0.06675721092505967,0.062047076825195384,-0.004710134099864281,False,20260911,4,1000
LN-near-degenerate,LN,0.03,3.0,810,0.05258470176586768,0.050948030303297906,-0.0016366714625697734,False,20260911,4,1000
LN-near-degenerate,LN,0.03,3.0,811,0.06406151478784684,0.07519613932451706,0.011134624536670218,True,20260911,4,1000
LN-near-degenerate,LN,0.03,3.0,812,0.06589212286848332,0.04921922802251889,-0.01667289484596443,False,20260911,4,1000
LN-near-degenerate,LN,0.03,3.0,813,0.08018160012745079,0.08928995757544773,0.009108357447996943,True,20260911,4,1000
LN-near-degenerate,LN,0.03,3.0,814,0.04323577477873574,0.043389219364063654,0.00015344458532791372,True,20260911,4,1000
LN-near-degenerate,LN,0.03,3.0,815,0.053230974160432376,0.06252918545535822,0.009298211294925848,True,20260911,4,1000
LN-near-degenerate,LN,0.03,3.0,816,0.045083297190175606,0.04628694351868909,0.001203646328513483,True,20260911,4,1000
LN-near-degenerate,LN,0.03,3.0,817,0.051544801339380227,0.05374744347122967,0.0022026421318494457,True,20260911,4,1000
LN-near-degenerate,LN,0.03,3.0,818,0.04748424950340993,0.0667603371377671,0.019276087634357175,True,20260911,4,1000
LN-near-degenerate,LN,0.03,3.0,819,0.05486250001359594,0.05506193434863021,0.0001994343350342695,True,20260911,4,1000
LN-near-degenerate,LN,0.03,3.0,820,0.04259029702321978,0.044293938939927016,0.0017036419167072367,True,20260911,4,1000
LN-near-degenerate,LN,0.03,3.0,821,0.05773864454826656,0.053740624238619326,-0.003998020309647236,False,20260911,4,1000
LN-near-degenerate,LN,0.03,3.0,822,0.05445774172951504,0.05584041199000198,0.00138267026048694,True,20260911,4,1000
LN-near-degenerate,LN,0.03,3.0,823,0.0493209967311157,0.05299481830977817,0.003673821578662466,True,20260911,4,1000
LN-near-degenerate,LN,0.03,3.0,824,0.04214892044693184,0.04430653324543786,0.0021576127985060214,True,20260911,4,1000
LN-near-degenerate,LN,0.03,3.0,825,0.05976920915144077,0.07173648897478495,0.011967279823344175,True,20260911,4,1000
LN-near-degenerate,LN,0.03,3.0,826,0.042685598165623576,0.04430496530495515,0.0016193671393315776,True,20260911,4,1000
LN-near-degenerate,LN,0.03,3.0,827,0.04988340347389838,0.07630409532340246,0.02642069184950408,True,20260911,4,1000
LN-near-degenerate,LN,0.03,3.0,828,0.04774417543948647,0.0534660090159637,0.00572183357647723,True,20260911,4,1000
LN-near-degenerate,LN,0.03,3.0,829,0.044383148736663845,0.04294089293820328,-0.001442255798460565,False,20260911,4,1000
LN-near-degenerate,LN,0.03,3.0,830,0.04967533344360973,0.05069889745455893,0.0010235640109492045,True,20260911,4,1000
LN-near-degenerate,LN,0.03,3.0,831,0.04185588042361158,0.04104821677715641,-0.0008076636464551742,False,20260911,4,1000
LN-near-degenerate,LN,0.03,3.0,832,0.05318941977973061,0.06059885386496382,0.007409434085233209,True,20260911,4,1000
LN-near-degenerate,LN,0.03,3.0,833,0.05405935998855119,0.059800175368338544,0.005740815379787358,True,20260911,4,1000
LN-near-degenerate,LN,0.03,3.0,834,0.046103589566165885,0.04417959201385445,-0.0019239975523114364,False,20260911,4,1000
LN-near-degenerate,LN,0.03,3.0,835,0.07242638469840353,0.0687786478066297,-0.00364773689177382,False,20260911,4,1000
LN-near-degenerate,LN,0.03,3.0,836,0.04394461439695517,0.04716100744428175,0.003216393047326578,True,20260911,4,1000
LN-near-degenerate,LN,0.03,3.0,837,0.061375818703958945,0.06656284258122067,0.0051870238772617205,True,20260911,4,1000
LN-near-degenerate,LN,0.03,3.0,838,0.05079738815221965,0.08301079657469022,0.03221340842247057,True,20260911,4,1000
LN-near-degenerate,LN,0.03,3.0,839,0.04556990372898663,0.04458454233442606,-0.0009853613945605688,False,20260911,4,1000
LN-near-degenerate,LN,0.03,3.0,840,0.04209493691121886,0.044666658337874324,0.002571721426655467,True,20260911,4,1000
LN-near-degenerate,LN,0.03,3.0,841,0.055449028845630514,0.05327277233097974,-0.002176256514650775,False,20260911,4,1000
LN-near-degenerate,LN,0.03,3.0,842,0.049007385347488205,0.049025076676899454,1.7691329411248513e-05,True,20260911,4,1000
LN-near-degenerate,LN,0.03,3.0,843,0.06173245214986016,0.05529089790644702,-0.006441554243413139,False,20260911,4,1000
LN-near-degenerate,LN,0.03,3.0,844,0.06574797320840023,0.06790653578618674,0.002158562577786516,True,20260911,4,1000
LN-near-degenerate,LN,0.03,3.0,845,0.04327002323549389,0.045330707967862,0.002060684732368104,True,20260911,4,1000
LN-near-degenerate,LN,0.03,3.0,846,0.05697575692709728,0.057667137793919986,0.0006913808668227023,True,20260911,4,1000
LN-near-degenerate,LN,0.03,3.0,847,0.04286777716931469,0.04393829230350673,0.0010705151341920405,True,20260911,4,1000
LN-near-degenerate,LN,0.03,3.0,848,0.05240175436973162,0.05184679238442145,-0.0005549619853101734,False,20260911,4,1000
LN-near-degenerate,LN,0.03,3.0,849,0.06516772265542004,0.06670839494070438,0.0015406722852843446,True,20260911,4,1000
LN-near-degenerate,LN,0.03,3.0,850,0.061339153434552915,0.07179658211871356,0.01045742868416065,True,20260911,4,1000
LN-near-degenerate,LN,0.03,3.0,851,0.05368076733046617,0.04838708516389388,-0.005293682166572292,False,20260911,4,1000
LN-near-degenerate,LN,0.03,3.0,852,0.057420569647503764,0.050837012691352164,-0.0065835569561516,False,20260911,4,1000
LN-near-degenerate,LN,0.03,3.0,853,0.044641091656433964,0.045073229152840656,0.00043213749640669263,True,20260911,4,1000
LN-near-degenerate,LN,0.03,3.0,854,0.04908089828452878,0.05094517788193235,0.0018642795974035675,True,20260911,4,1000
LN-near-degenerate,LN,0.03,3.0,855,0.044523722421432675,0.0439788210081506,-0.0005449014132820756,False,20260911,4,1000
LN-near-degenerate,LN,0.03,3.0,856,0.0545452964190415,0.05255204471764605,-0.00199325170139545,False,20260911,4,1000
LN-near-degenerate,LN,0.03,3.0,857,0.05067628706145302,0.043204224376703314,-0.007472062684749703,False,20260911,4,1000
LN-near-degenerate,LN,0.03,3.0,858,0.06664042973396928,0.0534068662243562,-0.013233563509613078,False,20260911,4,1000
LN-near-degenerate,LN,0.03,3.0,859,0.04887279847898741,0.05078300825913418,0.0019102097801467696,True,20260911,4,1000
LN-near-degenerate,LN,0.03,3.0,860,0.06513675430458636,0.04589959951417997,-0.019237154790406392,False,20260911,4,1000
LN-near-degenerate,LN,0.03,3.0,861,0.05237158204298868,0.047243064829191,-0.00512851721379768,False,20260911,4,1000
LN-near-degenerate,LN,0.03,3.0,862,0.04414572555295914,0.0450097131154965,0.0008639875625373605,True,20260911,4,1000
LN-near-degenerate,LN,0.03,3.0,863,0.06748129183327138,0.07743228235062391,0.009950990517352529,True,20260911,4,1000
LN-near-degenerate,LN,0.03,3.0,864,0.047665704402394135,0.05175263615693296,0.004086931754538822,True,20260911,4,1000
LN-near-degenerate,LN,0.03,3.0,865,0.05725727370290926,0.05472331642804654,-0.002533957274862726,False,20260911,4,1000
LN-near-degenerate,LN,0.03,3.0,866,0.05471568584408378,0.052169474936377344,-0.002546210907706438,False,20260911,4,1000
LN-near-degenerate,LN,0.03,3.0,867,0.04721805499957817,0.04755792584831693,0.0003398708487387589,True,20260911,4,1000
LN-near-degenerate,LN,0.03,3.0,868,0.05128208369322348,0.047289073844219924,-0.003993009849003554,False,20260911,4,1000
LN-near-degenerate,LN,0.03,3.0,869,0.05002871158213145,0.04794044860498693,-0.0020882629771445185,False,20260911,4,1000
LN-near-degenerate,LN,0.03,3.0,870,0.05351340002870789,0.062366048292855664,0.00885264826414777,True,20260911,4,1000
LN-near-degenerate,LN,0.03,3.0,871,0.044042719505710454,0.0435430675384764,-0.0004996519672340535,False,20260911,4,1000
LN-near-degenerate,LN,0.03,3.0,872,0.043758510724092245,0.047275794127329795,0.0035172834032375505,True,20260911,4,1000
LN-near-degenerate,LN,0.03,3.0,873,0.050954750361743406,0.06738891453929652,0.016434164177553112,True,20260911,4,1000
LN-near-degenerate,LN,0.03,3.0,874,0.042301525121037326,0.047184669136841266,0.0048831440158039405,True,20260911,4,1000
LN-near-degenerate,LN,0.03,3.0,875,0.05952968200418775,0.06967126781775769,0.010141585813569942,True,20260911,4,1000
LN-near-degenerate,LN,0.03,3.0,876,0.06991481616770448,0.06263409459833227,-0.007280721569372206,False,20260911,4,1000
LN-near-degenerate,LN,0.03,3.0,877,0.04872205710867202,0.04789688753042854,-0.0008251695782434815,False,20260911,4,1000
LN-near-degenerate,LN,0.03,3.0,878,0.06757105646725793,0.052822621064869235,-0.014748435402388696,False,20260911,4,1000
LN-near-degenerate,LN,0.03,3.0,879,0.06219542616313565,0.08183813914194125,0.019642712978805606,True,20260911,4,1000
LN-near-degenerate,LN,0.03,3.0,880,0.05602880612883369,0.04766321283332733,-0.00836559329550636,False,20260911,4,1000
LN-near-degenerate,LN,0.03,3.0,881,0.05375042116556258,0.05498785930155799,0.0012374381359954098,True,20260911,4,1000
LN-near-degenerate,LN,0.03,3.0,882,0.054404253241974745,0.04628685609425472,-0.008117397147720022,False,20260911,4,1000
LN-near-degenerate,LN,0.03,3.0,883,0.042296540658534575,0.04309385308415039,0.0007973124256158148,True,20260911,4,1000
LN-near-degenerate,LN,0.03,3.0,884,0.05096747614019054,0.057308240901678624,0.006340764761488087,True,20260911,4,1000
LN-near-degenerate,LN,0.03,3.0,885,0.06749433374945132,0.06466097088971896,-0.0028333628597323607,False,20260911,4,1000
LN-near-degenerate,LN,0.03,3.0,886,0.06913160376898592,0.0643545428880529,-0.004777060880933021,False,20260911,4,1000
LN-near-degenerate,LN,0.03,3.0,887,0.04541505039070384,0.04438738557438463,-0.0010276648163192112,False,20260911,4,1000
LN-near-degenerate,LN,0.03,3.0,888,0.04786796793099629,0.049636073369449606,0.0017681054384533143,True,20260911,4,1000
LN-near-degenerate,LN,0.03,3.0,889,0.054981863658562745,0.04595449922351916,-0.009027364435043587,False,20260911,4,1000
LN-near-degenerate,LN,0.03,3.0,890,0.051422744212758865,0.05237065298494213,0.000947908772183266,True,20260911,4,1000
LN-near-degenerate,LN,0.03,3.0,891,0.04956194241665387,0.04669727133867893,-0.002864671077974938,False,20260911,4,1000
LN-near-degenerate,LN,0.03,3.0,892,0.043780424010785225,0.04722019959348717,0.0034397755827019413,True,20260911,4,1000
LN-near-degenerate,LN,0.03,3.0,893,0.05886446949146091,0.05640972940273361,-0.0024547400887273,False,20260911,4,1000
LN-near-degenerate,LN,0.03,3.0,894,0.0504560406599613,0.05602061300992828,0.005564572349966976,True,20260911,4,1000
LN-near-degenerate,LN,0.03,3.0,895,0.04894258451214762,0.046205550167861674,-0.0027370343442859463,False,20260911,4,1000
LN-near-degenerate,LN,0.03,3.0,896,0.04359312302248774,0.04456620392794296,0.0009730809054552189,True,20260911,4,1000
LN-near-degenerate,LN,0.03,3.0,897,0.04728835651301287,0.04723539060407353,-5.29659089393425e-05,False,20260911,4,1000
LN-near-degenerate,LN,0.03,3.0,898,0.0680283098848782,0.061822843093290426,-0.006205466791587767,False,20260911,4,1000
LN-near-degenerate,LN,0.03,3.0,899,0.04540513101982999,0.043857061952188095,-0.0015480690676418982,False,20260911,4,1000
LN-near-degenerate,LN,0.03,3.0,900,0.050433292113416565,0.06111259803830474,0.010679305924888173,True,20260911,4,1000
LN-near-degenerate,LN,0.03,3.0,901,0.042727700097497635,0.045625499840654664,0.0028977997431570285,True,20260911,4,1000
LN-near-degenerate,LN,0.03,3.0,902,0.0459672149604105,0.0480528749979539,0.002085660037543402,True,20260911,4,1000
LN-near-degenerate,LN,0.03,3.0,903,0.053234602749222724,0.05043601451914185,-0.0027985882300808756,False,20260911,4,1000
LN-near-degenerate,LN,0.03,3.0,904,0.06440443831688061,0.06811926434787396,0.003714826030993351,True,20260911,4,1000
LN-near-degenerate,LN,0.03,3.0,905,0.04609679438688534,0.045122081991607714,-0.0009747123952776257,False,20260911,4,1000
LN-near-degenerate,LN,0.03,3.0,906,0.06868994625420985,0.05610888767019427,-0.012581058584015578,False,20260911,4,1000
LN-near-degenerate,LN,0.03,3.0,907,0.055371102003528655,0.052034399403406664,-0.0033367026001219907,False,20260911,4,1000
LN-near-degenerate,LN,0.03,3.0,908,0.04564510756706194,0.04415945971005922,-0.0014856478570027254,False,20260911,4,1000
LN-near-degenerate,LN,0.03,3.0,909,0.051536608119660404,0.05049977333437861,-0.0010368347852817913,False,20260911,4,1000
LN-near-degenerate,LN,0.03,3.0,910,0.05136720497571168,0.05961038106885606,0.008243176093144379,True,20260911,4,1000
LN-near-degenerate,LN,0.03,3.0,911,0.053445319703517666,0.05862019421490938,0.005174874511391717,True,20260911,4,1000
LN-near-degenerate,LN,0.03,3.0,912,0.06671566569684555,0.07214562884207633,0.005429963145230782,True,20260911,4,1000
LN-near-degenerate,LN,0.03,3.0,913,0.052358141439609096,0.04541021708806005,-0.006947924351549048,False,20260911,4,1000
LN-near-degenerate,LN,0.03,3.0,914,0.055201594661453385,0.05295785111449245,-0.0022437435469609343,False,20260911,4,1000
LN-near-degenerate,LN,0.03,3.0,915,0.04092553996316404,0.04240162500590728,0.0014760850427432415,True,20260911,4,1000
LN-near-degenerate,LN,0.03,3.0,916,0.05279791624675082,0.05144861110517593,-0.0013493051415748927,False,20260911,4,1000
LN-near-degenerate,LN,0.03,3.0,917,0.05177563827640403,0.05945265610893674,0.007677017832532711,True,20260911,4,1000
LN-near-degenerate,LN,0.03,3.0,918,0.05328783036117132,0.06163473920622176,0.00834690884505044,True,20260911,4,1000
LN-near-degenerate,LN,0.03,3.0,919,0.039641007784086336,0.040314237766134166,0.0006732299820478294,True,20260911,4,1000
LN-near-degenerate,LN,0.03,3.0,920,0.04553706527054863,0.0485307793769692,0.0029937141064205752,True,20260911,4,1000
LN-near-degenerate,LN,0.03,3.0,921,0.0558883023902693,0.05435265048675989,-0.0015356519035094052,False,20260911,4,1000
LN-near-degenerate,LN,0.03,3.0,922,0.07401450402334528,0.07055879735004714,-0.0034557066732981423,False,20260911,4,1000
LN-near-degenerate,LN,0.03,3.0,923,0.06907604784471515,0.06306372132755098,-0.006012326517164171,False,20260911,4,1000
LN-near-degenerate,LN,0.03,3.0,924,0.04327251907289143,0.044313096767978385,0.0010405776950869541,True,20260911,4,1000
LN-near-degenerate,LN,0.03,3.0,925,0.051804640307633695,0.04469176287717767,-0.0071128774304560285,False,20260911,4,1000
LN-near-degenerate,LN,0.03,3.0,926,0.05488590684364576,0.05215784281920881,-0.0027280640244369547,False,20260911,4,1000
LN-near-degenerate,LN,0.03,3.0,927,0.0551296138129403,0.06072639413196484,0.0055967803190245385,True,20260911,4,1000
LN-near-degenerate,LN,0.03,3.0,928,0.056533967105107934,0.04591913942466157,-0.010614827680446366,False,20260911,4,1000
LN-near-degenerate,LN,0.03,3.0,929,0.05396588669025424,0.04701721713216573,-0.0069486695580885105,False,20260911,4,1000
LN-near-degenerate,LN,0.03,3.0,930,0.04944943661256215,0.04921327795792037,-0.00023615865464178543,False,20260911,4,1000
LN-near-degenerate,LN,0.03,3.0,931,0.04531864262074195,0.08024047543087136,0.03492183281012941,True,20260911,4,1000
LN-near-degenerate,LN,0.03,3.0,932,0.04838972661044688,0.0507275615770434,0.002337834966596515,True,20260911,4,1000
LN-near-degenerate,LN,0.03,3.0,933,0.047525430421292376,0.04731771375132023,-0.00020771666997214389,False,20260911,4,1000
LN-near-degenerate,LN,0.03,3.0,934,0.045539232102410315,0.04516892407072987,-0.00037030803168044274,False,20260911,4,1000
LN-near-degenerate,LN,0.03,3.0,935,0.049597416233703104,0.053359284455412416,0.003761868221709312,True,20260911,4,1000
LN-near-degenerate,LN,0.03,3.0,936,0.05314842022634251,0.05753182313069245,0.004383402904349944,True,20260911,4,1000
LN-near-degenerate,LN,0.03,3.0,937,0.04388880980016206,0.04497749610669015,0.001088686306528086,True,20260911,4,1000
LN-near-degenerate,LN,0.03,3.0,938,0.05440137439062413,0.05030055032719833,-0.004100824063425802,False,20260911,4,1000
LN-near-degenerate,LN,0.03,3.0,939,0.049337660717595995,0.04397315350866355,-0.005364507208932445,False,20260911,4,1000
LN-near-degenerate,LN,0.03,3.0,940,0.058170969848269166,0.05552748601127468,-0.0026434838369944896,False,20260911,4,1000
LN-near-degenerate,LN,0.03,3.0,941,0.06358781826767722,0.06026256594620221,-0.003325252321475007,False,20260911,4,1000
LN-near-degenerate,LN,0.03,3.0,942,0.04784541089634344,0.04849064734652281,0.0006452364501793664,True,20260911,4,1000
LN-near-degenerate,LN,0.03,3.0,943,0.04733616338958486,0.04689207901076391,-0.00044408437882095114,False,20260911,4,1000
LN-near-degenerate,LN,0.03,3.0,944,0.05547407503218481,0.045028693191439706,-0.010445381840745102,False,20260911,4,1000
LN-near-degenerate,LN,0.03,3.0,945,0.044492408038398046,0.04959377975409755,0.005101371715699507,True,20260911,4,1000
LN-near-degenerate,LN,0.03,3.0,946,0.05090791025935435,0.049138975062952235,-0.001768935196402116,False,20260911,4,1000
LN-near-degenerate,LN,0.03,3.0,947,0.04378600053078183,0.04476500385380539,0.0009790033230235654,True,20260911,4,1000
LN-near-degenerate,LN,0.03,3.0,948,0.06098105152877107,0.059274867950125716,-0.0017061835786453539,False,20260911,4,1000
LN-near-degenerate,LN,0.03,3.0,949,0.04576740759608134,0.0735392735460371,0.027771865949955767,True,20260911,4,1000
LN-near-degenerate,LN,0.03,3.0,950,0.043064624341177575,0.04684282658445535,0.0037782022432777743,True,20260911,4,1000
LN-near-degenerate,LN,0.03,3.0,951,0.0535010627608343,0.049842594742047316,-0.003658468018786984,False,20260911,4,1000
LN-near-degenerate,LN,0.03,3.0,952,0.05162876969388194,0.046956549670223856,-0.004672220023658087,False,20260911,4,1000
LN-near-degenerate,LN,0.03,3.0,953,0.04215397285962231,0.04286614049533756,0.0007121676357152509,True,20260911,4,1000
LN-near-degenerate,LN,0.03,3.0,954,0.04676506474685274,0.0481524981731348,0.0013874334262820587,True,20260911,4,1000
LN-near-degenerate,LN,0.03,3.0,955,0.0480943216734532,0.049395795092554984,0.0013014734191017854,True,20260911,4,1000
LN-near-degenerate,LN,0.03,3.0,956,0.06620035421809811,0.06375139932357281,-0.0024489548945253042,False,20260911,4,1000
LN-near-degenerate,LN,0.03,3.0,957,0.07360841932456676,0.06933426087748469,-0.004274158447082066,False,20260911,4,1000
LN-near-degenerate,LN,0.03,3.0,958,0.06142248445911823,0.05440221136240826,-0.007020273096709967,False,20260911,4,1000
LN-near-degenerate,LN,0.03,3.0,959,0.04846147037618703,0.054522628364844325,0.0060611579886572925,True,20260911,4,1000
LN-near-degenerate,LN,0.03,3.0,960,0.06696354188595394,0.061090570994362076,-0.005872970891591861,False,20260911,4,1000
LN-near-degenerate,LN,0.03,3.0,961,0.051576913048538245,0.06320423389278468,0.011627320844246433,True,20260911,4,1000
LN-near-degenerate,LN,0.03,3.0,962,0.06824310938811369,0.05634522069015085,-0.011897888697962843,False,20260911,4,1000
LN-near-degenerate,LN,0.03,3.0,963,0.047242488740792364,0.05085614987138411,0.003613661130591743,True,20260911,4,1000
LN-near-degenerate,LN,0.03,3.0,964,0.050704771313215484,0.048793213993381185,-0.0019115573198342992,False,20260911,4,1000
LN-near-degenerate,LN,0.03,3.0,965,0.059870581770889435,0.06405999716901391,0.004189415398124473,True,20260911,4,1000
LN-near-degenerate,LN,0.03,3.0,966,0.07326138343848104,0.08355914296526712,0.010297759526786077,True,20260911,4,1000
LN-near-degenerate,LN,0.03,3.0,967,0.05584595717785759,0.054986222051590435,-0.0008597351262671568,False,20260911,4,1000
LN-near-degenerate,LN,0.03,3.0,968,0.05105874599968205,0.05941038426048645,0.0083516382608044,True,20260911,4,1000
LN-near-degenerate,LN,0.03,3.0,969,0.04512024846004659,0.04742286687367756,0.002302618413630969,True,20260911,4,1000
LN-near-degenerate,LN,0.03,3.0,970,0.050896182323727494,0.04825752729725932,-0.0026386550264681716,False,20260911,4,1000
LN-near-degenerate,LN,0.03,3.0,971,0.0559505576085266,0.06850432975066333,0.012553772142136724,True,20260911,4,1000
LN-near-degenerate,LN,0.03,3.0,972,0.057560068610139674,0.04757464412595185,-0.009985424484187821,False,20260911,4,1000
LN-near-degenerate,LN,0.03,3.0,973,0.04550165644542059,0.043637061378921316,-0.001864595066499275,False,20260911,4,1000
LN-near-degenerate,LN,0.03,3.0,974,0.06656351517075018,0.049399143557608265,-0.017164371613141917,False,20260911,4,1000
LN-near-degenerate,LN,0.03,3.0,975,0.06565226948611204,0.08388663549669609,0.01823436601058405,True,20260911,4,1000
LN-near-degenerate,LN,0.03,3.0,976,0.05407931111199527,0.04676151246693526,-0.007317798645060013,False,20260911,4,1000
LN-near-degenerate,LN,0.03,3.0,977,0.043802126526751986,0.04750713821565787,0.003705011688905885,True,20260911,4,1000
LN-near-degenerate,LN,0.03,3.0,978,0.05214378440844218,0.05198250420072204,-0.00016128020772013946,False,20260911,4,1000
LN-near-degenerate,LN,0.03,3.0,979,0.049024826507081724,0.07271078385375637,0.023685957346674648,True,20260911,4,1000
LN-near-degenerate,LN,0.03,3.0,980,0.04570121726075165,0.04500996826923676,-0.0006912489915148895,False,20260911,4,1000
LN-near-degenerate,LN,0.03,3.0,981,0.05133524577933288,0.04833029619132672,-0.0030049495880061575,False,20260911,4,1000
LN-near-degenerate,LN,0.03,3.0,982,0.049912083251409056,0.07269086568062916,0.0227787824292201,True,20260911,4,1000
LN-near-degenerate,LN,0.03,3.0,983,0.06285517843001236,0.060924225577922424,-0.001930952852089933,False,20260911,4,1000
LN-near-degenerate,LN,0.03,3.0,984,0.043127172544824365,0.0442213493631835,0.0010941768183591327,True,20260911,4,1000
LN-near-degenerate,LN,0.03,3.0,985,0.05121445925924009,0.06741574272947617,0.016201283470236083,True,20260911,4,1000
LN-near-degenerate,LN,0.03,3.0,986,0.04607388772587464,0.04244767279808943,-0.0036262149277852124,False,20260911,4,1000
LN-near-degenerate,LN,0.03,3.0,987,0.04528064671051462,0.05126700286015277,0.005986356149638147,True,20260911,4,1000
LN-near-degenerate,LN,0.03,3.0,988,0.06625677897389882,0.07188805149848594,0.0056312725245871165,True,20260911,4,1000
LN-near-degenerate,LN,0.03,3.0,989,0.043777551043497065,0.04224474710104842,-0.0015328039424486462,False,20260911,4,1000
LN-near-degenerate,LN,0.03,3.0,990,0.0473351932746851,0.0472828594395136,-5.233383517149609e-05,False,20260911,4,1000
LN-near-degenerate,LN,0.03,3.0,991,0.05389581610480416,0.05288388459724572,-0.0010119315075584404,False,20260911,4,1000
LN-near-degenerate,LN,0.03,3.0,992,0.041609326358645414,0.04253568802654834,0.000926361667902928,True,20260911,4,1000
LN-near-degenerate,LN,0.03,3.0,993,0.05937972647761784,0.052774629699423245,-0.006605096778194597,False,20260911,4,1000
LN-near-degenerate,LN,0.03,3.0,994,0.046088954459373464,0.0500028556205374,0.003913901161163934,True,20260911,4,1000
LN-near-degenerate,LN,0.03,3.0,995,0.04399006916767551,0.042632189940914264,-0.001357879226761248,False,20260911,4,1000
LN-near-degenerate,LN,0.03,3.0,996,0.05910449792506758,0.06033025492541294,0.0012257570003453636,True,20260911,4,1000
LN-near-degenerate,LN,0.03,3.0,997,0.05738320172703222,0.06667518299544734,0.009291981268415114,True,20260911,4,1000
LN-near-degenerate,LN,0.03,3.0,998,0.05270932219064135,0.051009000077353914,-0.001700322113287439,False,20260911,4,1000
LN-near-degenerate,LN,0.03,3.0,999,0.05710690859931893,0.04745600420459715,-0.009650904394721785,False,20260911,4,1000
LN-near-degenerate,LN,0.05,5.0,0,0.06893707522224647,0.07055553847581153,0.0016184632535650584,True,20260911,5,1000
LN-near-degenerate,LN,0.05,5.0,1,0.08275449165592476,0.09572669591285748,0.012972204256932726,True,20260911,5,1000
LN-near-degenerate,LN,0.05,5.0,2,0.07427484667676189,0.07611121880235316,0.0018363721255912763,True,20260911,5,1000
LN-near-degenerate,LN,0.05,5.0,3,0.07392788652349153,0.06842630918242446,-0.005501577341067071,False,20260911,5,1000
LN-near-degenerate,LN,0.05,5.0,4,0.07589948040658205,0.07426298286068381,-0.001636497545898244,False,20260911,5,1000
LN-near-degenerate,LN,0.05,5.0,5,0.06694120309575059,0.06549716436601395,-0.0014440387297366408,False,20260911,5,1000
LN-near-degenerate,LN,0.05,5.0,6,0.08083374798728675,0.07741368499376297,-0.0034200629935237786,False,20260911,5,1000
LN-near-degenerate,LN,0.05,5.0,7,0.07889464511870821,0.08350943979226697,0.004614794673558756,True,20260911,5,1000
LN-near-degenerate,LN,0.05,5.0,8,0.07717184967480342,0.07856618702441678,0.0013943373496133615,True,20260911,5,1000
LN-near-degenerate,LN,0.05,5.0,9,0.07624133479784442,0.07657060074054009,0.0003292659426956668,True,20260911,5,1000
LN-near-degenerate,LN,0.05,5.0,10,0.09762799991338124,0.09978126067235678,0.0021532607589755393,True,20260911,5,1000
LN-near-degenerate,LN,0.05,5.0,11,0.11036105151288304,0.12109563831823564,0.010734586805352594,True,20260911,5,1000
LN-near-degenerate,LN,0.05,5.0,12,0.07574435758409598,0.08086883396466259,0.005124476380566609,True,20260911,5,1000
LN-near-degenerate,LN,0.05,5.0,13,0.08191405104801824,0.08620406365889524,0.004290012610876998,True,20260911,5,1000
LN-near-degenerate,LN,0.05,5.0,14,0.12879689157544427,0.13770015196080732,0.008903260385363043,True,20260911,5,1000
LN-near-degenerate,LN,0.05,5.0,15,0.08672171209320159,0.08477730154996031,-0.001944410543241279,False,20260911,5,1000
LN-near-degenerate,LN,0.05,5.0,16,0.09318829874650779,0.08096452914148754,-0.012223769605020252,False,20260911,5,1000
LN-near-degenerate,LN,0.05,5.0,17,0.07745569962377541,0.07541464643339137,-0.002041053190384043,False,20260911,5,1000
LN-near-degenerate,LN,0.05,5.0,18,0.09125542149495046,0.10554378439581669,0.014288362900866228,True,20260911,5,1000
LN-near-degenerate,LN,0.05,5.0,19,0.0934055973200602,0.10458473721830448,0.011179139898244289,True,20260911,5,1000
LN-near-degenerate,LN,0.05,5.0,20,0.10041823665204377,0.10858041436150546,0.00816217770946169,True,20260911,5,1000
LN-near-degenerate,LN,0.05,5.0,21,0.06797861395081546,0.06797827243028509,-3.415205303697322e-07,False,20260911,5,1000
LN-near-degenerate,LN,0.05,5.0,22,0.0705942784891751,0.07104090581267276,0.0004466273234976642,True,20260911,5,1000
LN-near-degenerate,LN,0.05,5.0,23,0.08888450644033553,0.07792563312318021,-0.010958873317155324,False,20260911,5,1000
LN-near-degenerate,LN,0.05,5.0,24,0.07830035925737076,0.07461813545572595,-0.0036822238016448183,False,20260911,5,1000
LN-near-degenerate,LN,0.05,5.0,25,0.08751204218250955,0.08862423395256255,0.001112191770053006,True,20260911,5,1000
LN-near-degenerate,LN,0.05,5.0,26,0.08697237696322942,0.08843641973229409,0.0014640427690646718,True,20260911,5,1000
LN-near-degenerate,LN,0.05,5.0,27,0.07941189112103472,0.09013964767956484,0.010727756558530116,True,20260911,5,1000
LN-near-degenerate,LN,0.05,5.0,28,0.08973930493357347,0.08716942255839168,-0.002569882375181798,False,20260911,5,1000
LN-near-degenerate,LN,0.05,5.0,29,0.09922791135518716,0.10656366159101316,0.007335750235826,True,20260911,5,1000
LN-near-degenerate,LN,0.05,5.0,30,0.06935884851110274,0.07385245890983248,0.004493610398729739,True,20260911,5,1000
LN-near-degenerate,LN,0.05,5.0,31,0.08156134087991235,0.08088323894463981,-0.0006781019352725404,False,20260911,5,1000
LN-near-degenerate,LN,0.05,5.0,32,0.08434226410992095,0.08165650364879182,-0.0026857604611291302,False,20260911,5,1000
LN-near-degenerate,LN,0.05,5.0,33,0.07236465950986593,0.07091043916044337,-0.0014542203494225525,False,20260911,5,1000
LN-near-degenerate,LN,0.05,5.0,34,0.09177181510322324,0.12345084424334678,0.031679029140123535,True,20260911,5,1000
LN-near-degenerate,LN,0.05,5.0,35,0.08156569870401001,0.0858785953913195,0.004312896687309498,True,20260911,5,1000
LN-near-degenerate,LN,0.05,5.0,36,0.0830105603680498,0.08410489581448512,0.001094335446435321,True,20260911,5,1000
LN-near-degenerate,LN,0.05,5.0,37,0.0707731306717356,0.06877776296265482,-0.001995367709080778,False,20260911,5,1000
LN-near-degenerate,LN,0.05,5.0,38,0.08611468629275348,0.09251857421474098,0.006403887921987497,True,20260911,5,1000
LN-near-degenerate,LN,0.05,5.0,39,0.07339349708844681,0.07681397690048834,0.0034204798120415353,True,20260911,5,1000
LN-near-degenerate,LN,0.05,5.0,40,0.0754445020897427,0.07064504132004307,-0.004799460769699629,False,20260911,5,1000
LN-near-degenerate,LN,0.05,5.0,41,0.10109353487301442,0.09843005594927651,-0.0026634789237379164,False,20260911,5,1000
LN-near-degenerate,LN,0.05,5.0,42,0.083340540478924,0.07659304664771881,-0.006747493831205195,False,20260911,5,1000
LN-near-degenerate,LN,0.05,5.0,43,0.0862861561722266,0.0934867964270149,0.00720064025478831,True,20260911,5,1000
LN-near-degenerate,LN,0.05,5.0,44,0.1137320292227201,0.11372787669140326,-4.1525313168450095e-06,False,20260911,5,1000
LN-near-degenerate,LN,0.05,5.0,45,0.08182645389479933,0.085606244491261,0.003779790596461677,True,20260911,5,1000
LN-near-degenerate,LN,0.05,5.0,46,0.07842677590685936,0.0804149889621613,0.001988213055301946,True,20260911,5,1000
LN-near-degenerate,LN,0.05,5.0,47,0.08325915145713288,0.08524797173010396,0.0019888202729710786,True,20260911,5,1000
LN-near-degenerate,LN,0.05,5.0,48,0.11124709806334372,0.10384890697741204,-0.007398191085931677,False,20260911,5,1000
LN-near-degenerate,LN,0.05,5.0,49,0.0823602414481775,0.08926328803173089,0.006903046583553396,True,20260911,5,1000
LN-near-degenerate,LN,0.05,5.0,50,0.07775796894612853,0.07609917470575273,-0.0016587942403758077,False,20260911,5,1000
LN-near-degenerate,LN,0.05,5.0,51,0.10302918533931785,0.10843248882053777,0.005403303481219923,True,20260911,5,1000
LN-near-degenerate,LN,0.05,5.0,52,0.08733279641906225,0.08560209188240421,-0.001730704536658037,False,20260911,5,1000
LN-near-degenerate,LN,0.05,5.0,53,0.08677167126680504,0.08731714573028182,0.000545474463476775,True,20260911,5,1000
LN-near-degenerate,LN,0.05,5.0,54,0.09985077196403994,0.10305067078236664,0.0031998988183267046,True,20260911,5,1000
LN-near-degenerate,LN,0.05,5.0,55,0.07502515432218544,0.07122027668479955,-0.0038048776373858922,False,20260911,5,1000
LN-near-degenerate,LN,0.05,5.0,56,0.09842590126807069,0.10864196704489541,0.010216065776824726,True,20260911,5,1000
LN-near-degenerate,LN,0.05,5.0,57,0.07949324005043513,0.09921794815381567,0.019724708103380534,True,20260911,5,1000
LN-near-degenerate,LN,0.05,5.0,58,0.08105974234368095,0.09408728060656504,0.013027538262884095,True,20260911,5,1000
LN-near-degenerate,LN,0.05,5.0,59,0.10169426490886,0.10413157638872714,0.0024373114798671436,True,20260911,5,1000
LN-near-degenerate,LN,0.05,5.0,60,0.08055973439072836,0.07603896283020425,-0.004520771560524106,False,20260911,5,1000
LN-near-degenerate,LN,0.05,5.0,61,0.12627825882829352,0.12681952430731058,0.0005412654790170612,True,20260911,5,1000
LN-near-degenerate,LN,0.05,5.0,62,0.08453332968592099,0.09079293109162367,0.006259601405702683,True,20260911,5,1000
LN-near-degenerate,LN,0.05,5.0,63,0.07134730392768224,0.07171296774111102,0.00036566381342878485,True,20260911,5,1000
LN-near-degenerate,LN,0.05,5.0,64,0.07352889243799186,0.07038057394617657,-0.003148318491815294,False,20260911,5,1000
LN-near-degenerate,LN,0.05,5.0,65,0.07208553491175233,0.07751879425892663,0.005433259347174299,True,20260911,5,1000
LN-near-degenerate,LN,0.05,5.0,66,0.09529644063730422,0.09381075498598532,-0.001485685651318902,False,20260911,5,1000
LN-near-degenerate,LN,0.05,5.0,67,0.07543645224927209,0.07516693897316878,-0.0002695132761033059,False,20260911,5,1000
LN-near-degenerate,LN,0.05,5.0,68,0.07920091246603554,0.08231823429870713,0.0031173218326715907,True,20260911,5,1000
LN-near-degenerate,LN,0.05,5.0,69,0.08644995121043891,0.10324347791893183,0.01679352670849292,True,20260911,5,1000
LN-near-degenerate,LN,0.05,5.0,70,0.0776946535182129,0.08233918012017293,0.0046445266019600195,True,20260911,5,1000
LN-near-degenerate,LN,0.05,5.0,71,0.07751510847847477,0.07453944980409405,-0.002975658674380724,False,20260911,5,1000
LN-near-degenerate,LN,0.05,5.0,72,0.07850268568194825,0.08357402980617785,0.005071344124229604,True,20260911,5,1000
LN-near-degenerate,LN,0.05,5.0,73,0.07291811574036264,0.07845993561121305,0.005541819870850409,True,20260911,5,1000
LN-near-degenerate,LN,0.05,5.0,74,0.07308306514623915,0.08652786538868572,0.01344480024244657,True,20260911,5,1000
LN-near-degenerate,LN,0.05,5.0,75,0.08182288190468484,0.08061957157914347,-0.0012033103255413707,False,20260911,5,1000
LN-near-degenerate,LN,0.05,5.0,76,0.08200242743772002,0.09264853671492833,0.010646109277208313,True,20260911,5,1000
LN-near-degenerate,LN,0.05,5.0,77,0.10632958681128964,0.11214165717527534,0.005812070363985705,True,20260911,5,1000
LN-near-degenerate,LN,0.05,5.0,78,0.07527486322180149,0.08020073913169966,0.004925875909898167,True,20260911,5,1000
LN-near-degenerate,LN,0.05,5.0,79,0.08164819406996537,0.07980368060024412,-0.001844513469721254,False,20260911,5,1000
LN-near-degenerate,LN,0.05,5.0,80,0.08084020801058796,0.07961281139380562,-0.0012273966167823391,False,20260911,5,1000
LN-near-degenerate,LN,0.05,5.0,81,0.07759912030970936,0.0692992729376377,-0.008299847372071664,False,20260911,5,1000
LN-near-degenerate,LN,0.05,5.0,82,0.07312268446558587,0.09621714164620318,0.02309445718061731,True,20260911,5,1000
LN-near-degenerate,LN,0.05,5.0,83,0.07140205090232722,0.07175290273868024,0.00035085183635301387,True,20260911,5,1000
LN-near-degenerate,LN,0.05,5.0,84,0.07177493718114251,0.0721231958772547,0.00034825869611218585,True,20260911,5,1000
LN-near-degenerate,LN,0.05,5.0,85,0.06930516483674366,0.0673193947409013,-0.0019857700958423596,False,20260911,5,1000
LN-near-degenerate,LN,0.05,5.0,86,0.11678903588448071,0.12665045909032926,0.009861423205848555,True,20260911,5,1000
LN-near-degenerate,LN,0.05,5.0,87,0.07096438842897818,0.07266845660772991,0.0017040681787517387,True,20260911,5,1000
LN-near-degenerate,LN,0.05,5.0,88,0.0748666387396881,0.07310397730937833,-0.0017626614303097726,False,20260911,5,1000
LN-near-degenerate,LN,0.05,5.0,89,0.08317576405552539,0.09299615995400216,0.009820395898476775,True,20260911,5,1000
LN-near-degenerate,LN,0.05,5.0,90,0.07867579327789152,0.07699917311573605,-0.0016766201621554733,False,20260911,5,1000
LN-near-degenerate,LN,0.05,5.0,91,0.07255683774092313,0.07142774840953914,-0.0011290893313839895,False,20260911,5,1000
LN-near-degenerate,LN,0.05,5.0,92,0.09055848774020579,0.11719403820355113,0.026635550463345342,True,20260911,5,1000
LN-near-degenerate,LN,0.05,5.0,93,0.06634919264479142,0.07082472795030031,0.004475535305508899,True,20260911,5,1000
LN-near-degenerate,LN,0.05,5.0,94,0.07766522693227362,0.07514031435955935,-0.002524912572714269,False,20260911,5,1000
LN-near-degenerate,LN,0.05,5.0,95,0.09205654469392428,0.12664276696742063,0.03458622227349635,True,20260911,5,1000
LN-near-degenerate,LN,0.05,5.0,96,0.07399685035814726,0.07553914512730575,0.0015422947691584865,True,20260911,5,1000
LN-near-degenerate,LN,0.05,5.0,97,0.11155991703246398,0.10295775696914722,-0.008602160063316766,False,20260911,5,1000
LN-near-degenerate,LN,0.05,5.0,98,0.1322107669895698,0.12614139110530154,-0.006069375884268258,False,20260911,5,1000
LN-near-degenerate,LN,0.05,5.0,99,0.08484806509682175,0.08160387481693346,-0.003244190279888287,False,20260911,5,1000
LN-near-degenerate,LN,0.05,5.0,100,0.06917806239119885,0.07357077514584212,0.0043927127546432715,True,20260911,5,1000
LN-near-degenerate,LN,0.05,5.0,101,0.09781727607162115,0.10329425522783464,0.005476979156213493,True,20260911,5,1000
LN-near-degenerate,LN,0.05,5.0,102,0.07238770121563366,0.0718702198273999,-0.0005174813882337648,False,20260911,5,1000
LN-near-degenerate,LN,0.05,5.0,103,0.08780940068445814,0.08486500434704689,-0.0029443963374112536,False,20260911,5,1000
LN-near-degenerate,LN,0.05,5.0,104,0.08232931377125169,0.08362804008549832,0.0012987263142466288,True,20260911,5,1000
LN-near-degenerate,LN,0.05,5.0,105,0.06864953759532293,0.06881311143831602,0.0001635738429930922,True,20260911,5,1000
LN-near-degenerate,LN,0.05,5.0,106,0.10133396127486748,0.08937075562943231,-0.011963205645435168,False,20260911,5,1000
LN-near-degenerate,LN,0.05,5.0,107,0.08758553860504416,0.098568283642953,0.010982745037908845,True,20260911,5,1000
LN-near-degenerate,LN,0.05,5.0,108,0.08765721606184289,0.08467229484146421,-0.002984921220378675,False,20260911,5,1000
LN-near-degenerate,LN,0.05,5.0,109,0.07257640223230839,0.07188775552972596,-0.0006886467025824378,False,20260911,5,1000
LN-near-degenerate,LN,0.05,5.0,110,0.0715463981123156,0.09490802556478607,0.023361627452470474,True,20260911,5,1000
LN-near-degenerate,LN,0.05,5.0,111,0.08933091156603651,0.08845659861895097,-0.0008743129470855371,False,20260911,5,1000
LN-near-degenerate,LN,0.05,5.0,112,0.08239953530079097,0.07846757036227406,-0.003931964938516913,False,20260911,5,1000
LN-near-degenerate,LN,0.05,5.0,113,0.09065263026534243,0.08755386922003061,-0.0030987610453118153,False,20260911,5,1000
LN-near-degenerate,LN,0.05,5.0,114,0.07185783075750497,0.07356688365494106,0.0017090528974360863,True,20260911,5,1000
LN-near-degenerate,LN,0.05,5.0,115,0.07299155862374963,0.0760455592229838,0.0030540005992341634,True,20260911,5,1000
LN-near-degenerate,LN,0.05,5.0,116,0.11081046102481952,0.10553443863655075,-0.00527602238826877,False,20260911,5,1000
LN-near-degenerate,LN,0.05,5.0,117,0.06738485856886417,0.07160373956683759,0.00421888099797342,True,20260911,5,1000
LN-near-degenerate,LN,0.05,5.0,118,0.08504622901064575,0.09122741664767378,0.006181187637028032,True,20260911,5,1000
LN-near-degenerate,LN,0.05,5.0,119,0.11572011433938076,0.11490245651807475,-0.0008176578213060087,False,20260911,5,1000
LN-near-degenerate,LN,0.05,5.0,120,0.10223344707331962,0.1083748318882913,0.006141384814971687,True,20260911,5,1000
LN-near-degenerate,LN,0.05,5.0,121,0.07428460706850933,0.07398521438104233,-0.00029939268746699554,False,20260911,5,1000
LN-near-degenerate,LN,0.05,5.0,122,0.07510213756327773,0.07041701893740372,-0.004685118625874007,False,20260911,5,1000
LN-near-degenerate,LN,0.05,5.0,123,0.07126601246054522,0.07095240445114856,-0.000313608009396657,False,20260911,5,1000
LN-near-degenerate,LN,0.05,5.0,124,0.07834064189758999,0.07700710725953379,-0.0013335346380562024,False,20260911,5,1000
LN-near-degenerate,LN,0.05,5.0,125,0.0906159785943848,0.09970716814446513,0.009091189550080328,True,20260911,5,1000
LN-near-degenerate,LN,0.05,5.0,126,0.07004542370089212,0.07126566028544243,0.0012202365845503105,True,20260911,5,1000
LN-near-degenerate,LN,0.05,5.0,127,0.06969972058029794,0.06854277381850916,-0.0011569467617887769,False,20260911,5,1000
LN-near-degenerate,LN,0.05,5.0,128,0.09327721707457999,0.10088590305739706,0.007608685982817068,True,20260911,5,1000
LN-near-degenerate,LN,0.05,5.0,129,0.08341723472561095,0.0901671768199913,0.006749942094380346,True,20260911,5,1000
LN-near-degenerate,LN,0.05,5.0,130,0.08343775569681598,0.1145786005791729,0.031140844882356924,True,20260911,5,1000
LN-near-degenerate,LN,0.05,5.0,131,0.12471457127935288,0.12080314042255484,-0.003911430856798043,False,20260911,5,1000
LN-near-degenerate,LN,0.05,5.0,132,0.06963890765812737,0.07215639604310373,0.0025174883849763546,True,20260911,5,1000
LN-near-degenerate,LN,0.05,5.0,133,0.08560413148981759,0.08115626120025436,-0.004447870289563227,False,20260911,5,1000
LN-near-degenerate,LN,0.05,5.0,134,0.07004408405888343,0.07084250545055434,0.0007984213916709115,True,20260911,5,1000
LN-near-degenerate,LN,0.05,5.0,135,0.07762358228393595,0.0790707785382284,0.001447196254292446,True,20260911,5,1000
LN-near-degenerate,LN,0.05,5.0,136,0.07794604051807048,0.08329376790007675,0.00534772738200627,True,20260911,5,1000
LN-near-degenerate,LN,0.05,5.0,137,0.07858498518028428,0.0825990099717536,0.004014024791469312,True,20260911,5,1000
LN-near-degenerate,LN,0.05,5.0,138,0.07453903041892164,0.07984020437314081,0.005301173954219168,True,20260911,5,1000
LN-near-degenerate,LN,0.05,5.0,139,0.07482469900919778,0.07214495101046726,-0.002679747998730511,False,20260911,5,1000
LN-near-degenerate,LN,0.05,5.0,140,0.09487920056534516,0.12182426532833864,0.02694506476299348,True,20260911,5,1000
LN-near-degenerate,LN,0.05,5.0,141,0.07927004543985945,0.0772209159832509,-0.0020491294566085533,False,20260911,5,1000
LN-near-degenerate,LN,0.05,5.0,142,0.07101432186643618,0.06997427213813166,-0.0010400497283045151,False,20260911,5,1000
LN-near-degenerate,LN,0.05,5.0,143,0.07591468560606211,0.0722654727153777,-0.003649212890684414,False,20260911,5,1000
LN-near-degenerate,LN,0.05,5.0,144,0.14492328247068267,0.15772803070001964,0.01280474822933697,True,20260911,5,1000
LN-near-degenerate,LN,0.05,5.0,145,0.07396549808212724,0.07643435304287285,0.0024688549607456145,True,20260911,5,1000
LN-near-degenerate,LN,0.05,5.0,146,0.07039263723407278,0.09851407843540504,0.028121441201332253,True,20260911,5,1000
LN-near-degenerate,LN,0.05,5.0,147,0.07009472965647215,0.06934889049680235,-0.0007458391596698033,False,20260911,5,1000
LN-near-degenerate,LN,0.05,5.0,148,0.06862001791915269,0.07140899229242582,0.0027889743732731342,True,20260911,5,1000
LN-near-degenerate,LN,0.05,5.0,149,0.07269750424790163,0.07050364343362217,-0.0021938608142794552,False,20260911,5,1000
LN-near-degenerate,LN,0.05,5.0,150,0.1039264972276503,0.10557544475868855,0.0016489475310382529,True,20260911,5,1000
LN-near-degenerate,LN,0.05,5.0,151,0.1142710588240106,0.10577002437018936,-0.008501034453821249,False,20260911,5,1000
LN-near-degenerate,LN,0.05,5.0,152,0.08858524594741651,0.0806895750729748,-0.007895670874441707,False,20260911,5,1000
LN-near-degenerate,LN,0.05,5.0,153,0.14823661784573303,0.13742717621699596,-0.010809441628737065,False,20260911,5,1000
LN-near-degenerate,LN,0.05,5.0,154,0.07285802279742527,0.07336071314738025,0.0005026903499549817,True,20260911,5,1000
LN-near-degenerate,LN,0.05,5.0,155,0.0752284436749205,0.07942178742185621,0.00419334374693571,True,20260911,5,1000
LN-near-degenerate,LN,0.05,5.0,156,0.0803469861191173,0.07644555285781547,-0.0039014332613018232,False,20260911,5,1000
LN-near-degenerate,LN,0.05,5.0,157,0.07824741107899534,0.07903283365406977,0.0007854225750744265,True,20260911,5,1000
LN-near-degenerate,LN,0.05,5.0,158,0.10131003579489631,0.09178322662206997,-0.009526809172826334,False,20260911,5,1000
LN-near-degenerate,LN,0.05,5.0,159,0.10495433674976717,0.11672659203509138,0.011772255285324204,True,20260911,5,1000
LN-near-degenerate,LN,0.05,5.0,160,0.08273379577036287,0.08422836628451096,0.0014945705141480858,True,20260911,5,1000
LN-near-degenerate,LN,0.05,5.0,161,0.07190481963103114,0.0737998207122218,0.0018950010811906587,True,20260911,5,1000
LN-near-degenerate,LN,0.05,5.0,162,0.08583287829110535,0.09081546302755171,0.0049825847364463605,True,20260911,5,1000
LN-near-degenerate,LN,0.05,5.0,163,0.07727116836142194,0.07344837536897679,-0.0038227929924451454,False,20260911,5,1000
LN-near-degenerate,LN,0.05,5.0,164,0.06939504551984384,0.0855506005832051,0.016155555063361263,True,20260911,5,1000
LN-near-degenerate,LN,0.05,5.0,165,0.1192330402732131,0.11614205333966802,-0.0030909869335450785,False,20260911,5,1000
LN-near-degenerate,LN,0.05,5.0,166,0.0869547802052837,0.0831967580598524,-0.0037580221454313056,False,20260911,5,1000
LN-near-degenerate,LN,0.05,5.0,167,0.07887428084703939,0.0743115510740145,-0.004562729773024882,False,20260911,5,1000
LN-near-degenerate,LN,0.05,5.0,168,0.09088448180407246,0.09701990775032474,0.006135425946252271,True,20260911,5,1000
LN-near-degenerate,LN,0.05,5.0,169,0.07345419121414618,0.08252377816268766,0.009069586948541486,True,20260911,5,1000
LN-near-degenerate,LN,0.05,5.0,170,0.07670227446422509,0.08099908485637,0.004296810392144912,True,20260911,5,1000
LN-near-degenerate,LN,0.05,5.0,171,0.07097903358450126,0.09590506549958146,0.024926031915080193,True,20260911,5,1000
LN-near-degenerate,LN,0.05,5.0,172,0.07304640658189451,0.080493996401358,0.007447589819463488,True,20260911,5,1000
LN-near-degenerate,LN,0.05,5.0,173,0.0826625699525807,0.08017717855826631,-0.00248539139431439,False,20260911,5,1000
LN-near-degenerate,LN,0.05,5.0,174,0.07412174529319336,0.07749199108729139,0.0033702457940980313,True,20260911,5,1000
LN-near-degenerate,LN,0.05,5.0,175,0.11113357061745906,0.10818055521139597,-0.002953015406063089,False,20260911,5,1000
LN-near-degenerate,LN,0.05,5.0,176,0.10946606200431197,0.10521456198019848,-0.004251500024113494,False,20260911,5,1000
LN-near-degenerate,LN,0.05,5.0,177,0.10331570614405568,0.10822120909777899,0.004905502953723315,True,20260911,5,1000
LN-near-degenerate,LN,0.05,5.0,178,0.07096510627309437,0.093196075410186,0.022230969137091633,True,20260911,5,1000
LN-near-degenerate,LN,0.05,5.0,179,0.09057896756616514,0.09372152672756265,0.0031425591613975096,True,20260911,5,1000
LN-near-degenerate,LN,0.05,5.0,180,0.09430362960880531,0.09126046761050818,-0.003043161998297128,False,20260911,5,1000
LN-near-degenerate,LN,0.05,5.0,181,0.0940997943228593,0.09761403212332304,0.0035142378004637403,True,20260911,5,1000
LN-near-degenerate,LN,0.05,5.0,182,0.07225206630143974,0.07245642384782357,0.0002043575463838293,True,20260911,5,1000
LN-near-degenerate,LN,0.05,5.0,183,0.09464689460761626,0.09827021808408071,0.003623323476464449,True,20260911,5,1000
LN-near-degenerate,LN,0.05,5.0,184,0.10387071721459482,0.10317022423100773,-0.0007004929835870838,False,20260911,5,1000
LN-near-degenerate,LN,0.05,5.0,185,0.07362872987599198,0.07363881034905256,1.0080473060586348e-05,True,20260911,5,1000
LN-near-degenerate,LN,0.05,5.0,186,0.06799949545031204,0.07877360856665146,0.010774113116339412,True,20260911,5,1000
LN-near-degenerate,LN,0.05,5.0,187,0.06927758584158517,0.09347677178542607,0.024199185943840906,True,20260911,5,1000
LN-near-degenerate,LN,0.05,5.0,188,0.09075141929498635,0.12235816602166638,0.03160674672668003,True,20260911,5,1000
LN-near-degenerate,LN,0.05,5.0,189,0.07401248230358429,0.07550583983465695,0.0014933575310726588,True,20260911,5,1000
LN-near-degenerate,LN,0.05,5.0,190,0.07679894056815086,0.08443576944510074,0.007636828876949886,True,20260911,5,1000
LN-near-degenerate,LN,0.05,5.0,191,0.07724510309722253,0.10363091659210816,0.026385813494885627,True,20260911,5,1000
LN-near-degenerate,LN,0.05,5.0,192,0.07292917212385448,0.10380003346576569,0.030870861341911207,True,20260911,5,1000
LN-near-degenerate,LN,0.05,5.0,193,0.1013344083049215,0.10997701571753223,0.00864260741261072,True,20260911,5,1000
LN-near-degenerate,LN,0.05,5.0,194,0.07037331669123605,0.07095483897091376,0.0005815222796777125,True,20260911,5,1000
LN-near-degenerate,LN,0.05,5.0,195,0.11573410916908507,0.11056440832413884,-0.005169700844946223,False,20260911,5,1000
LN-near-degenerate,LN,0.05,5.0,196,0.08596070406599822,0.08296354073770709,-0.0029971633282911275,False,20260911,5,1000
LN-near-degenerate,LN,0.05,5.0,197,0.0747125086271026,0.07558647717797724,0.0008739685508746403,True,20260911,5,1000
LN-near-degenerate,LN,0.05,5.0,198,0.07551081688721945,0.08005904482326265,0.004548227936043203,True,20260911,5,1000
LN-near-degenerate,LN,0.05,5.0,199,0.08587966735477866,0.07109601779996916,-0.0147836495548095,False,20260911,5,1000
LN-near-degenerate,LN,0.05,5.0,200,0.07630875389061426,0.07619697230323189,-0.0001117815873823702,False,20260911,5,1000
LN-near-degenerate,LN,0.05,5.0,201,0.07258589338016198,0.07255860727276571,-2.7286107396273795e-05,False,20260911,5,1000
LN-near-degenerate,LN,0.05,5.0,202,0.09076318329977442,0.08829524084588586,-0.0024679424538885664,False,20260911,5,1000
LN-near-degenerate,LN,0.05,5.0,203,0.07775619294941902,0.07938215651343732,0.0016259635640182984,True,20260911,5,1000
LN-near-degenerate,LN,0.05,5.0,204,0.09201621826185244,0.09698644108438646,0.004970222822534023,True,20260911,5,1000
LN-near-degenerate,LN,0.05,5.0,205,0.07879079550495058,0.07631447152890308,-0.0024763239760474953,False,20260911,5,1000
LN-near-degenerate,LN,0.05,5.0,206,0.09155498953035655,0.0895412271965671,-0.0020137623337894567,False,20260911,5,1000
LN-near-degenerate,LN,0.05,5.0,207,0.07245712852187734,0.07164313978634754,-0.0008139887355298053,False,20260911,5,1000
LN-near-degenerate,LN,0.05,5.0,208,0.10525766008914166,0.10159073165431719,-0.003666928434824468,False,20260911,5,1000
LN-near-degenerate,LN,0.05,5.0,209,0.09477124999782778,0.09923913380277592,0.004467883804948142,True,20260911,5,1000
LN-near-degenerate,LN,0.05,5.0,210,0.09430682083131407,0.09554352548872816,0.0012367046574140866,True,20260911,5,1000
LN-near-degenerate,LN,0.05,5.0,211,0.07898838970055304,0.07781552285008615,-0.001172866850466886,False,20260911,5,1000
LN-near-degenerate,LN,0.05,5.0,212,0.09585946603645487,0.0927616042628844,-0.003097861773570465,False,20260911,5,1000
LN-near-degenerate,LN,0.05,5.0,213,0.07904664825610616,0.07568924379952888,-0.0033574044565772843,False,20260911,5,1000
LN-near-degenerate,LN,0.05,5.0,214,0.08358243536255651,0.08453883700043699,0.0009564016378804802,True,20260911,5,1000
LN-near-degenerate,LN,0.05,5.0,215,0.08780724736911927,0.08143018084139236,-0.0063770665277269045,False,20260911,5,1000
LN-near-degenerate,LN,0.05,5.0,216,0.0831903533730979,0.08385069496788541,0.0006603415947875196,True,20260911,5,1000
LN-near-degenerate,LN,0.05,5.0,217,0.08588472273398859,0.08304236447257317,-0.0028423582614154203,False,20260911,5,1000
LN-near-degenerate,LN,0.05,5.0,218,0.07568367410355113,0.06789379626196523,-0.007789877841585899,False,20260911,5,1000
LN-near-degenerate,LN,0.05,5.0,219,0.07969685883050916,0.08441402596018312,0.00471716712967396,True,20260911,5,1000
LN-near-degenerate,LN,0.05,5.0,220,0.07916686400727001,0.07921982760072199,5.296359345198509e-05,True,20260911,5,1000
LN-near-degenerate,LN,0.05,5.0,221,0.08535076299505572,0.07589406064559436,-0.00945670234946136,False,20260911,5,1000
LN-near-degenerate,LN,0.05,5.0,222,0.0746932615509312,0.07491809295005528,0.0002248313991240758,True,20260911,5,1000
LN-near-degenerate,LN,0.05,5.0,223,0.07816375751710256,0.07480524458194765,-0.003358512935154906,False,20260911,5,1000
LN-near-degenerate,LN,0.05,5.0,224,0.07351365418831772,0.08613505972454549,0.012621405536227773,True,20260911,5,1000
LN-near-degenerate,LN,0.05,5.0,225,0.07011938766354718,0.08912133118972734,0.019001943526180162,True,20260911,5,1000
LN-near-degenerate,LN,0.05,5.0,226,0.07642620368068316,0.0726437492703438,-0.0037824544103393642,False,20260911,5,1000
LN-near-degenerate,LN,0.05,5.0,227,0.0761229873598364,0.06999704611706263,-0.006125941242773769,False,20260911,5,1000
LN-near-degenerate,LN,0.05,5.0,228,0.07363471275919986,0.0804184125200991,0.006783699760899237,True,20260911,5,1000
LN-near-degenerate,LN,0.05,5.0,229,0.06965884184549512,0.07061002540178889,0.0009511835562937693,True,20260911,5,1000
LN-near-degenerate,LN,0.05,5.0,230,0.07232322568553803,0.07000474861611948,-0.0023184770694185536,False,20260911,5,1000
LN-near-degenerate,LN,0.05,5.0,231,0.11106100917216065,0.1209692664741873,0.009908257302026657,True,20260911,5,1000
LN-near-degenerate,LN,0.05,5.0,232,0.10289960553403125,0.10390295654451923,0.0010033510104879712,True,20260911,5,1000
LN-near-degenerate,LN,0.05,5.0,233,0.08166870183240157,0.08828513243400454,0.006616430601602968,True,20260911,5,1000
LN-near-degenerate,LN,0.05,5.0,234,0.07480738289811191,0.07737609707790029,0.0025687141797883783,True,20260911,5,1000
LN-near-degenerate,LN,0.05,5.0,235,0.07770655451060209,0.08975856184121242,0.012052007330610334,True,20260911,5,1000
LN-near-degenerate,LN,0.05,5.0,236,0.07745690703712792,0.10256875657776973,0.025111849540641815,True,20260911,5,1000
LN-near-degenerate,LN,0.05,5.0,237,0.08433967835184229,0.0895806395930993,0.005240961241257003,True,20260911,5,1000
LN-near-degenerate,LN,0.05,5.0,238,0.09091288085738293,0.08883978682472002,-0.0020730940326629116,False,20260911,5,1000
LN-near-degenerate,LN,0.05,5.0,239,0.08515305458067561,0.11213566169521942,0.02698260711454381,True,20260911,5,1000
LN-near-degenerate,LN,0.05,5.0,240,0.08002917282321155,0.07951270049846593,-0.0005164723247456232,False,20260911,5,1000
LN-near-degenerate,LN,0.05,5.0,241,0.07474012507444652,0.07844233324719728,0.0037022081727507566,True,20260911,5,1000
LN-near-degenerate,LN,0.05,5.0,242,0.08436952242045244,0.0806848610788622,-0.003684661341590234,False,20260911,5,1000
LN-near-degenerate,LN,0.05,5.0,243,0.13653633219273795,0.1330181080354084,-0.0035182241573295525,False,20260911,5,1000
LN-near-degenerate,LN,0.05,5.0,244,0.07606165799810688,0.08020757483556075,0.00414591683745387,True,20260911,5,1000
LN-near-degenerate,LN,0.05,5.0,245,0.0959055266836486,0.10668772818104098,0.010782201497392382,True,20260911,5,1000
LN-near-degenerate,LN,0.05,5.0,246,0.07417133603628623,0.0756563257146136,0.0014849896783273725,True,20260911,5,1000
LN-near-degenerate,LN,0.05,5.0,247,0.08048699680470695,0.08274251287267233,0.0022555160679653824,True,20260911,5,1000
LN-near-degenerate,LN,0.05,5.0,248,0.11137071533974582,0.14324840462172495,0.03187768928197912,True,20260911,5,1000
LN-near-degenerate,LN,0.05,5.0,249,0.08654771261082395,0.0795318592118513,-0.007015853398972649,False,20260911,5,1000
LN-near-degenerate,LN,0.05,5.0,250,0.0869029792569844,0.07726529238064342,-0.009637686876340978,False,20260911,5,1000
LN-near-degenerate,LN,0.05,5.0,251,0.08560627641874975,0.07845098998677354,-0.0071552864319762155,False,20260911,5,1000
LN-near-degenerate,LN,0.05,5.0,252,0.09927582779689144,0.10320165981614227,0.003925832019250827,True,20260911,5,1000
LN-near-degenerate,LN,0.05,5.0,253,0.07766453068448588,0.08186165821824126,0.004197127533755382,True,20260911,5,1000
LN-near-degenerate,LN,0.05,5.0,254,0.0814763900801292,0.09071051031588122,0.009234120235752014,True,20260911,5,1000
LN-near-degenerate,LN,0.05,5.0,255,0.10381730608295292,0.1058234942954433,0.0020061882124903785,True,20260911,5,1000
LN-near-degenerate,LN,0.05,5.0,256,0.08168731101552526,0.07799701459186115,-0.0036902964236641134,False,20260911,5,1000
LN-near-degenerate,LN,0.05,5.0,257,0.07976316051769615,0.07993539680813433,0.00017223629043817967,True,20260911,5,1000
LN-near-degenerate,LN,0.05,5.0,258,0.10304040487061873,0.11291523072771958,0.009874825857100852,True,20260911,5,1000
LN-near-degenerate,LN,0.05,5.0,259,0.07431508837945928,0.07584491160602809,0.001529823226568805,True,20260911,5,1000
LN-near-degenerate,LN,0.05,5.0,260,0.06996616733763379,0.07312398338725591,0.0031578160496221197,True,20260911,5,1000
LN-near-degenerate,LN,0.05,5.0,261,0.0696814958356093,0.0713602014182654,0.0016787055826561065,True,20260911,5,1000
LN-near-degenerate,LN,0.05,5.0,262,0.1042593761239553,0.09994142000606553,-0.004317956117889779,False,20260911,5,1000
LN-near-degenerate,LN,0.05,5.0,263,0.08557616243172139,0.08107905902024636,-0.004497103411475037,False,20260911,5,1000
LN-near-degenerate,LN,0.05,5.0,264,0.09638188979640229,0.0930154598692477,-0.0033664299271545933,False,20260911,5,1000
LN-near-degenerate,LN,0.05,5.0,265,0.08352172065326575,0.08228666466342001,-0.0012350559898457458,False,20260911,5,1000
LN-near-degenerate,LN,0.05,5.0,266,0.07212343173745762,0.0724191953224079,0.0002957635849502732,True,20260911,5,1000
LN-near-degenerate,LN,0.05,5.0,267,0.07965959633684716,0.1031742351877656,0.023514638850918437,True,20260911,5,1000
LN-near-degenerate,LN,0.05,5.0,268,0.07597785375026263,0.0791958185977625,0.0032179648474998657,True,20260911,5,1000
LN-near-degenerate,LN,0.05,5.0,269,0.09386251346564907,0.08239842997714224,-0.011464083488506832,False,20260911,5,1000
LN-near-degenerate,LN,0.05,5.0,270,0.0814009690293347,0.08623041093903384,0.004829441909699139,True,20260911,5,1000
LN-near-degenerate,LN,0.05,5.0,271,0.07776393687942292,0.07697413213478319,-0.0007898047446397299,False,20260911,5,1000
LN-near-degenerate,LN,0.05,5.0,272,0.07548856201052924,0.08059694138136862,0.005108379370839383,True,20260911,5,1000
LN-near-degenerate,LN,0.05,5.0,273,0.09686051736023905,0.09471334901743464,-0.0021471683428044147,False,20260911,5,1000
LN-near-degenerate,LN,0.05,5.0,274,0.08516343309667763,0.08264833708026777,-0.002515096016409868,False,20260911,5,1000
LN-near-degenerate,LN,0.05,5.0,275,0.07467997235199528,0.07324508930095683,-0.0014348830510384492,False,20260911,5,1000
LN-near-degenerate,LN,0.05,5.0,276,0.10794146494744758,0.10312604065608762,-0.004815424291359963,False,20260911,5,1000
LN-near-degenerate,LN,0.05,5.0,277,0.08554491840841023,0.07784118289528702,-0.007703735513123214,False,20260911,5,1000
LN-near-degenerate,LN,0.05,5.0,278,0.07894838317614641,0.09208254859414039,0.013134165417993976,True,20260911,5,1000
LN-near-degenerate,LN,0.05,5.0,279,0.07523113908796236,0.07873148443656564,0.003500345348603273,True,20260911,5,1000
LN-near-degenerate,LN,0.05,5.0,280,0.0739334376015287,0.08669804936564601,0.012764611764117306,True,20260911,5,1000
LN-near-degenerate,LN,0.05,5.0,281,0.0693634460533689,0.06987924638348897,0.000515800330120067,True,20260911,5,1000
LN-near-degenerate,LN,0.05,5.0,282,0.07211175060830129,0.07455944519271455,0.002447694584413268,True,20260911,5,1000
LN-near-degenerate,LN,0.05,5.0,283,0.11499580000670567,0.10469458420572426,-0.010301215800981409,False,20260911,5,1000
LN-near-degenerate,LN,0.05,5.0,284,0.06823603104771969,0.08813496169279028,0.01989893064507059,True,20260911,5,1000
LN-near-degenerate,LN,0.05,5.0,285,0.07903269720779658,0.07858615023419892,-0.0004465469735976668,False,20260911,5,1000
LN-near-degenerate,LN,0.05,5.0,286,0.09498532734454715,0.09147177632357527,-0.0035135510209718807,False,20260911,5,1000
LN-near-degenerate,LN,0.05,5.0,287,0.08846079636244425,0.08615426318942437,-0.0023065331730198757,False,20260911,5,1000
LN-near-degenerate,LN,0.05,5.0,288,0.07723664594226692,0.07456978042082539,-0.002666865521441533,False,20260911,5,1000
LN-near-degenerate,LN,0.05,5.0,289,0.10605974138535088,0.12658013454273606,0.020520393157385186,True,20260911,5,1000
LN-near-degenerate,LN,0.05,5.0,290,0.0814679026395675,0.08006037514117184,-0.0014075274983956637,False,20260911,5,1000
LN-near-degenerate,LN,0.05,5.0,291,0.08520939615825936,0.08492542966368108,-0.0002839664945782777,False,20260911,5,1000
LN-near-degenerate,LN,0.05,5.0,292,0.07076582914656089,0.07107888386032903,0.000313054713768135,True,20260911,5,1000
LN-near-degenerate,LN,0.05,5.0,293,0.0768091455425208,0.08297052350970084,0.00616137796718004,True,20260911,5,1000
LN-near-degenerate,LN,0.05,5.0,294,0.07047935972358195,0.09335442535185273,0.022875065628270783,True,20260911,5,1000
LN-near-degenerate,LN,0.05,5.0,295,0.07368800735982613,0.07342930642906478,-0.0002587009307613436,False,20260911,5,1000
LN-near-degenerate,LN,0.05,5.0,296,0.079008342415215,0.07695273800098197,-0.0020556044142330254,False,20260911,5,1000
LN-near-degenerate,LN,0.05,5.0,297,0.0716871326537666,0.06823268219342316,-0.0034544504603434417,False,20260911,5,1000
LN-near-degenerate,LN,0.05,5.0,298,0.0783101261337447,0.08615072015582767,0.007840594022082967,True,20260911,5,1000
LN-near-degenerate,LN,0.05,5.0,299,0.0700967372734092,0.06929348704126873,-0.0008032502321404789,False,20260911,5,1000
LN-near-degenerate,LN,0.05,5.0,300,0.11392969667771595,0.11942931555420998,0.005499618876494028,True,20260911,5,1000
LN-near-degenerate,LN,0.05,5.0,301,0.08987488096722925,0.08813556313918437,-0.001739317828044873,False,20260911,5,1000
LN-near-degenerate,LN,0.05,5.0,302,0.09514948250930153,0.09692481090666788,0.0017753283973663547,True,20260911,5,1000
LN-near-degenerate,LN,0.05,5.0,303,0.07085220945765221,0.09266195683516336,0.02180974737751115,True,20260911,5,1000
LN-near-degenerate,LN,0.05,5.0,304,0.11687655841293997,0.12118850601188799,0.004311947598948027,True,20260911,5,1000
LN-near-degenerate,LN,0.05,5.0,305,0.08712657426611252,0.09511820961378556,0.00799163534767304,True,20260911,5,1000
LN-near-degenerate,LN,0.05,5.0,306,0.07702544597684374,0.07929305234560435,0.0022676063687606107,True,20260911,5,1000
LN-near-degenerate,LN,0.05,5.0,307,0.06639978838972051,0.09261662849691578,0.02621684010719527,True,20260911,5,1000
LN-near-degenerate,LN,0.05,5.0,308,0.08436499581989075,0.08027879878117843,-0.004086197038712325,False,20260911,5,1000
LN-near-degenerate,LN,0.05,5.0,309,0.07483594086319804,0.07204070443174841,-0.0027952364314496325,False,20260911,5,1000
LN-near-degenerate,LN,0.05,5.0,310,0.08332252178076692,0.07155654406892185,-0.011765977711845066,False,20260911,5,1000
LN-near-degenerate,LN,0.05,5.0,311,0.08789370820948561,0.1044073583216842,0.01651365011219859,True,20260911,5,1000
LN-near-degenerate,LN,0.05,5.0,312,0.08859019515357318,0.08717467840883826,-0.0014155167447349182,False,20260911,5,1000
LN-near-degenerate,LN,0.05,5.0,313,0.07791677180941292,0.105096876808603,0.027180104999190074,True,20260911,5,1000
LN-near-degenerate,LN,0.05,5.0,314,0.07807600142378655,0.10185469523155419,0.023778693807767634,True,20260911,5,1000
LN-near-degenerate,LN,0.05,5.0,315,0.09073931434387421,0.10133999972208317,0.010600685378208963,True,20260911,5,1000
LN-near-degenerate,LN,0.05,5.0,316,0.08345544341087821,0.09140290934924418,0.007947465938365969,True,20260911,5,1000
LN-near-degenerate,LN,0.05,5.0,317,0.08688330006091781,0.09714572737714401,0.010262427316226203,True,20260911,5,1000
LN-near-degenerate,LN,0.05,5.0,318,0.08751161658091816,0.08344780212411299,-0.004063814456805176,False,20260911,5,1000
LN-near-degenerate,LN,0.05,5.0,319,0.07425630514335806,0.07355895025717497,-0.0006973548861830825,False,20260911,5,1000
LN-near-degenerate,LN,0.05,5.0,320,0.07614677547317693,0.07701911808457788,0.0008723426114009558,True,20260911,5,1000
LN-near-degenerate,LN,0.05,5.0,321,0.11370929432345653,0.10694142563144005,-0.006767868692016482,False,20260911,5,1000
LN-near-degenerate,LN,0.05,5.0,322,0.07551475528902467,0.07388313103197483,-0.001631624257049838,False,20260911,5,1000
LN-near-degenerate,LN,0.05,5.0,323,0.10589633228062485,0.10103520660324539,-0.004861125677379466,False,20260911,5,1000
LN-near-degenerate,LN,0.05,5.0,324,0.07613586387560758,0.08221269956726375,0.0060768356916561656,True,20260911,5,1000
LN-near-degenerate,LN,0.05,5.0,325,0.08542828010532011,0.07875880339918916,-0.006669476706130953,False,20260911,5,1000
LN-near-degenerate,LN,0.05,5.0,326,0.0728048946629288,0.07280622672470097,1.3320617721634953e-06,True,20260911,5,1000
LN-near-degenerate,LN,0.05,5.0,327,0.08505901301343445,0.0876656112570422,0.0026065982436077467,True,20260911,5,1000
LN-near-degenerate,LN,0.05,5.0,328,0.07584679656735245,0.1053533494305057,0.02950655286315325,True,20260911,5,1000
LN-near-degenerate,LN,0.05,5.0,329,0.07328305799001979,0.09222753182774956,0.018944473837729778,True,20260911,5,1000
LN-near-degenerate,LN,0.05,5.0,330,0.0741078096758345,0.07597415517838639,0.0018663455025518944,True,20260911,5,1000
LN-near-degenerate,LN,0.05,5.0,331,0.07280494269116222,0.07591833224256013,0.0031133895513979076,True,20260911,5,1000
LN-near-degenerate,LN,0.05,5.0,332,0.07244737130015014,0.07188247649482503,-0.0005648948053251085,False,20260911,5,1000
LN-near-degenerate,LN,0.05,5.0,333,0.1063481064997449,0.10323484981492963,-0.0031132566848152687,False,20260911,5,1000
LN-near-degenerate,LN,0.05,5.0,334,0.10180061636368652,0.10961538774710367,0.007814771383417143,True,20260911,5,1000
LN-near-degenerate,LN,0.05,5.0,335,0.07554625085910448,0.07679107945586439,0.0012448285967599088,True,20260911,5,1000
LN-near-degenerate,LN,0.05,5.0,336,0.08424932783386838,0.07529144922292054,-0.008957878610947836,False,20260911,5,1000
LN-near-degenerate,LN,0.05,5.0,337,0.07638875946132453,0.07813315299436854,0.0017443935330440086,True,20260911,5,1000
LN-near-degenerate,LN,0.05,5.0,338,0.09555270825724324,0.09696387099102712,0.0014111627337838745,True,20260911,5,1000
LN-near-degenerate,LN,0.05,5.0,339,0.09154897899289476,0.09824530098888472,0.006696321995989962,True,20260911,5,1000
LN-near-degenerate,LN,0.05,5.0,340,0.09030101318800623,0.09082253586921991,0.0005215226812136792,True,20260911,5,1000
LN-near-degenerate,LN,0.05,5.0,341,0.06990566592542488,0.07554046566338143,0.005634799737956553,True,20260911,5,1000
LN-near-degenerate,LN,0.05,5.0,342,0.08669588790843451,0.08214497122109843,-0.004550916687336079,False,20260911,5,1000
LN-near-degenerate,LN,0.05,5.0,343,0.08593943256944202,0.08533419414694189,-0.0006052384225001262,False,20260911,5,1000
LN-near-degenerate,LN,0.05,5.0,344,0.0859388945535175,0.07962832678454906,-0.006310567768968434,False,20260911,5,1000
LN-near-degenerate,LN,0.05,5.0,345,0.07856735328827688,0.08357560427042117,0.005008250982144288,True,20260911,5,1000
LN-near-degenerate,LN,0.05,5.0,346,0.08332798236327214,0.09208230865311667,0.00875432628984453,True,20260911,5,1000
LN-near-degenerate,LN,0.05,5.0,347,0.07860414257771661,0.07668985633496417,-0.0019142862427524443,False,20260911,5,1000
LN-near-degenerate,LN,0.05,5.0,348,0.12172316654824847,0.13265478580861587,0.010931619260367398,True,20260911,5,1000
LN-near-degenerate,LN,0.05,5.0,349,0.08473327708568122,0.11059020634757855,0.025856929261897324,True,20260911,5,1000
LN-near-degenerate,LN,0.05,5.0,350,0.07426994799607863,0.08084597493602022,0.0065760269399415955,True,20260911,5,1000
LN-near-degenerate,LN,0.05,5.0,351,0.07563926235704925,0.07460008343673465,-0.001039178920314604,False,20260911,5,1000
LN-near-degenerate,LN,0.05,5.0,352,0.07825173059628872,0.08238988392128765,0.004138153324998936,True,20260911,5,1000
LN-near-degenerate,LN,0.05,5.0,353,0.08329564307560483,0.07588895035706174,-0.0074066927185430925,False,20260911,5,1000
LN-near-degenerate,LN,0.05,5.0,354,0.08528089798094912,0.08345254233224733,-0.0018283556487017905,False,20260911,5,1000
LN-near-degenerate,LN,0.05,5.0,355,0.08084648787772439,0.06891712831759363,-0.011929359560130762,False,20260911,5,1000
LN-near-degenerate,LN,0.05,5.0,356,0.08090820379774995,0.08177293144169016,0.0008647276439402163,True,20260911,5,1000
LN-near-degenerate,LN,0.05,5.0,357,0.08024631970251372,0.09350580955189956,0.013259489849385839,True,20260911,5,1000
LN-near-degenerate,LN,0.05,5.0,358,0.08900835210903257,0.08554520557091928,-0.0034631465381132903,False,20260911,5,1000
LN-near-degenerate,LN,0.05,5.0,359,0.0867076775624481,0.08937681351948398,0.002669135957035884,True,20260911,5,1000
LN-near-degenerate,LN,0.05,5.0,360,0.09087547176469431,0.11343145700404156,0.02255598523934725,True,20260911,5,1000
LN-near-degenerate,LN,0.05,5.0,361,0.08576843875362178,0.09107887944449412,0.005310440690872345,True,20260911,5,1000
LN-near-degenerate,LN,0.05,5.0,362,0.07229804086500957,0.06946537697539053,-0.0028326638896190443,False,20260911,5,1000
LN-near-degenerate,LN,0.05,5.0,363,0.07990379135622683,0.07766299041348214,-0.002240800942744689,False,20260911,5,1000
LN-near-degenerate,LN,0.05,5.0,364,0.07232307075543257,0.07106236618044394,-0.0012607045749886275,False,20260911,5,1000
LN-near-degenerate,LN,0.05,5.0,365,0.08270051854246122,0.08175247603274785,-0.0009480425097133649,False,20260911,5,1000
LN-near-degenerate,LN,0.05,5.0,366,0.07523695259311222,0.07418963168142603,-0.0010473209116861892,False,20260911,5,1000
LN-near-degenerate,LN,0.05,5.0,367,0.1527344598994332,0.14770448453054358,-0.005029975368889633,False,20260911,5,1000
LN-near-degenerate,LN,0.05,5.0,368,0.08959578893716778,0.09081198163070336,0.001216192693535581,True,20260911,5,1000
LN-near-degenerate,LN,0.05,5.0,369,0.07885694256037343,0.08983409892646174,0.010977156366088314,True,20260911,5,1000
LN-near-degenerate,LN,0.05,5.0,370,0.0833793494878713,0.08699842701560208,0.003619077527730774,True,20260911,5,1000
LN-near-degenerate,LN,0.05,5.0,371,0.08223142500670198,0.07582468212132366,-0.006406742885378319,False,20260911,5,1000
LN-near-degenerate,LN,0.05,5.0,372,0.09104414154978561,0.10287046464985836,0.011826323100072741,True,20260911,5,1000
LN-near-degenerate,LN,0.05,5.0,373,0.07549611930174828,0.0925602078598849,0.017064088558136625,True,20260911,5,1000
LN-near-degenerate,LN,0.05,5.0,374,0.0831569996910664,0.07472942211343701,-0.00842757757762938,False,20260911,5,1000
LN-near-degenerate,LN,0.05,5.0,375,0.07452517338056841,0.09260448830729096,0.018079314926722545,True,20260911,5,1000
LN-near-degenerate,LN,0.05,5.0,376,0.10247917281259941,0.09909462606620033,-0.0033845467463990836,False,20260911,5,1000
LN-near-degenerate,LN,0.05,5.0,377,0.07549677961895218,0.07925024585672458,0.003753466237772396,True,20260911,5,1000
LN-near-degenerate,LN,0.05,5.0,378,0.08254007708377255,0.07974043375338603,-0.0027996433303865143,False,20260911,5,1000
LN-near-degenerate,LN,0.05,5.0,379,0.09512750419851147,0.10448877062787276,0.00936126642936129,True,20260911,5,1000
LN-near-degenerate,LN,0.05,5.0,380,0.07480182289214149,0.0918620640830391,0.017060241190897607,True,20260911,5,1000
LN-near-degenerate,LN,0.05,5.0,381,0.0678272744336407,0.06695527628142715,-0.0008719981522135462,False,20260911,5,1000
LN-near-degenerate,LN,0.05,5.0,382,0.07261921186725885,0.07052833291438754,-0.002090878952871314,False,20260911,5,1000
LN-near-degenerate,LN,0.05,5.0,383,0.11120703355689346,0.10709351446159406,-0.004113519095299403,False,20260911,5,1000
LN-near-degenerate,LN,0.05,5.0,384,0.08599190213684721,0.08338239152717417,-0.0026095106096730436,False,20260911,5,1000
LN-near-degenerate,LN,0.05,5.0,385,0.07371170970964636,0.07424804558695039,0.0005363358773040339,True,20260911,5,1000
LN-near-degenerate,LN,0.05,5.0,386,0.09348154928234154,0.08989391562895097,-0.0035876336533905706,False,20260911,5,1000
LN-near-degenerate,LN,0.05,5.0,387,0.07244038500717688,0.07512460153684605,0.002684216529669173,True,20260911,5,1000
LN-near-degenerate,LN,0.05,5.0,388,0.080199481757165,0.0852501917172323,0.005050709960067304,True,20260911,5,1000
LN-near-degenerate,LN,0.05,5.0,389,0.09085631774339668,0.09022523799256552,-0.0006310797508311677,False,20260911,5,1000
LN-near-degenerate,LN,0.05,5.0,390,0.08200377937239492,0.080165838600684,-0.0018379407717109136,False,20260911,5,1000
LN-near-degenerate,LN,0.05,5.0,391,0.07593903887674502,0.08300674660287923,0.007067707726134201,True,20260911,5,1000
LN-near-degenerate,LN,0.05,5.0,392,0.08254330163049883,0.09116142762587287,0.008618125995374037,True,20260911,5,1000
LN-near-degenerate,LN,0.05,5.0,393,0.09607578855274462,0.10613063518598335,0.010054846633238732,True,20260911,5,1000
LN-near-degenerate,LN,0.05,5.0,394,0.07707343190779938,0.07641247671394041,-0.0006609551938589614,False,20260911,5,1000
LN-near-degenerate,LN,0.05,5.0,395,0.07523972244149314,0.07430828253821553,-0.0009314399032776116,False,20260911,5,1000
LN-near-degenerate,LN,0.05,5.0,396,0.08086943758198513,0.09361465935119591,0.01274522176921078,True,20260911,5,1000
LN-near-degenerate,LN,0.05,5.0,397,0.09826521281937513,0.091991649467762,-0.006273563351613123,False,20260911,5,1000
LN-near-degenerate,LN,0.05,5.0,398,0.07899638452911496,0.09886916454442399,0.019872780015309024,True,20260911,5,1000
LN-near-degenerate,LN,0.05,5.0,399,0.08045301502933495,0.08566409784318503,0.0052110828138500764,True,20260911,5,1000
LN-near-degenerate,LN,0.05,5.0,400,0.1012638796952641,0.11178653338058825,0.010522653685324151,True,20260911,5,1000
LN-near-degenerate,LN,0.05,5.0,401,0.08497714022159818,0.07255940221469723,-0.01241773800690095,False,20260911,5,1000
LN-near-degenerate,LN,0.05,5.0,402,0.06725008800238429,0.09698795422235369,0.029737866219969405,True,20260911,5,1000
LN-near-degenerate,LN,0.05,5.0,403,0.09419862765836129,0.08876261413044524,-0.005436013527916048,False,20260911,5,1000
LN-near-degenerate,LN,0.05,5.0,404,0.10038294598781732,0.09751448195239165,-0.0028684640354256635,False,20260911,5,1000
LN-near-degenerate,LN,0.05,5.0,405,0.08475622699407569,0.08594278371736787,0.0011865567232921814,True,20260911,5,1000
LN-near-degenerate,LN,0.05,5.0,406,0.07619834827819544,0.08892850652187706,0.012730158243681622,True,20260911,5,1000
LN-near-degenerate,LN,0.05,5.0,407,0.06977049417961027,0.07057613269630336,0.0008056385166930885,True,20260911,5,1000
LN-near-degenerate,LN,0.05,5.0,408,0.07717901255441627,0.07438771707340544,-0.0027912954810108276,False,20260911,5,1000
LN-near-degenerate,LN,0.05,5.0,409,0.07371444441152318,0.07302618597246602,-0.0006882584390571628,False,20260911,5,1000
LN-near-degenerate,LN,0.05,5.0,410,0.08008426077480721,0.08562154269587746,0.005537281921070253,True,20260911,5,1000
LN-near-degenerate,LN,0.05,5.0,411,0.08936733248941263,0.08164925248341577,-0.007718080005996858,False,20260911,5,1000
LN-near-degenerate,LN,0.05,5.0,412,0.07313624009379577,0.07127227602786507,-0.001863964065930701,False,20260911,5,1000
LN-near-degenerate,LN,0.05,5.0,413,0.10084742572630997,0.09782540760024074,-0.0030220181260692397,False,20260911,5,1000
LN-near-degenerate,LN,0.05,5.0,414,0.09117270954967804,0.09287383926482741,0.001701129715149366,True,20260911,5,1000
LN-near-degenerate,LN,0.05,5.0,415,0.074024424858807,0.0934611411486973,0.0194367162898903,True,20260911,5,1000
LN-near-degenerate,LN,0.05,5.0,416,0.07192148402663273,0.07323883440902187,0.001317350382389143,True,20260911,5,1000
LN-near-degenerate,LN,0.05,5.0,417,0.08049301882047499,0.09094517318373825,0.010452154363263258,True,20260911,5,1000
LN-near-degenerate,LN,0.05,5.0,418,0.08006772115398296,0.09929601992818685,0.019228298774203886,True,20260911,5,1000
LN-near-degenerate,LN,0.05,5.0,419,0.07705999099587632,0.07624975128889554,-0.0008102397069807837,False,20260911,5,1000
LN-near-degenerate,LN,0.05,5.0,420,0.08765074969116649,0.08631253447763779,-0.0013382152135286984,False,20260911,5,1000
LN-near-degenerate,LN,0.05,5.0,421,0.08215367269835791,0.08129432205618255,-0.0008593506421753633,False,20260911,5,1000
LN-near-degenerate,LN,0.05,5.0,422,0.10801329151940815,0.12311539032562523,0.015102098806217074,True,20260911,5,1000
LN-near-degenerate,LN,0.05,5.0,423,0.07212723019652482,0.07419102607095183,0.00206379587442701,True,20260911,5,1000
LN-near-degenerate,LN,0.05,5.0,424,0.11365995957323043,0.10847720450366354,-0.005182755069566891,False,20260911,5,1000
LN-near-degenerate,LN,0.05,5.0,425,0.08159329328041069,0.08299932699595927,0.0014060337155485797,True,20260911,5,1000
LN-near-degenerate,LN,0.05,5.0,426,0.09685152031364254,0.09775368160979127,0.0009021612961487291,True,20260911,5,1000
LN-near-degenerate,LN,0.05,5.0,427,0.06967625482091203,0.07064994383779791,0.0009736890168858814,True,20260911,5,1000
LN-near-degenerate,LN,0.05,5.0,428,0.0765679879180509,0.07453649191803355,-0.002031496000017355,False,20260911,5,1000
LN-near-degenerate,LN,0.05,5.0,429,0.12498686321672832,0.1184014341014816,-0.006585429115246719,False,20260911,5,1000
LN-near-degenerate,LN,0.05,5.0,430,0.07226286137800639,0.07143174923920735,-0.0008311121387990367,False,20260911,5,1000
LN-near-degenerate,LN,0.05,5.0,431,0.10329582847931493,0.09988296175940425,-0.0034128667199106733,False,20260911,5,1000
LN-near-degenerate,LN,0.05,5.0,432,0.07906875829403057,0.10254314762560089,0.023474389331570325,True,20260911,5,1000
LN-near-degenerate,LN,0.05,5.0,433,0.1611579295204991,0.171364035693244,0.010206106172744894,True,20260911,5,1000
LN-near-degenerate,LN,0.05,5.0,434,0.09139761112316422,0.09888214577015192,0.0074845346469877005,True,20260911,5,1000
LN-near-degenerate,LN,0.05,5.0,435,0.08429458236848512,0.0900979928079306,0.005803410439445475,True,20260911,5,1000
LN-near-degenerate,LN,0.05,5.0,436,0.0724641963334229,0.07143084878993915,-0.001033347543483748,False,20260911,5,1000
LN-near-degenerate,LN,0.05,5.0,437,0.12089902263744837,0.14538239549110818,0.024483372853659813,True,20260911,5,1000
LN-near-degenerate,LN,0.05,5.0,438,0.06983686208141673,0.0674664290678859,-0.0023704330135308344,False,20260911,5,1000
LN-near-degenerate,LN,0.05,5.0,439,0.08918272512372064,0.08290856634456036,-0.00627415877916028,False,20260911,5,1000
LN-near-degenerate,LN,0.05,5.0,440,0.11884136152835839,0.1221276886433481,0.003286327114989704,True,20260911,5,1000
LN-near-degenerate,LN,0.05,5.0,441,0.0730701938093863,0.07364570782397349,0.0005755140145871918,True,20260911,5,1000
LN-near-degenerate,LN,0.05,5.0,442,0.07495460767221218,0.07434094489289868,-0.0006136627793135035,False,20260911,5,1000
LN-near-degenerate,LN,0.05,5.0,443,0.07295838775017098,0.0736638040172511,0.0007054162670801223,True,20260911,5,1000
LN-near-degenerate,LN,0.05,5.0,444,0.07762255991461518,0.07071304196307852,-0.006909517951536659,False,20260911,5,1000
LN-near-degenerate,LN,0.05,5.0,445,0.07350817182894287,0.07404115013563169,0.0005329783066888166,True,20260911,5,1000
LN-near-degenerate,LN,0.05,5.0,446,0.07104789999888898,0.09610612771151426,0.02505822771262528,True,20260911,5,1000
LN-near-degenerate,LN,0.05,5.0,447,0.10633931592489633,0.10595497354077346,-0.00038434238412286825,False,20260911,5,1000
LN-near-degenerate,LN,0.05,5.0,448,0.08410735966639424,0.08465100225338855,0.0005436425869943112,True,20260911,5,1000
LN-near-degenerate,LN,0.05,5.0,449,0.07110355417053943,0.07189788050686445,0.0007943263363250214,True,20260911,5,1000
LN-near-degenerate,LN,0.05,5.0,450,0.08359747203863359,0.07514281439575449,-0.008454657642879101,False,20260911,5,1000
LN-near-degenerate,LN,0.05,5.0,451,0.09161951280455138,0.08614969435028967,-0.005469818454261713,False,20260911,5,1000
LN-near-degenerate,LN,0.05,5.0,452,0.09053233694768408,0.08498911620502049,-0.005543220742663585,False,20260911,5,1000
LN-near-degenerate,LN,0.05,5.0,453,0.07090622701628466,0.09607810849894159,0.025171881482656935,True,20260911,5,1000
LN-near-degenerate,LN,0.05,5.0,454,0.07720093194814513,0.07895679059199111,0.0017558586438459756,True,20260911,5,1000
LN-near-degenerate,LN,0.05,5.0,455,0.08754290483196224,0.10169815249567943,0.014155247663717188,True,20260911,5,1000
LN-near-degenerate,LN,0.05,5.0,456,0.08366728136816748,0.07847506108072413,-0.005192220287443344,False,20260911,5,1000
LN-near-degenerate,LN,0.05,5.0,457,0.09031910205596132,0.09289518894928028,0.0025760868933189657,True,20260911,5,1000
LN-near-degenerate,LN,0.05,5.0,458,0.09563508554560998,0.10477495409476238,0.0091398685491524,True,20260911,5,1000
LN-near-degenerate,LN,0.05,5.0,459,0.07494901218195973,0.07606781328008226,0.0011188010981225266,True,20260911,5,1000
LN-near-degenerate,LN,0.05,5.0,460,0.06947805016215206,0.06865854130201621,-0.000819508860135848,False,20260911,5,1000
LN-near-degenerate,LN,0.05,5.0,461,0.08736767386027147,0.08411372957149266,-0.003253944288778815,False,20260911,5,1000
LN-near-degenerate,LN,0.05,5.0,462,0.1219713076280771,0.13106464725195724,0.009093339623880134,True,20260911,5,1000
LN-near-degenerate,LN,0.05,5.0,463,0.07721571926615318,0.07845880828496195,0.0012430890188087629,True,20260911,5,1000
LN-near-degenerate,LN,0.05,5.0,464,0.07952780750518776,0.0763761703279165,-0.003151637177271252,False,20260911,5,1000
LN-near-degenerate,LN,0.05,5.0,465,0.07084836100510294,0.09138540217680924,0.020537041171706294,True,20260911,5,1000
LN-near-degenerate,LN,0.05,5.0,466,0.08314932226927879,0.07891659698065996,-0.00423272528861883,False,20260911,5,1000
LN-near-degenerate,LN,0.05,5.0,467,0.11164138525228469,0.10835089695413454,-0.0032904882981501515,False,20260911,5,1000
LN-near-degenerate,LN,0.05,5.0,468,0.07697597115911628,0.07132205097297352,-0.005653920186142761,False,20260911,5,1000
LN-near-degenerate,LN,0.05,5.0,469,0.08855830265398085,0.09036591124195223,0.0018076085879713821,True,20260911,5,1000
LN-near-degenerate,LN,0.05,5.0,470,0.07621401621680475,0.07441963181865162,-0.0017943843981531316,False,20260911,5,1000
LN-near-degenerate,LN,0.05,5.0,471,0.18162948322308756,0.1897783804476765,0.008148897224588947,True,20260911,5,1000
LN-near-degenerate,LN,0.05,5.0,472,0.10636189568510894,0.10297595726841334,-0.0033859384166955997,False,20260911,5,1000
LN-near-degenerate,LN,0.05,5.0,473,0.06962719957194165,0.0719283748487677,0.0023011752768260507,True,20260911,5,1000
LN-near-degenerate,LN,0.05,5.0,474,0.08176169916176908,0.08967548378292713,0.007913784621158049,True,20260911,5,1000
LN-near-degenerate,LN,0.05,5.0,475,0.07388323773652869,0.0767959981831216,0.0029127604465929158,True,20260911,5,1000
LN-near-degenerate,LN,0.05,5.0,476,0.08138831409750333,0.09136830895779921,0.009979994860295882,True,20260911,5,1000
LN-near-degenerate,LN,0.05,5.0,477,0.08383876259150443,0.0987218687166111,0.014883106125106668,True,20260911,5,1000
LN-near-degenerate,LN,0.05,5.0,478,0.07368435551177584,0.07286086106860588,-0.0008234944431699531,False,20260911,5,1000
LN-near-degenerate,LN,0.05,5.0,479,0.0740746133197175,0.1042383546464746,0.0301637413267571,True,20260911,5,1000
LN-near-degenerate,LN,0.05,5.0,480,0.09158821892324424,0.09567018319940385,0.0040819642761596026,True,20260911,5,1000
LN-near-degenerate,LN,0.05,5.0,481,0.07717967074000283,0.07742797833048672,0.0002483075904838872,True,20260911,5,1000
LN-near-degenerate,LN,0.05,5.0,482,0.08369364502703526,0.07306094808184677,-0.010632696945188494,False,20260911,5,1000
LN-near-degenerate,LN,0.05,5.0,483,0.08931245473271476,0.08661152568717304,-0.002700929045541728,False,20260911,5,1000
LN-near-degenerate,LN,0.05,5.0,484,0.07774167396013695,0.08591774193731434,0.00817606797717739,True,20260911,5,1000
LN-near-degenerate,LN,0.05,5.0,485,0.07147679303356023,0.09712628950903077,0.025649496475470532,True,20260911,5,1000
LN-near-degenerate,LN,0.05,5.0,486,0.08613795602311196,0.09532072687356918,0.009182770850457225,True,20260911,5,1000
LN-near-degenerate,LN,0.05,5.0,487,0.07648208408948975,0.08679118153944504,0.010309097449955285,True,20260911,5,1000
LN-near-degenerate,LN,0.05,5.0,488,0.09232059924132131,0.10771587165139523,0.01539527241007392,True,20260911,5,1000
LN-near-degenerate,LN,0.05,5.0,489,0.13129124188226624,0.12320770410034478,-0.00808353778192146,False,20260911,5,1000
LN-near-degenerate,LN,0.05,5.0,490,0.07254457198755994,0.07678479364618152,0.004240221658621576,True,20260911,5,1000
LN-near-degenerate,LN,0.05,5.0,491,0.08379049596412282,0.0734059386436776,-0.010384557320445215,False,20260911,5,1000
LN-near-degenerate,LN,0.05,5.0,492,0.08555363147865408,0.08337168839498484,-0.002181943083669244,False,20260911,5,1000
LN-near-degenerate,LN,0.05,5.0,493,0.08897341521938551,0.09560933280621897,0.006635917586833462,True,20260911,5,1000
LN-near-degenerate,LN,0.05,5.0,494,0.09643607793136863,0.08445236443072211,-0.011983713500646517,False,20260911,5,1000
LN-near-degenerate,LN,0.05,5.0,495,0.07250162694619647,0.07287687715250003,0.0003752502063035651,True,20260911,5,1000
LN-near-degenerate,LN,0.05,5.0,496,0.08470918070996719,0.07968946803049853,-0.0050197126794686575,False,20260911,5,1000
LN-near-degenerate,LN,0.05,5.0,497,0.08696566194671757,0.07740387582375009,-0.009561786122967472,False,20260911,5,1000
LN-near-degenerate,LN,0.05,5.0,498,0.09656715465510582,0.1060225138978725,0.009455359242766678,True,20260911,5,1000
LN-near-degenerate,LN,0.05,5.0,499,0.0771521943447755,0.08545243655365767,0.008300242208882175,True,20260911,5,1000
LN-near-degenerate,LN,0.05,5.0,500,0.06977504182740131,0.06871759888979288,-0.0010574429376084271,False,20260911,5,1000
LN-near-degenerate,LN,0.05,5.0,501,0.09148074996459617,0.09291537991849476,0.0014346299538985918,True,20260911,5,1000
LN-near-degenerate,LN,0.05,5.0,502,0.15859829417924143,0.17089780197494456,0.01229950779570313,True,20260911,5,1000
LN-near-degenerate,LN,0.05,5.0,503,0.07721163431608015,0.0924532945141697,0.015241660198089549,True,20260911,5,1000
LN-near-degenerate,LN,0.05,5.0,504,0.10552064033145868,0.10159055433405907,-0.003930085997399607,False,20260911,5,1000
LN-near-degenerate,LN,0.05,5.0,505,0.07954946900939432,0.0830789571549615,0.0035294881455671806,True,20260911,5,1000
LN-near-degenerate,LN,0.05,5.0,506,0.06890412097815944,0.06974625861280323,0.0008421376346437887,True,20260911,5,1000
LN-near-degenerate,LN,0.05,5.0,507,0.09820567756300877,0.09459649652816807,-0.0036091810348407027,False,20260911,5,1000
LN-near-degenerate,LN,0.05,5.0,508,0.076531702939732,0.07136513391622473,-0.0051665690235072614,False,20260911,5,1000
LN-near-degenerate,LN,0.05,5.0,509,0.0991740481883201,0.10295988831790269,0.0037858401295825933,True,20260911,5,1000
LN-near-degenerate,LN,0.05,5.0,510,0.0762657323156217,0.08450985456162903,0.008244122246007332,True,20260911,5,1000
LN-near-degenerate,LN,0.05,5.0,511,0.08730931171805274,0.10694834423058243,0.019639032512529686,True,20260911,5,1000
LN-near-degenerate,LN,0.05,5.0,512,0.08035900969254775,0.07981847744720157,-0.0005405322453461842,False,20260911,5,1000
LN-near-degenerate,LN,0.05,5.0,513,0.07741138828334938,0.07063812463961923,-0.006773263643730154,False,20260911,5,1000
LN-near-degenerate,LN,0.05,5.0,514,0.07540276460837861,0.07884735511682775,0.0034445905084491413,True,20260911,5,1000
LN-near-degenerate,LN,0.05,5.0,515,0.06777083257028624,0.06799650368407875,0.0002256711137925138,True,20260911,5,1000
LN-near-degenerate,LN,0.05,5.0,516,0.08769674381942295,0.08825648929655693,0.0005597454771339716,True,20260911,5,1000
LN-near-degenerate,LN,0.05,5.0,517,0.10375285093641472,0.10021936998628776,-0.003533480950126955,False,20260911,5,1000
LN-near-degenerate,LN,0.05,5.0,518,0.08391845544826779,0.08091880599724166,-0.0029996494510261262,False,20260911,5,1000
LN-near-degenerate,LN,0.05,5.0,519,0.07371408141584815,0.0846625997563872,0.010948518340539046,True,20260911,5,1000
LN-near-degenerate,LN,0.05,5.0,520,0.12510660129952206,0.1304849399640907,0.005378338664568633,True,20260911,5,1000
LN-near-degenerate,LN,0.05,5.0,521,0.07467531570487343,0.07389187412991531,-0.0007834415749581186,False,20260911,5,1000
LN-near-degenerate,LN,0.05,5.0,522,0.08494496185002165,0.09048737776634476,0.00554241591632311,True,20260911,5,1000
LN-near-degenerate,LN,0.05,5.0,523,0.07690398743976377,0.07480760196262727,-0.002096385477136503,False,20260911,5,1000
LN-near-degenerate,LN,0.05,5.0,524,0.08292710761008727,0.07624957395877136,-0.006677533651315917,False,20260911,5,1000
LN-near-degenerate,LN,0.05,5.0,525,0.07930145210243059,0.07979900176377953,0.0004975496613489477,True,20260911,5,1000
LN-near-degenerate,LN,0.05,5.0,526,0.07317617131699855,0.07471952768751329,0.0015433563705147396,True,20260911,5,1000
LN-near-degenerate,LN,0.05,5.0,527,0.07638053631900041,0.07968876808016312,0.003308231761162711,True,20260911,5,1000
LN-near-degenerate,LN,0.05,5.0,528,0.12528475537232553,0.1352688161900463,0.009984060817720769,True,20260911,5,1000
LN-near-degenerate,LN,0.05,5.0,529,0.06776382671737238,0.06796470784631818,0.00020088112894579846,True,20260911,5,1000
LN-near-degenerate,LN,0.05,5.0,530,0.08531419972141147,0.08145330866422869,-0.0038608910571827776,False,20260911,5,1000
LN-near-degenerate,LN,0.05,5.0,531,0.07847862887210932,0.08618386074190827,0.007705231869798948,True,20260911,5,1000
LN-near-degenerate,LN,0.05,5.0,532,0.0877224358331747,0.08116851421659677,-0.006553921616577932,False,20260911,5,1000
LN-near-degenerate,LN,0.05,5.0,533,0.0837443829344268,0.10503441158347629,0.021290028649049483,True,20260911,5,1000
LN-near-degenerate,LN,0.05,5.0,534,0.08520979315453589,0.08273452738073417,-0.0024752657738017214,False,20260911,5,1000
LN-near-degenerate,LN,0.05,5.0,535,0.08069596633343064,0.1022548123958852,0.021558846062454562,True,20260911,5,1000
LN-near-degenerate,LN,0.05,5.0,536,0.07684110971804753,0.07656101158723409,-0.00028009813081343593,False,20260911,5,1000
LN-near-degenerate,LN,0.05,5.0,537,0.0749119340173132,0.08527485626626072,0.010362922248947512,True,20260911,5,1000
LN-near-degenerate,LN,0.05,5.0,538,0.06566020925781772,0.07862561519451124,0.012965405936693514,True,20260911,5,1000
LN-near-degenerate,LN,0.05,5.0,539,0.11031102350334344,0.12015646330986822,0.009845439806524775,True,20260911,5,1000
LN-near-degenerate,LN,0.05,5.0,540,0.08008374432189538,0.09564190625053869,0.015558161928643302,True,20260911,5,1000
LN-near-degenerate,LN,0.05,5.0,541,0.07203424273261476,0.07049238716876417,-0.001541855563850586,False,20260911,5,1000
LN-near-degenerate,LN,0.05,5.0,542,0.07904364372302246,0.10146289316484404,0.02241924944182158,True,20260911,5,1000
LN-near-degenerate,LN,0.05,5.0,543,0.12678446503977292,0.13810888597140394,0.011324420931631024,True,20260911,5,1000
LN-near-degenerate,LN,0.05,5.0,544,0.0742742431510714,0.07312584751599843,-0.001148395635072963,False,20260911,5,1000
LN-near-degenerate,LN,0.05,5.0,545,0.07273514719121633,0.07038377434694099,-0.0023513728442753484,False,20260911,5,1000
LN-near-degenerate,LN,0.05,5.0,546,0.1026560536422616,0.09862383087695191,-0.004032222765309693,False,20260911,5,1000
LN-near-degenerate,LN,0.05,5.0,547,0.06948495443654477,0.07090943643969067,0.001424482003145891,True,20260911,5,1000
LN-near-degenerate,LN,0.05,5.0,548,0.08009674837627813,0.0912019046347922,0.011105156258514076,True,20260911,5,1000
LN-near-degenerate,LN,0.05,5.0,549,0.08427114480376777,0.08126968613287207,-0.0030014586708956986,False,20260911,5,1000
LN-near-degenerate,LN,0.05,5.0,550,0.0929187014312412,0.08935328836963564,-0.0035654130616055574,False,20260911,5,1000
LN-near-degenerate,LN,0.05,5.0,551,0.07416942030337391,0.08757805573994586,0.013408635436571947,True,20260911,5,1000
LN-near-degenerate,LN,0.05,5.0,552,0.08249257065810849,0.07954017417163353,-0.0029523964864749536,False,20260911,5,1000
LN-near-degenerate,LN,0.05,5.0,553,0.10470650295306376,0.11213761023552284,0.007431107282459076,True,20260911,5,1000
LN-near-degenerate,LN,0.05,5.0,554,0.07280276783572417,0.07312304078552756,0.00032027294980338517,True,20260911,5,1000
LN-near-degenerate,LN,0.05,5.0,555,0.09400693634456196,0.10157814946484198,0.007571213120280015,True,20260911,5,1000
LN-near-degenerate,LN,0.05,5.0,556,0.090782340700633,0.08894043797376827,-0.0018419027268647276,False,20260911,5,1000
LN-near-degenerate,LN,0.05,5.0,557,0.09243788019230068,0.12046087555405108,0.028022995361750402,True,20260911,5,1000
LN-near-degenerate,LN,0.05,5.0,558,0.07213677997154136,0.07242475508138677,0.0002879751098454064,True,20260911,5,1000
LN-near-degenerate,LN,0.05,5.0,559,0.07218851226734667,0.07139262473422003,-0.0007958875331266352,False,20260911,5,1000
LN-near-degenerate,LN,0.05,5.0,560,0.10409370191377036,0.10150305523017565,-0.0025906466835947106,False,20260911,5,1000
LN-near-degenerate,LN,0.05,5.0,561,0.07182547425508805,0.07209082222679467,0.00026534797170661706,True,20260911,5,1000
LN-near-degenerate,LN,0.05,5.0,562,0.07068351383403172,0.07364339223891277,0.0029598784048810445,True,20260911,5,1000
LN-near-degenerate,LN,0.05,5.0,563,0.09418402865063363,0.09576557367230862,0.001581545021674985,True,20260911,5,1000
LN-near-degenerate,LN,0.05,5.0,564,0.10940957014296175,0.1184793461425895,0.009069775999627744,True,20260911,5,1000
LN-near-degenerate,LN,0.05,5.0,565,0.07266318821832732,0.0731041264847987,0.00044093826647138845,True,20260911,5,1000
LN-near-degenerate,LN,0.05,5.0,566,0.08630389167350482,0.08258576206091695,-0.00371812961258787,False,20260911,5,1000
LN-near-degenerate,LN,0.05,5.0,567,0.08268873703003411,0.07418172460180908,-0.008507012428225033,False,20260911,5,1000
LN-near-degenerate,LN,0.05,5.0,568,0.07736293273633088,0.08006332844969202,0.0027003957133611423,True,20260911,5,1000
LN-near-degenerate,LN,0.05,5.0,569,0.07677095193002723,0.0954732324313291,0.018702280501301877,True,20260911,5,1000
LN-near-degenerate,LN,0.05,5.0,570,0.07459890888643464,0.08433847244429435,0.00973956355785971,True,20260911,5,1000
LN-near-degenerate,LN,0.05,5.0,571,0.08290970235668979,0.0793632732108059,-0.003546429145883892,False,20260911,5,1000
LN-near-degenerate,LN,0.05,5.0,572,0.08084881567679392,0.10032370384353038,0.019474888166736468,True,20260911,5,1000
LN-near-degenerate,LN,0.05,5.0,573,0.13986431281233902,0.14774864604799617,0.007884333235657154,True,20260911,5,1000
LN-near-degenerate,LN,0.05,5.0,574,0.08443209665288318,0.08544449938404415,0.0010124027311609746,True,20260911,5,1000
LN-near-degenerate,LN,0.05,5.0,575,0.07662183199053475,0.07684889225281821,0.00022706026228346,True,20260911,5,1000
LN-near-degenerate,LN,0.05,5.0,576,0.07912805907615812,0.07744809576344376,-0.001679963312714361,False,20260911,5,1000
LN-near-degenerate,LN,0.05,5.0,577,0.07841159801677842,0.07879808663972603,0.00038648862294760056,True,20260911,5,1000
LN-near-degenerate,LN,0.05,5.0,578,0.07753444873784149,0.07614023223368485,-0.0013942165041566368,False,20260911,5,1000
LN-near-degenerate,LN,0.05,5.0,579,0.07258970118719196,0.07167532843292077,-0.0009143727542711977,False,20260911,5,1000
LN-near-degenerate,LN,0.05,5.0,580,0.08914336512915227,0.11375370770283152,0.02461034257367925,True,20260911,5,1000
LN-near-degenerate,LN,0.05,5.0,581,0.06814014887606966,0.06967804785155986,0.0015378989754901984,True,20260911,5,1000
LN-near-degenerate,LN,0.05,5.0,582,0.08360334505978652,0.09174782431460286,0.008144479254816345,True,20260911,5,1000
LN-near-degenerate,LN,0.05,5.0,583,0.08540398904757068,0.08282792236179115,-0.0025760666857795322,False,20260911,5,1000
LN-near-degenerate,LN,0.05,5.0,584,0.12350030226850277,0.12121139813001623,-0.002288904138486536,False,20260911,5,1000
LN-near-degenerate,LN,0.05,5.0,585,0.12820679897380338,0.13836575441461776,0.010158955440814382,True,20260911,5,1000
LN-near-degenerate,LN,0.05,5.0,586,0.10248004370343235,0.09343368451104882,-0.00904635919238353,False,20260911,5,1000
LN-near-degenerate,LN,0.05,5.0,587,0.09494148426368687,0.09646357157176803,0.001522087308081163,True,20260911,5,1000
LN-near-degenerate,LN,0.05,5.0,588,0.07995375856371469,0.07645381124131934,-0.0034999473223953498,False,20260911,5,1000
LN-near-degenerate,LN,0.05,5.0,589,0.10027534295112443,0.10368457850492872,0.0034092355538042907,True,20260911,5,1000
LN-near-degenerate,LN,0.05,5.0,590,0.08352566264243008,0.0816683474707923,-0.0018573151716377856,False,20260911,5,1000
LN-near-degenerate,LN,0.05,5.0,591,0.06888045994459623,0.07803951549247512,0.009159055547878894,True,20260911,5,1000
LN-near-degenerate,LN,0.05,5.0,592,0.10795236758320324,0.11913162149564938,0.011179253912446133,True,20260911,5,1000
LN-near-degenerate,LN,0.05,5.0,593,0.09509762287171093,0.10048314533779457,0.005385522466083634,True,20260911,5,1000
LN-near-degenerate,LN,0.05,5.0,594,0.08403965453842702,0.09225185204895542,0.008212197510528402,True,20260911,5,1000
LN-near-degenerate,LN,0.05,5.0,595,0.09164191700902392,0.09262450513463136,0.0009825881256074337,True,20260911,5,1000
LN-near-degenerate,LN,0.05,5.0,596,0.08563467718994634,0.08260592436812753,-0.003028752821818817,False,20260911,5,1000
LN-near-degenerate,LN,0.05,5.0,597,0.07482912838071146,0.07741553386193699,0.0025864054812255316,True,20260911,5,1000
LN-near-degenerate,LN,0.05,5.0,598,0.07025197048088562,0.07042124130896435,0.00016927082807872973,True,20260911,5,1000
LN-near-degenerate,LN,0.05,5.0,599,0.09487589167336052,0.09015887899502206,-0.004717012678338461,False,20260911,5,1000
LN-near-degenerate,LN,0.05,5.0,600,0.07589626278234954,0.07469008731511544,-0.0012061754672341024,False,20260911,5,1000
LN-near-degenerate,LN,0.05,5.0,601,0.07315325775032724,0.07479257929782152,0.0016393215474942713,True,20260911,5,1000
LN-near-degenerate,LN,0.05,5.0,602,0.1068659616597185,0.13741226748849125,0.030546305828772755,True,20260911,5,1000
LN-near-degenerate,LN,0.05,5.0,603,0.07689646051231379,0.07458545036653152,-0.0023110101457822635,False,20260911,5,1000
LN-near-degenerate,LN,0.05,5.0,604,0.07118290636222126,0.07220531018649558,0.0010224038242743205,True,20260911,5,1000
LN-near-degenerate,LN,0.05,5.0,605,0.0746567520215892,0.07416385279292056,-0.0004928992286686307,False,20260911,5,1000
LN-near-degenerate,LN,0.05,5.0,606,0.09182817630608348,0.0994250802639612,0.007596903957877724,True,20260911,5,1000
LN-near-degenerate,LN,0.05,5.0,607,0.08659972804386772,0.0889542057952733,0.0023544777514055842,True,20260911,5,1000
LN-near-degenerate,LN,0.05,5.0,608,0.08489446294406366,0.06961111530007962,-0.01528334764398405,False,20260911,5,1000
LN-near-degenerate,LN,0.05,5.0,609,0.08311793234712912,0.08018728123500396,-0.0029306511121251627,False,20260911,5,1000
LN-near-degenerate,LN,0.05,5.0,610,0.07038897470576057,0.07033637261134408,-5.260209441648733e-05,False,20260911,5,1000
LN-near-degenerate,LN,0.05,5.0,611,0.07286267728858273,0.07130535532775126,-0.0015573219608314703,False,20260911,5,1000
LN-near-degenerate,LN,0.05,5.0,612,0.07651570350294595,0.08043571152908932,0.003920008026143368,True,20260911,5,1000
LN-near-degenerate,LN,0.05,5.0,613,0.07103611354580461,0.0934834428402775,0.022447329294472892,True,20260911,5,1000
LN-near-degenerate,LN,0.05,5.0,614,0.0750289409007129,0.0787940676943939,0.0037651267936810034,True,20260911,5,1000
LN-near-degenerate,LN,0.05,5.0,615,0.1138715629575664,0.1060781661225591,-0.0077933968350072935,False,20260911,5,1000
LN-near-degenerate,LN,0.05,5.0,616,0.07526664078012413,0.07369921015957487,-0.0015674306205492594,False,20260911,5,1000
LN-near-degenerate,LN,0.05,5.0,617,0.07862639447156547,0.08084987711254751,0.002223482640982044,True,20260911,5,1000
LN-near-degenerate,LN,0.05,5.0,618,0.07113694749468616,0.07109611113878693,-4.083635589922918e-05,False,20260911,5,1000
LN-near-degenerate,LN,0.05,5.0,619,0.07226898449606373,0.07283933912253002,0.0005703546264662906,True,20260911,5,1000
LN-near-degenerate,LN,0.05,5.0,620,0.07441732081653539,0.0946803619872488,0.02026304117071341,True,20260911,5,1000
LN-near-degenerate,LN,0.05,5.0,621,0.09280811135107433,0.08991792862435403,-0.0028901827267203,False,20260911,5,1000
LN-near-degenerate,LN,0.05,5.0,622,0.0787892047250672,0.11278395319071334,0.03399474846564614,True,20260911,5,1000
LN-near-degenerate,LN,0.05,5.0,623,0.07579670067671263,0.06852547090645357,-0.007271229770259055,False,20260911,5,1000
LN-near-degenerate,LN,0.05,5.0,624,0.0672975358796754,0.06766001206746103,0.00036247618778563473,True,20260911,5,1000
LN-near-degenerate,LN,0.05,5.0,625,0.07633526745169239,0.07102702898756086,-0.005308238464131532,False,20260911,5,1000
LN-near-degenerate,LN,0.05,5.0,626,0.08734142880695596,0.08875599556516717,0.0014145667582112081,True,20260911,5,1000
LN-near-degenerate,LN,0.05,5.0,627,0.07523458562924044,0.09742452947746018,0.022189943848219734,True,20260911,5,1000
LN-near-degenerate,LN,0.05,5.0,628,0.07076555885274494,0.07062151026989233,-0.00014404858285260724,False,20260911,5,1000
LN-near-degenerate,LN,0.05,5.0,629,0.06647327171500407,0.07510260823898889,0.008629336523984815,True,20260911,5,1000
LN-near-degenerate,LN,0.05,5.0,630,0.07602274673720281,0.07431895715580646,-0.0017037895813963588,False,20260911,5,1000
LN-near-degenerate,LN,0.05,5.0,631,0.07487086628265488,0.07435696047435099,-0.0005139058083038911,False,20260911,5,1000
LN-near-degenerate,LN,0.05,5.0,632,0.08678385797671184,0.08063086344772083,-0.006152994528991013,False,20260911,5,1000
LN-near-degenerate,LN,0.05,5.0,633,0.07345930294516073,0.07762386706500533,0.004164564119844602,True,20260911,5,1000
LN-near-degenerate,LN,0.05,5.0,634,0.07698974872546518,0.08162146146866657,0.0046317127432013855,True,20260911,5,1000
LN-near-degenerate,LN,0.05,5.0,635,0.1275312219136935,0.13869620232325547,0.011164980409561959,True,20260911,5,1000
LN-near-degenerate,LN,0.05,5.0,636,0.08475905644536198,0.08365048160985596,-0.0011085748355060265,False,20260911,5,1000
LN-near-degenerate,LN,0.05,5.0,637,0.07507280649526521,0.08557713157176913,0.010504325076503923,True,20260911,5,1000
LN-near-degenerate,LN,0.05,5.0,638,0.08126921818465747,0.11680923401209915,0.03554001582744168,True,20260911,5,1000
LN-near-degenerate,LN,0.05,5.0,639,0.07295007519139908,0.07311901942521344,0.00016894423381436097,True,20260911,5,1000
LN-near-degenerate,LN,0.05,5.0,640,0.07359997421722393,0.07270759827743965,-0.000892375939784279,False,20260911,5,1000
LN-near-degenerate,LN,0.05,5.0,641,0.07478819427685934,0.0700387891681793,-0.004749405108680049,False,20260911,5,1000
LN-near-degenerate,LN,0.05,5.0,642,0.07714879314982002,0.07662391295253106,-0.0005248801972889683,False,20260911,5,1000
LN-near-degenerate,LN,0.05,5.0,643,0.07057151090123417,0.07178940962368931,0.0012178987224551324,True,20260911,5,1000
LN-near-degenerate,LN,0.05,5.0,644,0.07000602019984553,0.0848630225578234,0.014857002357977864,True,20260911,5,1000
LN-near-degenerate,LN,0.05,5.0,645,0.09526129534623763,0.10500057635079404,0.009739281004556413,True,20260911,5,1000
LN-near-degenerate,LN,0.05,5.0,646,0.06994630928666597,0.06953837817454601,-0.0004079311121199525,False,20260911,5,1000
LN-near-degenerate,LN,0.05,5.0,647,0.07466673940566114,0.07489417811855897,0.00022743871289783446,True,20260911,5,1000
LN-near-degenerate,LN,0.05,5.0,648,0.08460065746412881,0.11452450482308252,0.029923847358953704,True,20260911,5,1000
LN-near-degenerate,LN,0.05,5.0,649,0.09439035265081475,0.08480093078480712,-0.009589421866007627,False,20260911,5,1000
LN-near-degenerate,LN,0.05,5.0,650,0.10656072818931293,0.10239423387353395,-0.004166494315778979,False,20260911,5,1000
LN-near-degenerate,LN,0.05,5.0,651,0.07687977248893707,0.08017731640846068,0.00329754391952361,True,20260911,5,1000
LN-near-degenerate,LN,0.05,5.0,652,0.06797191306341707,0.06759236997868626,-0.00037954308473081566,False,20260911,5,1000
LN-near-degenerate,LN,0.05,5.0,653,0.14998271468015936,0.14601611051322355,-0.003966604166935811,False,20260911,5,1000
LN-near-degenerate,LN,0.05,5.0,654,0.06820102932357834,0.06842072206651875,0.00021969274294041108,True,20260911,5,1000
LN-near-degenerate,LN,0.05,5.0,655,0.07427186325510945,0.07965344492495285,0.005381581669843399,True,20260911,5,1000
LN-near-degenerate,LN,0.05,5.0,656,0.10232015978506614,0.09942161439014643,-0.0028985453949197104,False,20260911,5,1000
LN-near-degenerate,LN,0.05,5.0,657,0.0762916353951321,0.07483509151693082,-0.0014565438782012802,False,20260911,5,1000
LN-near-degenerate,LN,0.05,5.0,658,0.07781977122647973,0.07552571808851058,-0.0022940531379691542,False,20260911,5,1000
LN-near-degenerate,LN,0.05,5.0,659,0.10006770442947792,0.1034705584002616,0.003402853970783687,True,20260911,5,1000
LN-near-degenerate,LN,0.05,5.0,660,0.07216954075182343,0.07529495158195451,0.003125410830131084,True,20260911,5,1000
LN-near-degenerate,LN,0.05,5.0,661,0.09416292541987663,0.08325303915936719,-0.010909886260509441,False,20260911,5,1000
LN-near-degenerate,LN,0.05,5.0,662,0.07812642219611002,0.07744771520477924,-0.0006787069913307825,False,20260911,5,1000
LN-near-degenerate,LN,0.05,5.0,663,0.08016612676224058,0.10768569400467405,0.02751956724243347,True,20260911,5,1000
LN-near-degenerate,LN,0.05,5.0,664,0.06901806945633938,0.07014298407157417,0.0011249146152347844,True,20260911,5,1000
LN-near-degenerate,LN,0.05,5.0,665,0.07648057115379503,0.08537990937489894,0.008899338221103906,True,20260911,5,1000
LN-near-degenerate,LN,0.05,5.0,666,0.08451189331057667,0.0967190708503667,0.012207177539790032,True,20260911,5,1000
LN-near-degenerate,LN,0.05,5.0,667,0.0836171289048144,0.08954214209393818,0.005925013189123779,True,20260911,5,1000
LN-near-degenerate,LN,0.05,5.0,668,0.08137703935792107,0.09842774142986077,0.017050702071939705,True,20260911,5,1000
LN-near-degenerate,LN,0.05,5.0,669,0.1103469765075108,0.1056507753292213,-0.004696201178289491,False,20260911,5,1000
LN-near-degenerate,LN,0.05,5.0,670,0.07232092384630413,0.07492780026743888,0.002606876421134746,True,20260911,5,1000
LN-near-degenerate,LN,0.05,5.0,671,0.09749390259849504,0.08938730248858029,-0.00810660010991475,False,20260911,5,1000
LN-near-degenerate,LN,0.05,5.0,672,0.11229693611863,0.118993784232018,0.006696848113387999,True,20260911,5,1000
LN-near-degenerate,LN,0.05,5.0,673,0.10031121320687413,0.09993161766239375,-0.0003795955444803739,False,20260911,5,1000
LN-near-degenerate,LN,0.05,5.0,674,0.07161590827758421,0.07165850729824452,4.259902066031107e-05,True,20260911,5,1000
LN-near-degenerate,LN,0.05,5.0,675,0.06752696886164741,0.06645847728564332,-0.0010684915760040964,False,20260911,5,1000
LN-near-degenerate,LN,0.05,5.0,676,0.07780904851581386,0.07941036018094291,0.001601311665129057,True,20260911,5,1000
LN-near-degenerate,LN,0.05,5.0,677,0.07875767968494952,0.07579330046365261,-0.0029643792212969144,False,20260911,5,1000
LN-near-degenerate,LN,0.05,5.0,678,0.08773299054312159,0.1051743468523951,0.017441356309273515,True,20260911,5,1000
LN-near-degenerate,LN,0.05,5.0,679,0.08194676811687092,0.07814491201935102,-0.003801856097519901,False,20260911,5,1000
LN-near-degenerate,LN,0.05,5.0,680,0.08572063776019342,0.08292334789053228,-0.002797289869661143,False,20260911,5,1000
LN-near-degenerate,LN,0.05,5.0,681,0.08242764070202861,0.08958951965402166,0.00716187895199305,True,20260911,5,1000
LN-near-degenerate,LN,0.05,5.0,682,0.06777237968447355,0.09577899641714302,0.028006616732669465,True,20260911,5,1000
LN-near-degenerate,LN,0.05,5.0,683,0.0805206131772428,0.07780893336517726,-0.0027116798120655344,False,20260911,5,1000
LN-near-degenerate,LN,0.05,5.0,684,0.08615918064889576,0.08116576844250091,-0.004993412206394848,False,20260911,5,1000
LN-near-degenerate,LN,0.05,5.0,685,0.06954775113782642,0.06993690612588482,0.00038915498805840165,True,20260911,5,1000
LN-near-degenerate,LN,0.05,5.0,686,0.07487500608374653,0.07916454233082679,0.004289536247080256,True,20260911,5,1000
LN-near-degenerate,LN,0.05,5.0,687,0.12520347047422348,0.1261468917766784,0.0009434213024549221,True,20260911,5,1000
LN-near-degenerate,LN,0.05,5.0,688,0.08834334583807503,0.08240669068820204,-0.005936655149872988,False,20260911,5,1000
LN-near-degenerate,LN,0.05,5.0,689,0.10772424917762023,0.1247019507463146,0.016977701568694367,True,20260911,5,1000
LN-near-degenerate,LN,0.05,5.0,690,0.09185675729168828,0.09160884324055832,-0.00024791405112996323,False,20260911,5,1000
LN-near-degenerate,LN,0.05,5.0,691,0.0885464854367016,0.09189491588328848,0.003348430446586878,True,20260911,5,1000
LN-near-degenerate,LN,0.05,5.0,692,0.08186482294466586,0.07293190196761462,-0.008932920977051242,False,20260911,5,1000
LN-near-degenerate,LN,0.05,5.0,693,0.06946127557970515,0.07057032265070005,0.0011090470709949063,True,20260911,5,1000
LN-near-degenerate,LN,0.05,5.0,694,0.07437478148360419,0.07827948226977041,0.0039047007861662264,True,20260911,5,1000
LN-near-degenerate,LN,0.05,5.0,695,0.08199539892802903,0.07087080858054391,-0.011124590347485114,False,20260911,5,1000
LN-near-degenerate,LN,0.05,5.0,696,0.12620848209668,0.12268497144185282,-0.003523510654827186,False,20260911,5,1000
LN-near-degenerate,LN,0.05,5.0,697,0.09642719761513936,0.0920728299099828,-0.004354367705156556,False,20260911,5,1000
LN-near-degenerate,LN,0.05,5.0,698,0.0833897567837323,0.07827918349651215,-0.005110573287220144,False,20260911,5,1000
LN-near-degenerate,LN,0.05,5.0,699,0.06913937615618902,0.07026813269989737,0.0011287565437083508,True,20260911,5,1000
LN-near-degenerate,LN,0.05,5.0,700,0.06911482658330079,0.07087402908236265,0.0017592024990618627,True,20260911,5,1000
LN-near-degenerate,LN,0.05,5.0,701,0.070372854650705,0.06941474328578333,-0.0009581113649216738,False,20260911,5,1000
LN-near-degenerate,LN,0.05,5.0,702,0.0793031893672645,0.07391948012739998,-0.005383709239864531,False,20260911,5,1000
LN-near-degenerate,LN,0.05,5.0,703,0.08460594232346862,0.08894467989950025,0.004338737576031634,True,20260911,5,1000
LN-near-degenerate,LN,0.05,5.0,704,0.08167434304478959,0.08828018337896995,0.006605840334180366,True,20260911,5,1000
LN-near-degenerate,LN,0.05,5.0,705,0.07221272889468047,0.07178420914950381,-0.0004285197451766587,False,20260911,5,1000
LN-near-degenerate,LN,0.05,5.0,706,0.07059964864729722,0.07076593452746278,0.00016628588016556756,True,20260911,5,1000
LN-near-degenerate,LN,0.05,5.0,707,0.09285114718566417,0.11738660991350805,0.024535462727843876,True,20260911,5,1000
LN-near-degenerate,LN,0.05,5.0,708,0.07106774504278009,0.0713255532980139,0.00025780825523381845,True,20260911,5,1000
LN-near-degenerate,LN,0.05,5.0,709,0.07758111472115828,0.10415921492873939,0.026578100207581112,True,20260911,5,1000
LN-near-degenerate,LN,0.05,5.0,710,0.08423631306350496,0.09280586320303762,0.008569550139532658,True,20260911,5,1000
LN-near-degenerate,LN,0.05,5.0,711,0.07896876046341275,0.07790317049214732,-0.0010655899712654349,False,20260911,5,1000
LN-near-degenerate,LN,0.05,5.0,712,0.07908588483672406,0.08536906049694325,0.006283175660219187,True,20260911,5,1000
LN-near-degenerate,LN,0.05,5.0,713,0.08847918405326581,0.10979898385977481,0.021319799806509,True,20260911,5,1000
LN-near-degenerate,LN,0.05,5.0,714,0.11361997962215999,0.11167497749593794,-0.001945002126222048,False,20260911,5,1000
LN-near-degenerate,LN,0.05,5.0,715,0.08043187735563634,0.07481149850894075,-0.005620378846695584,False,20260911,5,1000
LN-near-degenerate,LN,0.05,5.0,716,0.10643917927799833,0.11713003441176831,0.01069085513376998,True,20260911,5,1000
LN-near-degenerate,LN,0.05,5.0,717,0.07288356776997992,0.07340721792524876,0.00052365015526884,True,20260911,5,1000
LN-near-degenerate,LN,0.05,5.0,718,0.07548396272296079,0.10778597351373229,0.032302010790771496,True,20260911,5,1000
LN-near-degenerate,LN,0.05,5.0,719,0.08209048534128631,0.09807496525863198,0.015984479917345668,True,20260911,5,1000
LN-near-degenerate,LN,0.05,5.0,720,0.09613921109258998,0.10087506762262209,0.004735856530032112,True,20260911,5,1000
LN-near-degenerate,LN,0.05,5.0,721,0.07085215252968889,0.0717933592357211,0.0009412067060322049,True,20260911,5,1000
LN-near-degenerate,LN,0.05,5.0,722,0.07410671301912258,0.0733625203220873,-0.0007441926970352813,False,20260911,5,1000
LN-near-degenerate,LN,0.05,5.0,723,0.1037577158987956,0.11159832105902945,0.007840605160233854,True,20260911,5,1000
LN-near-degenerate,LN,0.05,5.0,724,0.09749057682042374,0.09149054812969315,-0.006000028690730588,False,20260911,5,1000
LN-near-degenerate,LN,0.05,5.0,725,0.07184548582088297,0.0749591972430179,0.0031137114221349294,True,20260911,5,1000
LN-near-degenerate,LN,0.05,5.0,726,0.08236690270313066,0.08976227576132266,0.0073953730581920035,True,20260911,5,1000
LN-near-degenerate,LN,0.05,5.0,727,0.07325884228127161,0.07325696906921006,-1.873212061548335e-06,False,20260911,5,1000
LN-near-degenerate,LN,0.05,5.0,728,0.0852501607997554,0.08200639593706245,-0.003243764862692955,False,20260911,5,1000
LN-near-degenerate,LN,0.05,5.0,729,0.07865623748551487,0.08776104710517131,0.009104809619656443,True,20260911,5,1000
LN-near-degenerate,LN,0.05,5.0,730,0.08579678440614058,0.09198697522200053,0.006190190815859947,True,20260911,5,1000
LN-near-degenerate,LN,0.05,5.0,731,0.09435692268956507,0.09172371211795301,-0.00263321057161206,False,20260911,5,1000
LN-near-degenerate,LN,0.05,5.0,732,0.07277931627021102,0.07434040220979643,0.0015610859395854132,True,20260911,5,1000
LN-near-degenerate,LN,0.05,5.0,733,0.08132303751435102,0.07965677188564922,-0.001666265628701799,False,20260911,5,1000
LN-near-degenerate,LN,0.05,5.0,734,0.07612063839726672,0.06922922707157797,-0.006891411325688754,False,20260911,5,1000
LN-near-degenerate,LN,0.05,5.0,735,0.1301130488332169,0.13857908736070448,0.00846603852748759,True,20260911,5,1000
LN-near-degenerate,LN,0.05,5.0,736,0.07899346140336623,0.07424166979741913,-0.004751791605947103,False,20260911,5,1000
LN-near-degenerate,LN,0.05,5.0,737,0.09026642130219352,0.09540148732689484,0.005135066024701318,True,20260911,5,1000
LN-near-degenerate,LN,0.05,5.0,738,0.07601009444683235,0.08348065681944483,0.007470562372612483,True,20260911,5,1000
LN-near-degenerate,LN,0.05,5.0,739,0.07373962823554452,0.08833827551541706,0.014598647279872548,True,20260911,5,1000
LN-near-degenerate,LN,0.05,5.0,740,0.09869722741962092,0.09050112862801846,-0.008196098791602463,False,20260911,5,1000
LN-near-degenerate,LN,0.05,5.0,741,0.07117501647071306,0.07202356017320868,0.0008485437024956244,True,20260911,5,1000
LN-near-degenerate,LN,0.05,5.0,742,0.06782436789399211,0.06951992030670244,0.0016955524127103272,True,20260911,5,1000
LN-near-degenerate,LN,0.05,5.0,743,0.07039112080960151,0.08187798177203691,0.011486860962435397,True,20260911,5,1000
LN-near-degenerate,LN,0.05,5.0,744,0.07807869334792426,0.08020133627036508,0.002122642922440812,True,20260911,5,1000
LN-near-degenerate,LN,0.05,5.0,745,0.07633707194978691,0.07450738715147846,-0.0018296847983084452,False,20260911,5,1000
LN-near-degenerate,LN,0.05,5.0,746,0.11950036241049654,0.14529294771913348,0.025792585308636942,True,20260911,5,1000
LN-near-degenerate,LN,0.05,5.0,747,0.08411836852505003,0.11349943912044626,0.029381070595396228,True,20260911,5,1000
LN-near-degenerate,LN,0.05,5.0,748,0.07905554132706231,0.07668939179089292,-0.0023661495361693985,False,20260911,5,1000
LN-near-degenerate,LN,0.05,5.0,749,0.08836300315869157,0.09163994805657329,0.0032769448978817173,True,20260911,5,1000
LN-near-degenerate,LN,0.05,5.0,750,0.07121733422190027,0.07377057242181556,0.002553238199915292,True,20260911,5,1000
LN-near-degenerate,LN,0.05,5.0,751,0.0867501121479542,0.0731304808747228,-0.013619631273231389,False,20260911,5,1000
LN-near-degenerate,LN,0.05,5.0,752,0.09352091238710489,0.08396771100611644,-0.009553201380988446,False,20260911,5,1000
LN-near-degenerate,LN,0.05,5.0,753,0.09696312987044364,0.10265464332546423,0.005691513455020586,True,20260911,5,1000
LN-near-degenerate,LN,0.05,5.0,754,0.08132125544701596,0.0734304332565356,-0.00789082219048036,False,20260911,5,1000
LN-near-degenerate,LN,0.05,5.0,755,0.0837521422783777,0.0741294145339963,-0.009622727744381401,False,20260911,5,1000
LN-near-degenerate,LN,0.05,5.0,756,0.0950529998966255,0.10441339787945586,0.009360397982830365,True,20260911,5,1000
LN-near-degenerate,LN,0.05,5.0,757,0.11825020468867208,0.11103255015403929,-0.007217654534632786,False,20260911,5,1000
LN-near-degenerate,LN,0.05,5.0,758,0.07269078452902397,0.10036312346769223,0.02767233893866826,True,20260911,5,1000
LN-near-degenerate,LN,0.05,5.0,759,0.07953446540114395,0.07599624278743665,-0.003538222613707301,False,20260911,5,1000
LN-near-degenerate,LN,0.05,5.0,760,0.07829241902792473,0.10777159323881881,0.029479174210894077,True,20260911,5,1000
LN-near-degenerate,LN,0.05,5.0,761,0.07526925534846622,0.07292563225404874,-0.002343623094417477,False,20260911,5,1000
LN-near-degenerate,LN,0.05,5.0,762,0.07411995250341553,0.08265559739300592,0.008535644889590382,True,20260911,5,1000
LN-near-degenerate,LN,0.05,5.0,763,0.0777519667085625,0.07652031476647662,-0.0012316519420858818,False,20260911,5,1000
LN-near-degenerate,LN,0.05,5.0,764,0.08959044954065942,0.08215516410523103,-0.007435285435428388,False,20260911,5,1000
LN-near-degenerate,LN,0.05,5.0,765,0.08531523602690926,0.0895446764358174,0.004229440408908144,True,20260911,5,1000
LN-near-degenerate,LN,0.05,5.0,766,0.08574097883428264,0.08967531101457463,0.003934332180291988,True,20260911,5,1000
LN-near-degenerate,LN,0.05,5.0,767,0.08409783116321627,0.10102483600152536,0.016927004838309084,True,20260911,5,1000
LN-near-degenerate,LN,0.05,5.0,768,0.07127767692272872,0.07134382757786577,6.615065513704277e-05,True,20260911,5,1000
LN-near-degenerate,LN,0.05,5.0,769,0.0906323113083922,0.09505327214774871,0.004420960839356516,True,20260911,5,1000
LN-near-degenerate,LN,0.05,5.0,770,0.07892101139069993,0.0750191554619499,-0.003901855928750031,False,20260911,5,1000
LN-near-degenerate,LN,0.05,5.0,771,0.07636626185157337,0.07685059200798462,0.0004843301564112501,True,20260911,5,1000
LN-near-degenerate,LN,0.05,5.0,772,0.0731751990058238,0.08967907002344198,0.016503871017618188,True,20260911,5,1000
LN-near-degenerate,LN,0.05,5.0,773,0.07494719032169775,0.07427899473108862,-0.0006681955906091275,False,20260911,5,1000
LN-near-degenerate,LN,0.05,5.0,774,0.07861156710544884,0.07844932364597204,-0.0001622434594767963,False,20260911,5,1000
LN-near-degenerate,LN,0.05,5.0,775,0.07706239209012218,0.08597631223876928,0.0089139201486471,True,20260911,5,1000
LN-near-degenerate,LN,0.05,5.0,776,0.08182541137426709,0.082923918417622,0.0010985070433549154,True,20260911,5,1000
LN-near-degenerate,LN,0.05,5.0,777,0.08822633494142385,0.08597375705343593,-0.002252577887987911,False,20260911,5,1000
LN-near-degenerate,LN,0.05,5.0,778,0.07264761271902613,0.07707575999171092,0.004428147272684785,True,20260911,5,1000
LN-near-degenerate,LN,0.05,5.0,779,0.08480133215087145,0.08025076995046168,-0.004550562200409766,False,20260911,5,1000
LN-near-degenerate,LN,0.05,5.0,780,0.07970612745320604,0.0714012398538592,-0.008304887599346847,False,20260911,5,1000
LN-near-degenerate,LN,0.05,5.0,781,0.08490607590398488,0.09335957151589336,0.008453495611908474,True,20260911,5,1000
LN-near-degenerate,LN,0.05,5.0,782,0.07900374142898381,0.08892236567101816,0.009918624242034352,True,20260911,5,1000
LN-near-degenerate,LN,0.05,5.0,783,0.07792587563933333,0.09021569748357976,0.012289821844246429,True,20260911,5,1000
LN-near-degenerate,LN,0.05,5.0,784,0.07676173818962831,0.07548233880609273,-0.0012793993835355788,False,20260911,5,1000
LN-near-degenerate,LN,0.05,5.0,785,0.08141158100773241,0.08072540278826436,-0.0006861782194680505,False,20260911,5,1000
LN-near-degenerate,LN,0.05,5.0,786,0.07925748127862557,0.08102780163405711,0.0017703203554315372,True,20260911,5,1000
LN-near-degenerate,LN,0.05,5.0,787,0.07493172107857225,0.08157011718033565,0.006638396101763394,True,20260911,5,1000
LN-near-degenerate,LN,0.05,5.0,788,0.08783434222193118,0.09528164005327912,0.00744729783134794,True,20260911,5,1000
LN-near-degenerate,LN,0.05,5.0,789,0.09396485019469304,0.09160731378211708,-0.002357536412575967,False,20260911,5,1000
LN-near-degenerate,LN,0.05,5.0,790,0.0934088177857213,0.10917527708414658,0.01576645929842528,True,20260911,5,1000
LN-near-degenerate,LN,0.05,5.0,791,0.08432808369235023,0.08570815087564386,0.001380067183293629,True,20260911,5,1000
LN-near-degenerate,LN,0.05,5.0,792,0.06997692143451636,0.07027174911714765,0.00029482768263128234,True,20260911,5,1000
LN-near-degenerate,LN,0.05,5.0,793,0.07084269705688949,0.08802976949939863,0.017187072442509138,True,20260911,5,1000
LN-near-degenerate,LN,0.05,5.0,794,0.10609660533399945,0.112970363078468,0.0068737577444685505,True,20260911,5,1000
LN-near-degenerate,LN,0.05,5.0,795,0.06859014905177008,0.06961107101787878,0.001020921966108701,True,20260911,5,1000
LN-near-degenerate,LN,0.05,5.0,796,0.07703733316437485,0.07940592799093255,0.002368594826557699,True,20260911,5,1000
LN-near-degenerate,LN,0.05,5.0,797,0.09859133731869496,0.10439226236335698,0.0058009250446620225,True,20260911,5,1000
LN-near-degenerate,LN,0.05,5.0,798,0.08481063887123327,0.08715158823311624,0.002340949361882963,True,20260911,5,1000
LN-near-degenerate,LN,0.05,5.0,799,0.08771593620715788,0.07760387546248597,-0.010112060744671914,False,20260911,5,1000
LN-near-degenerate,LN,0.05,5.0,800,0.07857176820198317,0.07436766126838044,-0.004204106933602722,False,20260911,5,1000
LN-near-degenerate,LN,0.05,5.0,801,0.08508738588282475,0.09247458336490859,0.007387197482083843,True,20260911,5,1000
LN-near-degenerate,LN,0.05,5.0,802,0.08052164951141337,0.07846477146931008,-0.002056878042103291,False,20260911,5,1000
LN-near-degenerate,LN,0.05,5.0,803,0.1037897148582422,0.11076822617093168,0.006978511312689478,True,20260911,5,1000
LN-near-degenerate,LN,0.05,5.0,804,0.08754023188545718,0.08443273185378586,-0.0031075000316713175,False,20260911,5,1000
LN-near-degenerate,LN,0.05,5.0,805,0.07794550719384857,0.07729558563194648,-0.000649921561902092,False,20260911,5,1000
LN-near-degenerate,LN,0.05,5.0,806,0.10343437260191944,0.09962094960754049,-0.003813422994378951,False,20260911,5,1000
LN-near-degenerate,LN,0.05,5.0,807,0.06971101438667994,0.07230918107925104,0.0025981666925710967,True,20260911,5,1000
LN-near-degenerate,LN,0.05,5.0,808,0.07019747236039722,0.07012789897527039,-6.957338512683653e-05,False,20260911,5,1000
LN-near-degenerate,LN,0.05,5.0,809,0.07687107033467878,0.08285984170026246,0.005988771365583678,True,20260911,5,1000
LN-near-degenerate,LN,0.05,5.0,810,0.09297682253956112,0.08996165245897099,-0.0030151700805901294,False,20260911,5,1000
LN-near-degenerate,LN,0.05,5.0,811,0.09857363082809925,0.10698739287488641,0.008413762046787163,True,20260911,5,1000
LN-near-degenerate,LN,0.05,5.0,812,0.07725471345934841,0.0880508436978813,0.010796130238532889,True,20260911,5,1000
LN-near-degenerate,LN,0.05,5.0,813,0.0710149803029694,0.07018464631308634,-0.000830333989883067,False,20260911,5,1000
LN-near-degenerate,LN,0.05,5.0,814,0.07703441156314149,0.07539390741924011,-0.0016405041439013779,False,20260911,5,1000
LN-near-degenerate,LN,0.05,5.0,815,0.10628701806731826,0.10335276279520329,-0.002934255272114966,False,20260911,5,1000
LN-near-degenerate,LN,0.05,5.0,816,0.07172409827455901,0.09689267103034387,0.02516857275578485,True,20260911,5,1000
LN-near-degenerate,LN,0.05,5.0,817,0.07689315634234561,0.08203211851871474,0.0051389621763691246,True,20260911,5,1000
LN-near-degenerate,LN,0.05,5.0,818,0.08819982813065241,0.10249801009110242,0.014298181960450004,True,20260911,5,1000
LN-near-degenerate,LN,0.05,5.0,819,0.08617043614245756,0.1044470338421135,0.018276597699655936,True,20260911,5,1000
LN-near-degenerate,LN,0.05,5.0,820,0.07169263732686598,0.09710871511622257,0.02541607778935659,True,20260911,5,1000
LN-near-degenerate,LN,0.05,5.0,821,0.10476462851727815,0.13882175841396216,0.03405712989668401,True,20260911,5,1000
LN-near-degenerate,LN,0.05,5.0,822,0.08033271677388662,0.08881187257940758,0.008479155805520958,True,20260911,5,1000
LN-near-degenerate,LN,0.05,5.0,823,0.07972079390941726,0.07758249591658054,-0.002138297992836727,False,20260911,5,1000
LN-near-degenerate,LN,0.05,5.0,824,0.07218508538232468,0.07446539559213186,0.0022803102098071792,True,20260911,5,1000
LN-near-degenerate,LN,0.05,5.0,825,0.08914098199850226,0.0840105087400001,-0.005130473258502161,False,20260911,5,1000
LN-near-degenerate,LN,0.05,5.0,826,0.10364152963602073,0.10003239849718731,-0.0036091311388334185,False,20260911,5,1000
LN-near-degenerate,LN,0.05,5.0,827,0.11737609090280272,0.11333121317072327,-0.004044877732079455,False,20260911,5,1000
LN-near-degenerate,LN,0.05,5.0,828,0.08730538722045768,0.09712674416729555,0.009821356946837875,True,20260911,5,1000
LN-near-degenerate,LN,0.05,5.0,829,0.07042803581913357,0.09874038130719831,0.028312345488064744,True,20260911,5,1000
LN-near-degenerate,LN,0.05,5.0,830,0.07319956585516241,0.07212468905815494,-0.0010748767970074624,False,20260911,5,1000
LN-near-degenerate,LN,0.05,5.0,831,0.07469384604851506,0.07460473233916885,-8.911370934620855e-05,False,20260911,5,1000
LN-near-degenerate,LN,0.05,5.0,832,0.08581764456444343,0.08734933088649241,0.0015316863220489751,True,20260911,5,1000
LN-near-degenerate,LN,0.05,5.0,833,0.07547703379356689,0.07780145104164665,0.0023244172480797604,True,20260911,5,1000
LN-near-degenerate,LN,0.05,5.0,834,0.09213877004726115,0.0937079419238509,0.0015691718765897533,True,20260911,5,1000
LN-near-degenerate,LN,0.05,5.0,835,0.07849209883961956,0.07823531401728522,-0.0002567848223343494,False,20260911,5,1000
LN-near-degenerate,LN,0.05,5.0,836,0.07946569406670302,0.07952259174675616,5.6897680053139e-05,True,20260911,5,1000
LN-near-degenerate,LN,0.05,5.0,837,0.07881689508950386,0.08306900740612407,0.004252112316620205,True,20260911,5,1000
LN-near-degenerate,LN,0.05,5.0,838,0.13114903067844108,0.1276710051106739,-0.00347802556776719,False,20260911,5,1000
LN-near-degenerate,LN,0.05,5.0,839,0.08583113715022593,0.08134475880335225,-0.004486378346873682,False,20260911,5,1000
LN-near-degenerate,LN,0.05,5.0,840,0.06628848465402788,0.09319928128661219,0.026910796632584305,True,20260911,5,1000
LN-near-degenerate,LN,0.05,5.0,841,0.12432658703851267,0.13127802566943603,0.0069514386309233595,True,20260911,5,1000
LN-near-degenerate,LN,0.05,5.0,842,0.07410047235845134,0.07393216186375992,-0.00016831049469141768,False,20260911,5,1000
LN-near-degenerate,LN,0.05,5.0,843,0.09549592839682591,0.09675867964369915,0.0012627512468732366,True,20260911,5,1000
LN-near-degenerate,LN,0.05,5.0,844,0.0735660861434747,0.08885557403710663,0.015289487893631937,True,20260911,5,1000
LN-near-degenerate,LN,0.05,5.0,845,0.08732925682340655,0.08935962104845445,0.0020303642250479037,True,20260911,5,1000
LN-near-degenerate,LN,0.05,5.0,846,0.09475774830042345,0.09163057297747669,-0.0031271753229467625,False,20260911,5,1000
LN-near-degenerate,LN,0.05,5.0,847,0.0750305891561934,0.08867618292450945,0.013645593768316047,True,20260911,5,1000
LN-near-degenerate,LN,0.05,5.0,848,0.09346002348055137,0.09645361006780351,0.0029935865872521422,True,20260911,5,1000
LN-near-degenerate,LN,0.05,5.0,849,0.07526124223734418,0.08136876996619263,0.006107527728848455,True,20260911,5,1000
LN-near-degenerate,LN,0.05,5.0,850,0.08204691125330385,0.07916076911633574,-0.0028861421369681117,False,20260911,5,1000
LN-near-degenerate,LN,0.05,5.0,851,0.07789487103515357,0.07908051711765822,0.0011856460825046544,True,20260911,5,1000
LN-near-degenerate,LN,0.05,5.0,852,0.10770539746001814,0.12498026408525154,0.017274866625233393,True,20260911,5,1000
LN-near-degenerate,LN,0.05,5.0,853,0.08188004238795385,0.07999234801437805,-0.0018876943735758045,False,20260911,5,1000
LN-near-degenerate,LN,0.05,5.0,854,0.09218812474422472,0.0890706687651094,-0.0031174559791153217,False,20260911,5,1000
LN-near-degenerate,LN,0.05,5.0,855,0.08718742493046086,0.07917555137588887,-0.008011873554571988,False,20260911,5,1000
LN-near-degenerate,LN,0.05,5.0,856,0.08817885922244621,0.09719674643581588,0.009017887213369671,True,20260911,5,1000
LN-near-degenerate,LN,0.05,5.0,857,0.08428542874348423,0.08819500251245085,0.003909573768966626,True,20260911,5,1000
LN-near-degenerate,LN,0.05,5.0,858,0.07159828786385009,0.09318919620305505,0.02159090833920496,True,20260911,5,1000
LN-near-degenerate,LN,0.05,5.0,859,0.08370743159634274,0.08441976370081736,0.0007123321044746195,True,20260911,5,1000
LN-near-degenerate,LN,0.05,5.0,860,0.0759507229741856,0.095713031360959,0.019762308386773397,True,20260911,5,1000
LN-near-degenerate,LN,0.05,5.0,861,0.10212844315633475,0.11221185217260501,0.010083409016270264,True,20260911,5,1000
LN-near-degenerate,LN,0.05,5.0,862,0.07997301614111223,0.07705541253915522,-0.002917603601957003,False,20260911,5,1000
LN-near-degenerate,LN,0.05,5.0,863,0.07116699172221129,0.07300361649395183,0.0018366247717405415,True,20260911,5,1000
LN-near-degenerate,LN,0.05,5.0,864,0.09399221163278539,0.1275270681915474,0.033534856558762025,True,20260911,5,1000
LN-near-degenerate,LN,0.05,5.0,865,0.07514501543421923,0.07442157986017221,-0.0007234355740470128,False,20260911,5,1000
LN-near-degenerate,LN,0.05,5.0,866,0.06494699645878022,0.08636628344849168,0.02141928698971146,True,20260911,5,1000
LN-near-degenerate,LN,0.05,5.0,867,0.07434565479310926,0.07463844747223893,0.0002927926791296692,True,20260911,5,1000
LN-near-degenerate,LN,0.05,5.0,868,0.12924100403444164,0.14535544050159352,0.016114436467151882,True,20260911,5,1000
LN-near-degenerate,LN,0.05,5.0,869,0.07404955931477267,0.07568553557823735,0.001635976263464678,True,20260911,5,1000
LN-near-degenerate,LN,0.05,5.0,870,0.0836022185740466,0.08076290440975889,-0.002839314164287704,False,20260911,5,1000
LN-near-degenerate,LN,0.05,5.0,871,0.07765044219688289,0.08353035929627561,0.0058799170993927286,True,20260911,5,1000
LN-near-degenerate,LN,0.05,5.0,872,0.08458652700194404,0.08667962477296867,0.002093097771024635,True,20260911,5,1000
LN-near-degenerate,LN,0.05,5.0,873,0.08964492379686007,0.08602241312904799,-0.003622510667812079,False,20260911,5,1000
LN-near-degenerate,LN,0.05,5.0,874,0.07321493003651698,0.07222112445500195,-0.000993805581515031,False,20260911,5,1000
LN-near-degenerate,LN,0.05,5.0,875,0.08482569164942845,0.07270371916778219,-0.01212197248164626,False,20260911,5,1000
LN-near-degenerate,LN,0.05,5.0,876,0.10532512299861951,0.10439913163722869,-0.0009259913613908211,False,20260911,5,1000
LN-near-degenerate,LN,0.05,5.0,877,0.09428645013244544,0.09031758048204627,-0.003968869650399165,False,20260911,5,1000
LN-near-degenerate,LN,0.05,5.0,878,0.08765422497304437,0.0829098841346194,-0.004744340838424968,False,20260911,5,1000
LN-near-degenerate,LN,0.05,5.0,879,0.06824705783510467,0.06944447500763182,0.0011974171725271515,True,20260911,5,1000
LN-near-degenerate,LN,0.05,5.0,880,0.07236734811348076,0.07115331793051204,-0.0012140301829687283,False,20260911,5,1000
LN-near-degenerate,LN,0.05,5.0,881,0.08054148242791988,0.09334132869582573,0.012799846267905854,True,20260911,5,1000
LN-near-degenerate,LN,0.05,5.0,882,0.09139558378934433,0.08954477499757794,-0.001850808791766384,False,20260911,5,1000
LN-near-degenerate,LN,0.05,5.0,883,0.0734831591904982,0.08836678030068396,0.014883621110185749,True,20260911,5,1000
LN-near-degenerate,LN,0.05,5.0,884,0.07251982931930433,0.07432834578469033,0.0018085164653860036,True,20260911,5,1000
LN-near-degenerate,LN,0.05,5.0,885,0.08468011202787361,0.08312008192114008,-0.0015600301067335287,False,20260911,5,1000
LN-near-degenerate,LN,0.05,5.0,886,0.09998944993123551,0.10675180606596557,0.006762356134730058,True,20260911,5,1000
LN-near-degenerate,LN,0.05,5.0,887,0.07304732516237333,0.07325679844480389,0.00020947328243055285,True,20260911,5,1000
LN-near-degenerate,LN,0.05,5.0,888,0.06625864231850524,0.09142115471086339,0.025162512392358144,True,20260911,5,1000
LN-near-degenerate,LN,0.05,5.0,889,0.08784136782351538,0.08607796937804639,-0.0017633984454689944,False,20260911,5,1000
LN-near-degenerate,LN,0.05,5.0,890,0.09155494970690738,0.08969319685800889,-0.0018617528488984875,False,20260911,5,1000
LN-near-degenerate,LN,0.05,5.0,891,0.07536220455853376,0.081070570914428,0.005708366355894237,True,20260911,5,1000
LN-near-degenerate,LN,0.05,5.0,892,0.08986704278155276,0.08527520507675385,-0.004591837704798915,False,20260911,5,1000
LN-near-degenerate,LN,0.05,5.0,893,0.08259305292512825,0.08907201890704483,0.006478965981916579,True,20260911,5,1000
LN-near-degenerate,LN,0.05,5.0,894,0.07855790622623318,0.0757445372111495,-0.0028133690150836804,False,20260911,5,1000
LN-near-degenerate,LN,0.05,5.0,895,0.09364671757053981,0.09097411981932521,-0.002672597751214603,False,20260911,5,1000
LN-near-degenerate,LN,0.05,5.0,896,0.0882127036854024,0.10693893677020368,0.018726233084801272,True,20260911,5,1000
LN-near-degenerate,LN,0.05,5.0,897,0.07443431967706722,0.07796349778672887,0.0035291781096616487,True,20260911,5,1000
LN-near-degenerate,LN,0.05,5.0,898,0.07873895456246782,0.08141814187263731,0.002679187310169487,True,20260911,5,1000
LN-near-degenerate,LN,0.05,5.0,899,0.07284952565488312,0.07652243036068772,0.0036729047058046,True,20260911,5,1000
LN-near-degenerate,LN,0.05,5.0,900,0.07614857909152273,0.07451295870376033,-0.001635620387762396,False,20260911,5,1000
LN-near-degenerate,LN,0.05,5.0,901,0.07186643397885047,0.07512620340043918,0.003259769421588718,True,20260911,5,1000
LN-near-degenerate,LN,0.05,5.0,902,0.07923522675392398,0.08724914394890408,0.008013917194980097,True,20260911,5,1000
LN-near-degenerate,LN,0.05,5.0,903,0.08353412947928786,0.0921088153828823,0.008574685903594448,True,20260911,5,1000
LN-near-degenerate,LN,0.05,5.0,904,0.06952708053692648,0.07052601519010564,0.0009989346531791565,True,20260911,5,1000
LN-near-degenerate,LN,0.05,5.0,905,0.06874539977593208,0.08534484105128838,0.0165994412753563,True,20260911,5,1000
LN-near-degenerate,LN,0.05,5.0,906,0.1005927385636502,0.11187805639459411,0.011285317830943914,True,20260911,5,1000
LN-near-degenerate,LN,0.05,5.0,907,0.07368569398051555,0.07952462542710892,0.005838931446593365,True,20260911,5,1000
LN-near-degenerate,LN,0.05,5.0,908,0.09618802127576474,0.09502412948076963,-0.0011638917949951116,False,20260911,5,1000
LN-near-degenerate,LN,0.05,5.0,909,0.07686781058987023,0.0737765183663683,-0.0030912922235019347,False,20260911,5,1000
LN-near-degenerate,LN,0.05,5.0,910,0.07780585975718986,0.08174842074436137,0.003942560987171509,True,20260911,5,1000
LN-near-degenerate,LN,0.05,5.0,911,0.07701745136805381,0.1058157390020798,0.02879828763402599,True,20260911,5,1000
LN-near-degenerate,LN,0.05,5.0,912,0.08342159181695834,0.08450828631530849,0.001086694498350152,True,20260911,5,1000
LN-near-degenerate,LN,0.05,5.0,913,0.08045484222181641,0.07513422716016953,-0.005320615061646883,False,20260911,5,1000
LN-near-degenerate,LN,0.05,5.0,914,0.07252313246842211,0.07295538898942747,0.00043225652100535583,True,20260911,5,1000
LN-near-degenerate,LN,0.05,5.0,915,0.10268961437665013,0.1112309157341897,0.008541301357539569,True,20260911,5,1000
LN-near-degenerate,LN,0.05,5.0,916,0.08453908872046013,0.09252538609857348,0.00798629737811335,True,20260911,5,1000
LN-near-degenerate,LN,0.05,5.0,917,0.07760068915596428,0.0777913308702105,0.000190641714246223,True,20260911,5,1000
LN-near-degenerate,LN,0.05,5.0,918,0.11913481498840764,0.11840943596331752,-0.0007253790250901226,False,20260911,5,1000
LN-near-degenerate,LN,0.05,5.0,919,0.07608771358211704,0.07956134617777508,0.003473632595658041,True,20260911,5,1000
LN-near-degenerate,LN,0.05,5.0,920,0.08036991831327958,0.09250736199967514,0.012137443686395563,True,20260911,5,1000
LN-near-degenerate,LN,0.05,5.0,921,0.08119659044752,0.08400917183431782,0.0028125813867978106,True,20260911,5,1000
LN-near-degenerate,LN,0.05,5.0,922,0.11983172201250983,0.115940492814577,-0.003891229197932833,False,20260911,5,1000
LN-near-degenerate,LN,0.05,5.0,923,0.10637863154073168,0.10179695390890724,-0.004581677631824446,False,20260911,5,1000
LN-near-degenerate,LN,0.05,5.0,924,0.06998656001292138,0.07731565596204153,0.007329095949120151,True,20260911,5,1000
LN-near-degenerate,LN,0.05,5.0,925,0.0815326577534224,0.07563204184308868,-0.005900615910333723,False,20260911,5,1000
LN-near-degenerate,LN,0.05,5.0,926,0.07938118580652477,0.075446398481032,-0.003934787325492767,False,20260911,5,1000
LN-near-degenerate,LN,0.05,5.0,927,0.09613577137117427,0.09285939927603373,-0.003276372095140534,False,20260911,5,1000
LN-near-degenerate,LN,0.05,5.0,928,0.09772905817185878,0.09445141219294678,-0.0032776459789120027,False,20260911,5,1000
LN-near-degenerate,LN,0.05,5.0,929,0.09740744608312916,0.0941630216116121,-0.003244424471517071,False,20260911,5,1000
LN-near-degenerate,LN,0.05,5.0,930,0.08579092197175972,0.08235506949263632,-0.003435852479123397,False,20260911,5,1000
LN-near-degenerate,LN,0.05,5.0,931,0.08772578662550302,0.09802857117442337,0.010302784548920349,True,20260911,5,1000
LN-near-degenerate,LN,0.05,5.0,932,0.07872405784997112,0.09621498241125216,0.01749092456128104,True,20260911,5,1000
LN-near-degenerate,LN,0.05,5.0,933,0.06860961808734076,0.06896746677971348,0.00035784869237272254,True,20260911,5,1000
LN-near-degenerate,LN,0.05,5.0,934,0.07368372870995629,0.07215398422204691,-0.0015297444879093791,False,20260911,5,1000
LN-near-degenerate,LN,0.05,5.0,935,0.0733337315360361,0.07355193154988472,0.00021820001384861842,True,20260911,5,1000
LN-near-degenerate,LN,0.05,5.0,936,0.07524479790500498,0.07785900732361732,0.0026142094186123455,True,20260911,5,1000
LN-near-degenerate,LN,0.05,5.0,937,0.08596566332993806,0.09056389152122776,0.004598228191289702,True,20260911,5,1000
LN-near-degenerate,LN,0.05,5.0,938,0.07733393974425441,0.07623111298738967,-0.0011028267568647387,False,20260911,5,1000
LN-near-degenerate,LN,0.05,5.0,939,0.09820042856684291,0.09590527668646459,-0.002295151880378321,False,20260911,5,1000
LN-near-degenerate,LN,0.05,5.0,940,0.08383836222445219,0.08165428482414729,-0.002184077400304907,False,20260911,5,1000
LN-near-degenerate,LN,0.05,5.0,941,0.06848897088315595,0.06921472673040747,0.0007257558472515274,True,20260911,5,1000
LN-near-degenerate,LN,0.05,5.0,942,0.11316921288987598,0.11140907347263154,-0.0017601394172444412,False,20260911,5,1000
LN-near-degenerate,LN,0.05,5.0,943,0.10877575093325632,0.11414133001300654,0.005365579079750216,True,20260911,5,1000
LN-near-degenerate,LN,0.05,5.0,944,0.0735763783693983,0.07228936119036394,-0.0012870171790343582,False,20260911,5,1000
LN-near-degenerate,LN,0.05,5.0,945,0.07446291197291402,0.07491171096539898,0.0004487989924849556,True,20260911,5,1000
LN-near-degenerate,LN,0.05,5.0,946,0.07492951997459746,0.07022115525835611,-0.0047083647162413506,False,20260911,5,1000
LN-near-degenerate,LN,0.05,5.0,947,0.07448667241177956,0.09900215299202565,0.024515480580246093,True,20260911,5,1000
LN-near-degenerate,LN,0.05,5.0,948,0.0793693025806797,0.09807092653831632,0.018701623957636623,True,20260911,5,1000
LN-near-degenerate,LN,0.05,5.0,949,0.07366998411130485,0.07250300057597954,-0.0011669835353253083,False,20260911,5,1000
LN-near-degenerate,LN,0.05,5.0,950,0.07885091147614123,0.07759510393237148,-0.0012558075437697491,False,20260911,5,1000
LN-near-degenerate,LN,0.05,5.0,951,0.08181429861224258,0.08068275001706009,-0.0011315485951824966,False,20260911,5,1000
LN-near-degenerate,LN,0.05,5.0,952,0.07399741983618904,0.08055859157411457,0.006561171737925531,True,20260911,5,1000
LN-near-degenerate,LN,0.05,5.0,953,0.07299990688538333,0.09375834247098039,0.020758435585597063,True,20260911,5,1000
LN-near-degenerate,LN,0.05,5.0,954,0.07199182283391428,0.0722011209184452,0.00020929808453092058,True,20260911,5,1000
LN-near-degenerate,LN,0.05,5.0,955,0.08600909029899188,0.08868166412862645,0.002672573829634567,True,20260911,5,1000
LN-near-degenerate,LN,0.05,5.0,956,0.08711768277794532,0.08356456079876363,-0.0035531219791816865,False,20260911,5,1000
LN-near-degenerate,LN,0.05,5.0,957,0.07265562377169053,0.07170822505532137,-0.0009473987163691605,False,20260911,5,1000
LN-near-degenerate,LN,0.05,5.0,958,0.09501439028708254,0.08643881656610908,-0.008575573720973464,False,20260911,5,1000
LN-near-degenerate,LN,0.05,5.0,959,0.0696574126919278,0.09303829875056298,0.023380886058635184,True,20260911,5,1000
LN-near-degenerate,LN,0.05,5.0,960,0.07013331229209067,0.09562627887501672,0.025492966582926047,True,20260911,5,1000
LN-near-degenerate,LN,0.05,5.0,961,0.07046755874449899,0.09381907060678539,0.0233515118622864,True,20260911,5,1000
LN-near-degenerate,LN,0.05,5.0,962,0.08567558734085251,0.09078713337397527,0.005111546033122763,True,20260911,5,1000
LN-near-degenerate,LN,0.05,5.0,963,0.08040325313569685,0.09520219403054939,0.014798940894852536,True,20260911,5,1000
LN-near-degenerate,LN,0.05,5.0,964,0.08089749960593601,0.08589884748863347,0.00500134788269746,True,20260911,5,1000
LN-near-degenerate,LN,0.05,5.0,965,0.09190910284978697,0.09045352244351926,-0.001455580406267712,False,20260911,5,1000
LN-near-degenerate,LN,0.05,5.0,966,0.1352668390687383,0.12922036057798075,-0.00604647849075754,False,20260911,5,1000
LN-near-degenerate,LN,0.05,5.0,967,0.07889804296825471,0.0936508076490169,0.014752764680762184,True,20260911,5,1000
LN-near-degenerate,LN,0.05,5.0,968,0.07653825963992239,0.08263789729264474,0.006099637652722353,True,20260911,5,1000
LN-near-degenerate,LN,0.05,5.0,969,0.0858224467978998,0.09198037606234899,0.006157929264449191,True,20260911,5,1000
LN-near-degenerate,LN,0.05,5.0,970,0.08061787352511422,0.08025865175102363,-0.0003592217740905901,False,20260911,5,1000
LN-near-degenerate,LN,0.05,5.0,971,0.12080044860438711,0.11402287317714901,-0.0067775754272381,False,20260911,5,1000
LN-near-degenerate,LN,0.05,5.0,972,0.10738236846100889,0.10344324647434283,-0.003939121986666058,False,20260911,5,1000
LN-near-degenerate,LN,0.05,5.0,973,0.06988721630751368,0.06916336807511717,-0.0007238482323965179,False,20260911,5,1000
LN-near-degenerate,LN,0.05,5.0,974,0.06971957623807107,0.07097513634122408,0.0012555601031530167,True,20260911,5,1000
LN-near-degenerate,LN,0.05,5.0,975,0.079927041396129,0.07289161061743654,-0.007035430778692453,False,20260911,5,1000
LN-near-degenerate,LN,0.05,5.0,976,0.11560950612477304,0.12699386547505706,0.01138435935028402,True,20260911,5,1000
LN-near-degenerate,LN,0.05,5.0,977,0.07931748669373567,0.08791443806184132,0.008596951368105649,True,20260911,5,1000
LN-near-degenerate,LN,0.05,5.0,978,0.16114292264797667,0.1726132968875371,0.011470374239560432,True,20260911,5,1000
LN-near-degenerate,LN,0.05,5.0,979,0.09483972478882771,0.09989106894731983,0.0050513441584921215,True,20260911,5,1000
LN-near-degenerate,LN,0.05,5.0,980,0.07567481426283967,0.07791264286552305,0.0022378286026833727,True,20260911,5,1000
LN-near-degenerate,LN,0.05,5.0,981,0.10703975954375963,0.10883761796241279,0.0017978584186531532,True,20260911,5,1000
LN-near-degenerate,LN,0.05,5.0,982,0.07891082026807515,0.07635331360977746,-0.002557506658297695,False,20260911,5,1000
LN-near-degenerate,LN,0.05,5.0,983,0.07601185343063337,0.07640937310622382,0.00039751967559045753,True,20260911,5,1000
LN-near-degenerate,LN,0.05,5.0,984,0.07163413046813703,0.07598871478487898,0.004354584316741947,True,20260911,5,1000
LN-near-degenerate,LN,0.05,5.0,985,0.09437704519960949,0.1020224243575249,0.007645379157915411,True,20260911,5,1000
LN-near-degenerate,LN,0.05,5.0,986,0.08033317980516895,0.08152299307351112,0.0011898132683421658,True,20260911,5,1000
LN-near-degenerate,LN,0.05,5.0,987,0.07797564184071182,0.07692064049095461,-0.0010550013497572092,False,20260911,5,1000
LN-near-degenerate,LN,0.05,5.0,988,0.08758669146167504,0.08396243690295728,-0.00362425455871776,False,20260911,5,1000
LN-near-degenerate,LN,0.05,5.0,989,0.08884469334891341,0.07880310001348428,-0.01004159333542913,False,20260911,5,1000
LN-near-degenerate,LN,0.05,5.0,990,0.09473463435796983,0.09141457048620863,-0.003320063871761203,False,20260911,5,1000
LN-near-degenerate,LN,0.05,5.0,991,0.11355696968855637,0.12321496755645407,0.0096579978678977,True,20260911,5,1000
LN-near-degenerate,LN,0.05,5.0,992,0.07123584523523423,0.08042214069714795,0.009186295461913727,True,20260911,5,1000
LN-near-degenerate,LN,0.05,5.0,993,0.0750690293382376,0.07797965398845831,0.002910624650220711,True,20260911,5,1000
LN-near-degenerate,LN,0.05,5.0,994,0.07833203397629813,0.08203528435304393,0.0037032503767457925,True,20260911,5,1000
LN-near-degenerate,LN,0.05,5.0,995,0.0804940702875373,0.09475396967636955,0.01425989938883225,True,20260911,5,1000
LN-near-degenerate,LN,0.05,5.0,996,0.08080409698829176,0.08248090318876042,0.0016768062004686585,True,20260911,5,1000
LN-near-degenerate,LN,0.05,5.0,997,0.06999084034642548,0.07103302006346146,0.0010421797170359764,True,20260911,5,1000
LN-near-degenerate,LN,0.05,5.0,998,0.0893341051407975,0.10922886972644183,0.019894764585644334,True,20260911,5,1000
LN-near-degenerate,LN,0.05,5.0,999,0.07277374242487075,0.09153581859679871,0.01876207617192796,True,20260911,5,1000
